id,code,configuration_attribute_value_code,measurement_basis_code,second_row_state_code,third_row_state_code,compartment_code,spare_wheel_state_code,tyre_repair_kit_state_code,double_floor_state_code,notes
1,cargo_context_sandero_iii_expression_ecog120_manual_boot_capacity_minimum_vda_iso3832_20260202,sandero_iii_expression_ecog120_manual_boot_capacity_minimum_vda_iso3832_20260202,vda_iso_3832,upright,,main_luggage_compartment,,,,Official brochure page 20; exact context for Minimalna pojemność bagażnika — 328 dm3 według normy ISO 3832. Empty optional fields mean not stated.
2,cargo_context_sandero_iii_expression_ecog120_manual_boot_capacity_minimum_ordinary_litre_20260202,sandero_iii_expression_ecog120_manual_boot_capacity_minimum_ordinary_litre_20260202,ordinary_litre,upright,,main_luggage_compartment,,,,Official brochure page 20; exact context for Minimalna pojemność bagażnika — 410 litrów. Empty optional fields mean not stated.
3,cargo_context_sandero_iii_expression_ecog120_manual_boot_capacity_maximum_vda_iso3832_20260202,sandero_iii_expression_ecog120_manual_boot_capacity_maximum_vda_iso3832_20260202,vda_iso_3832,folded,,source_stated_total,,,,Official brochure page 20; exact context for Maksymalna pojemność bagażnika — 1108 dm3 według normy ISO 3832. Empty optional fields mean not stated.
4,cargo_context_sandero_iii_expression_ecog120_manual_boot_capacity_maximum_ordinary_litre_20260202,sandero_iii_expression_ecog120_manual_boot_capacity_maximum_ordinary_litre_20260202,ordinary_litre,folded,,source_stated_total,,,,Official brochure page 20; exact context for Maksymalna pojemność bagażnika — 1455 litrów. Empty optional fields mean not stated.
5,cargo_context_sandero_iii_expression_ecog120_manual_boot_capacity_underfloor_vda_iso3832_20260202,sandero_iii_expression_ecog120_manual_boot_capacity_underfloor_vda_iso3832_20260202,vda_iso_3832,,,underfloor_compartment,,,,Official brochure page 20; exact context for Pojemność schowka pod podłogą — 78 dm3 według normy ISO 3832. Empty optional fields mean not stated.
6,cargo_context_sandero_iii_journey_ecog120_manual_boot_capacity_minimum_vda_iso3832_20260202,sandero_iii_journey_ecog120_manual_boot_capacity_minimum_vda_iso3832_20260202,vda_iso_3832,upright,,main_luggage_compartment,,,,Official brochure page 20; exact context for Minimalna pojemność bagażnika — 328 dm3 według normy ISO 3832. Empty optional fields mean not stated.
7,cargo_context_sandero_iii_journey_ecog120_manual_boot_capacity_minimum_ordinary_litre_20260202,sandero_iii_journey_ecog120_manual_boot_capacity_minimum_ordinary_litre_20260202,ordinary_litre,upright,,main_luggage_compartment,,,,Official brochure page 20; exact context for Minimalna pojemność bagażnika — 410 litrów. Empty optional fields mean not stated.
8,cargo_context_sandero_iii_journey_ecog120_manual_boot_capacity_maximum_vda_iso3832_20260202,sandero_iii_journey_ecog120_manual_boot_capacity_maximum_vda_iso3832_20260202,vda_iso_3832,folded,,source_stated_total,,,,Official brochure page 20; exact context for Maksymalna pojemność bagażnika — 1108 dm3 według normy ISO 3832. Empty optional fields mean not stated.
9,cargo_context_sandero_iii_journey_ecog120_manual_boot_capacity_maximum_ordinary_litre_20260202,sandero_iii_journey_ecog120_manual_boot_capacity_maximum_ordinary_litre_20260202,ordinary_litre,folded,,source_stated_total,,,,Official brochure page 20; exact context for Maksymalna pojemność bagażnika — 1455 litrów. Empty optional fields mean not stated.
10,cargo_context_sandero_iii_journey_ecog120_manual_boot_capacity_underfloor_vda_iso3832_20260202,sandero_iii_journey_ecog120_manual_boot_capacity_underfloor_vda_iso3832_20260202,vda_iso_3832,,,underfloor_compartment,,,,Official brochure page 20; exact context for Pojemność schowka pod podłogą — 78 dm3 według normy ISO 3832. Empty optional fields mean not stated.
11,cargo_context_sandero_iii_expression_ecog120_automatic_boot_capacity_minimum_vda_iso3832_20260202,sandero_iii_expression_ecog120_automatic_boot_capacity_minimum_vda_iso3832_20260202,vda_iso_3832,upright,,main_luggage_compartment,,,,Official brochure page 20; exact context for Minimalna pojemność bagażnika — 328 dm3 według normy ISO 3832. Empty optional fields mean not stated.
12,cargo_context_sandero_iii_expression_ecog120_automatic_boot_capacity_minimum_ordinary_litre_20260202,sandero_iii_expression_ecog120_automatic_boot_capacity_minimum_ordinary_litre_20260202,ordinary_litre,upright,,main_luggage_compartment,,,,Official brochure page 20; exact context for Minimalna pojemność bagażnika — 410 litrów. Empty optional fields mean not stated.
13,cargo_context_sandero_iii_expression_ecog120_automatic_boot_capacity_maximum_vda_iso3832_20260202,sandero_iii_expression_ecog120_automatic_boot_capacity_maximum_vda_iso3832_20260202,vda_iso_3832,folded,,source_stated_total,,,,Official brochure page 20; exact context for Maksymalna pojemność bagażnika — 1108 dm3 według normy ISO 3832. Empty optional fields mean not stated.
14,cargo_context_sandero_iii_expression_ecog120_automatic_boot_capacity_maximum_ordinary_litre_20260202,sandero_iii_expression_ecog120_automatic_boot_capacity_maximum_ordinary_litre_20260202,ordinary_litre,folded,,source_stated_total,,,,Official brochure page 20; exact context for Maksymalna pojemność bagażnika — 1455 litrów. Empty optional fields mean not stated.
15,cargo_context_sandero_iii_expression_ecog120_automatic_boot_capacity_underfloor_vda_iso3832_20260202,sandero_iii_expression_ecog120_automatic_boot_capacity_underfloor_vda_iso3832_20260202,vda_iso_3832,,,underfloor_compartment,,,,Official brochure page 20; exact context for Pojemność schowka pod podłogą — 78 dm3 według normy ISO 3832. Empty optional fields mean not stated.
16,cargo_context_sandero_iii_journey_ecog120_automatic_boot_capacity_minimum_vda_iso3832_20260202,sandero_iii_journey_ecog120_automatic_boot_capacity_minimum_vda_iso3832_20260202,vda_iso_3832,upright,,main_luggage_compartment,,,,Official brochure page 20; exact context for Minimalna pojemność bagażnika — 328 dm3 według normy ISO 3832. Empty optional fields mean not stated.
17,cargo_context_sandero_iii_journey_ecog120_automatic_boot_capacity_minimum_ordinary_litre_20260202,sandero_iii_journey_ecog120_automatic_boot_capacity_minimum_ordinary_litre_20260202,ordinary_litre,upright,,main_luggage_compartment,,,,Official brochure page 20; exact context for Minimalna pojemność bagażnika — 410 litrów. Empty optional fields mean not stated.
18,cargo_context_sandero_iii_journey_ecog120_automatic_boot_capacity_maximum_vda_iso3832_20260202,sandero_iii_journey_ecog120_automatic_boot_capacity_maximum_vda_iso3832_20260202,vda_iso_3832,folded,,source_stated_total,,,,Official brochure page 20; exact context for Maksymalna pojemność bagażnika — 1108 dm3 według normy ISO 3832. Empty optional fields mean not stated.
19,cargo_context_sandero_iii_journey_ecog120_automatic_boot_capacity_maximum_ordinary_litre_20260202,sandero_iii_journey_ecog120_automatic_boot_capacity_maximum_ordinary_litre_20260202,ordinary_litre,folded,,source_stated_total,,,,Official brochure page 20; exact context for Maksymalna pojemność bagażnika — 1455 litrów. Empty optional fields mean not stated.
20,cargo_context_sandero_iii_journey_ecog120_automatic_boot_capacity_underfloor_vda_iso3832_20260202,sandero_iii_journey_ecog120_automatic_boot_capacity_underfloor_vda_iso3832_20260202,vda_iso_3832,,,underfloor_compartment,,,,Official brochure page 20; exact context for Pojemność schowka pod podłogą — 78 dm3 według normy ISO 3832. Empty optional fields mean not stated.
21,cargo_context_sandero_stepway_iii_essential_ecog120_manual_boot_capacity_minimum_vda_iso3832_20260202,sandero_stepway_iii_essential_ecog120_manual_boot_capacity_minimum_vda_iso3832_20260202,vda_iso_3832,upright,,main_luggage_compartment,,,,Official brochure page 20; exact context for Minimalna pojemność bagażnika — 328 dm3 według normy ISO 3832. Empty optional fields mean not stated.
22,cargo_context_sandero_stepway_iii_essential_ecog120_manual_boot_capacity_minimum_ordinary_litre_20260202,sandero_stepway_iii_essential_ecog120_manual_boot_capacity_minimum_ordinary_litre_20260202,ordinary_litre,upright,,main_luggage_compartment,,,,Official brochure page 20; exact context for Minimalna pojemność bagażnika — 410 litrów. Empty optional fields mean not stated.
23,cargo_context_sandero_stepway_iii_essential_ecog120_manual_boot_capacity_maximum_vda_iso3832_20260202,sandero_stepway_iii_essential_ecog120_manual_boot_capacity_maximum_vda_iso3832_20260202,vda_iso_3832,folded,,source_stated_total,,,,Official brochure page 20; exact context for Maksymalna pojemność bagażnika — 1108 dm3 według normy ISO 3832. Empty optional fields mean not stated.
24,cargo_context_sandero_stepway_iii_essential_ecog120_manual_boot_capacity_maximum_ordinary_litre_20260202,sandero_stepway_iii_essential_ecog120_manual_boot_capacity_maximum_ordinary_litre_20260202,ordinary_litre,folded,,source_stated_total,,,,Official brochure page 20; exact context for Maksymalna pojemność bagażnika — 1455 litrów. Empty optional fields mean not stated.
25,cargo_context_sandero_stepway_iii_essential_ecog120_manual_boot_capacity_underfloor_vda_iso3832_20260202,sandero_stepway_iii_essential_ecog120_manual_boot_capacity_underfloor_vda_iso3832_20260202,vda_iso_3832,,,underfloor_compartment,,,,Official brochure page 20; exact context for Pojemność schowka pod podłogą — 78 dm3 według normy ISO 3832. Empty optional fields mean not stated.
26,cargo_context_sandero_stepway_iii_expression_ecog120_manual_boot_capacity_minimum_vda_iso3832_20260202,sandero_stepway_iii_expression_ecog120_manual_boot_capacity_minimum_vda_iso3832_20260202,vda_iso_3832,upright,,main_luggage_compartment,,,,Official brochure page 20; exact context for Minimalna pojemność bagażnika — 328 dm3 według normy ISO 3832. Empty optional fields mean not stated.
27,cargo_context_sandero_stepway_iii_expression_ecog120_manual_boot_capacity_minimum_ordinary_litre_20260202,sandero_stepway_iii_expression_ecog120_manual_boot_capacity_minimum_ordinary_litre_20260202,ordinary_litre,upright,,main_luggage_compartment,,,,Official brochure page 20; exact context for Minimalna pojemność bagażnika — 410 litrów. Empty optional fields mean not stated.
28,cargo_context_sandero_stepway_iii_expression_ecog120_manual_boot_capacity_maximum_vda_iso3832_20260202,sandero_stepway_iii_expression_ecog120_manual_boot_capacity_maximum_vda_iso3832_20260202,vda_iso_3832,folded,,source_stated_total,,,,Official brochure page 20; exact context for Maksymalna pojemność bagażnika — 1108 dm3 według normy ISO 3832. Empty optional fields mean not stated.
29,cargo_context_sandero_stepway_iii_expression_ecog120_manual_boot_capacity_maximum_ordinary_litre_20260202,sandero_stepway_iii_expression_ecog120_manual_boot_capacity_maximum_ordinary_litre_20260202,ordinary_litre,folded,,source_stated_total,,,,Official brochure page 20; exact context for Maksymalna pojemność bagażnika — 1455 litrów. Empty optional fields mean not stated.
30,cargo_context_sandero_stepway_iii_expression_ecog120_manual_boot_capacity_underfloor_vda_iso3832_20260202,sandero_stepway_iii_expression_ecog120_manual_boot_capacity_underfloor_vda_iso3832_20260202,vda_iso_3832,,,underfloor_compartment,,,,Official brochure page 20; exact context for Pojemność schowka pod podłogą — 78 dm3 według normy ISO 3832. Empty optional fields mean not stated.
31,cargo_context_sandero_stepway_iii_expression_ecog120_automatic_boot_capacity_minimum_vda_iso3832_20260202,sandero_stepway_iii_expression_ecog120_automatic_boot_capacity_minimum_vda_iso3832_20260202,vda_iso_3832,upright,,main_luggage_compartment,,,,Official brochure page 20; exact context for Minimalna pojemność bagażnika — 328 dm3 według normy ISO 3832. Empty optional fields mean not stated.
32,cargo_context_sandero_stepway_iii_expression_ecog120_automatic_boot_capacity_minimum_ordinary_litre_20260202,sandero_stepway_iii_expression_ecog120_automatic_boot_capacity_minimum_ordinary_litre_20260202,ordinary_litre,upright,,main_luggage_compartment,,,,Official brochure page 20; exact context for Minimalna pojemność bagażnika — 410 litrów. Empty optional fields mean not stated.
33,cargo_context_sandero_stepway_iii_expression_ecog120_automatic_boot_capacity_maximum_vda_iso3832_20260202,sandero_stepway_iii_expression_ecog120_automatic_boot_capacity_maximum_vda_iso3832_20260202,vda_iso_3832,folded,,source_stated_total,,,,Official brochure page 20; exact context for Maksymalna pojemność bagażnika — 1108 dm3 według normy ISO 3832. Empty optional fields mean not stated.
34,cargo_context_sandero_stepway_iii_expression_ecog120_automatic_boot_capacity_maximum_ordinary_litre_20260202,sandero_stepway_iii_expression_ecog120_automatic_boot_capacity_maximum_ordinary_litre_20260202,ordinary_litre,folded,,source_stated_total,,,,Official brochure page 20; exact context for Maksymalna pojemność bagażnika — 1455 litrów. Empty optional fields mean not stated.
35,cargo_context_sandero_stepway_iii_expression_ecog120_automatic_boot_capacity_underfloor_vda_iso3832_20260202,sandero_stepway_iii_expression_ecog120_automatic_boot_capacity_underfloor_vda_iso3832_20260202,vda_iso_3832,,,underfloor_compartment,,,,Official brochure page 20; exact context for Pojemność schowka pod podłogą — 78 dm3 według normy ISO 3832. Empty optional fields mean not stated.
36,cargo_context_sandero_stepway_iii_extreme_ecog120_manual_boot_capacity_minimum_vda_iso3832_20260202,sandero_stepway_iii_extreme_ecog120_manual_boot_capacity_minimum_vda_iso3832_20260202,vda_iso_3832,upright,,main_luggage_compartment,,,,Official brochure page 20; exact context for Minimalna pojemność bagażnika — 328 dm3 według normy ISO 3832. Empty optional fields mean not stated.
37,cargo_context_sandero_stepway_iii_extreme_ecog120_manual_boot_capacity_minimum_ordinary_litre_20260202,sandero_stepway_iii_extreme_ecog120_manual_boot_capacity_minimum_ordinary_litre_20260202,ordinary_litre,upright,,main_luggage_compartment,,,,Official brochure page 20; exact context for Minimalna pojemność bagażnika — 410 litrów. Empty optional fields mean not stated.
38,cargo_context_sandero_stepway_iii_extreme_ecog120_manual_boot_capacity_maximum_vda_iso3832_20260202,sandero_stepway_iii_extreme_ecog120_manual_boot_capacity_maximum_vda_iso3832_20260202,vda_iso_3832,folded,,source_stated_total,,,,Official brochure page 20; exact context for Maksymalna pojemność bagażnika — 1108 dm3 według normy ISO 3832. Empty optional fields mean not stated.
39,cargo_context_sandero_stepway_iii_extreme_ecog120_manual_boot_capacity_maximum_ordinary_litre_20260202,sandero_stepway_iii_extreme_ecog120_manual_boot_capacity_maximum_ordinary_litre_20260202,ordinary_litre,folded,,source_stated_total,,,,Official brochure page 20; exact context for Maksymalna pojemność bagażnika — 1455 litrów. Empty optional fields mean not stated.
40,cargo_context_sandero_stepway_iii_extreme_ecog120_manual_boot_capacity_underfloor_vda_iso3832_20260202,sandero_stepway_iii_extreme_ecog120_manual_boot_capacity_underfloor_vda_iso3832_20260202,vda_iso_3832,,,underfloor_compartment,,,,Official brochure page 20; exact context for Pojemność schowka pod podłogą — 78 dm3 według normy ISO 3832. Empty optional fields mean not stated.
41,cargo_context_sandero_stepway_iii_extreme_ecog120_automatic_boot_capacity_minimum_vda_iso3832_20260202,sandero_stepway_iii_extreme_ecog120_automatic_boot_capacity_minimum_vda_iso3832_20260202,vda_iso_3832,upright,,main_luggage_compartment,,,,Official brochure page 20; exact context for Minimalna pojemność bagażnika — 328 dm3 według normy ISO 3832. Empty optional fields mean not stated.
42,cargo_context_sandero_stepway_iii_extreme_ecog120_automatic_boot_capacity_minimum_ordinary_litre_20260202,sandero_stepway_iii_extreme_ecog120_automatic_boot_capacity_minimum_ordinary_litre_20260202,ordinary_litre,upright,,main_luggage_compartment,,,,Official brochure page 20; exact context for Minimalna pojemność bagażnika — 410 litrów. Empty optional fields mean not stated.
43,cargo_context_sandero_stepway_iii_extreme_ecog120_automatic_boot_capacity_maximum_vda_iso3832_20260202,sandero_stepway_iii_extreme_ecog120_automatic_boot_capacity_maximum_vda_iso3832_20260202,vda_iso_3832,folded,,source_stated_total,,,,Official brochure page 20; exact context for Maksymalna pojemność bagażnika — 1108 dm3 według normy ISO 3832. Empty optional fields mean not stated.
44,cargo_context_sandero_stepway_iii_extreme_ecog120_automatic_boot_capacity_maximum_ordinary_litre_20260202,sandero_stepway_iii_extreme_ecog120_automatic_boot_capacity_maximum_ordinary_litre_20260202,ordinary_litre,folded,,source_stated_total,,,,Official brochure page 20; exact context for Maksymalna pojemność bagażnika — 1455 litrów. Empty optional fields mean not stated.
45,cargo_context_sandero_stepway_iii_extreme_ecog120_automatic_boot_capacity_underfloor_vda_iso3832_20260202,sandero_stepway_iii_extreme_ecog120_automatic_boot_capacity_underfloor_vda_iso3832_20260202,vda_iso_3832,,,underfloor_compartment,,,,Official brochure page 20; exact context for Pojemność schowka pod podłogą — 78 dm3 według normy ISO 3832. Empty optional fields mean not stated.
46,cargo_context_jogger_essential_5seat_ecog120_manual_boot_capacity_five_seat_minimum_vda_iso3832_20251217,jogger_essential_5seat_ecog120_manual_boot_capacity_five_seat_minimum_vda_iso3832_20251217,vda_iso_3832,upright,,main_luggage_compartment,,,,Official Jogger brochure page 22; exact context for Minimalna pojemność bagażnika wersji 5-miejscowej — 708 dm3 według normy ISO 3832. Empty optional fields mean not stated.
47,cargo_context_jogger_essential_5seat_ecog120_manual_boot_capacity_five_seat_minimum_ordinary_litre_20251217,jogger_essential_5seat_ecog120_manual_boot_capacity_five_seat_minimum_ordinary_litre_20251217,ordinary_litre,upright,,main_luggage_compartment,,,,Official Jogger brochure page 22; exact context for Minimalna pojemność bagażnika wersji 5-miejscowej — 829 litrów. Empty optional fields mean not stated.
48,cargo_context_jogger_essential_5seat_ecog120_manual_boot_capacity_five_seat_maximum_vda_iso3832_20251217,jogger_essential_5seat_ecog120_manual_boot_capacity_five_seat_maximum_vda_iso3832_20251217,vda_iso_3832,folded,,source_stated_total,,,,Official Jogger brochure page 22; exact context for Maksymalna pojemność bagażnika wersji 5-miejscowej — 1819 dm3 według normy ISO 3832. Empty optional fields mean not stated.
49,cargo_context_jogger_essential_5seat_ecog120_manual_boot_capacity_five_seat_maximum_ordinary_litre_20251217,jogger_essential_5seat_ecog120_manual_boot_capacity_five_seat_maximum_ordinary_litre_20251217,ordinary_litre,folded,,source_stated_total,,,,Official Jogger brochure page 22; exact context for Maksymalna pojemność bagażnika wersji 5-miejscowej — 2094 litry. Empty optional fields mean not stated.
50,cargo_context_jogger_expression_5seat_ecog120_manual_boot_capacity_five_seat_minimum_vda_iso3832_20251217,jogger_expression_5seat_ecog120_manual_boot_capacity_five_seat_minimum_vda_iso3832_20251217,vda_iso_3832,upright,,main_luggage_compartment,,,,Official Jogger brochure page 22; exact context for Minimalna pojemność bagażnika wersji 5-miejscowej — 708 dm3 według normy ISO 3832. Empty optional fields mean not stated.
51,cargo_context_jogger_expression_5seat_ecog120_manual_boot_capacity_five_seat_minimum_ordinary_litre_20251217,jogger_expression_5seat_ecog120_manual_boot_capacity_five_seat_minimum_ordinary_litre_20251217,ordinary_litre,upright,,main_luggage_compartment,,,,Official Jogger brochure page 22; exact context for Minimalna pojemność bagażnika wersji 5-miejscowej — 829 litrów. Empty optional fields mean not stated.
52,cargo_context_jogger_expression_5seat_ecog120_manual_boot_capacity_five_seat_maximum_vda_iso3832_20251217,jogger_expression_5seat_ecog120_manual_boot_capacity_five_seat_maximum_vda_iso3832_20251217,vda_iso_3832,folded,,source_stated_total,,,,Official Jogger brochure page 22; exact context for Maksymalna pojemność bagażnika wersji 5-miejscowej — 1819 dm3 według normy ISO 3832. Empty optional fields mean not stated.
53,cargo_context_jogger_expression_5seat_ecog120_manual_boot_capacity_five_seat_maximum_ordinary_litre_20251217,jogger_expression_5seat_ecog120_manual_boot_capacity_five_seat_maximum_ordinary_litre_20251217,ordinary_litre,folded,,source_stated_total,,,,Official Jogger brochure page 22; exact context for Maksymalna pojemność bagażnika wersji 5-miejscowej — 2094 litry. Empty optional fields mean not stated.
54,cargo_context_jogger_extreme_5seat_ecog120_manual_boot_capacity_five_seat_minimum_vda_iso3832_20251217,jogger_extreme_5seat_ecog120_manual_boot_capacity_five_seat_minimum_vda_iso3832_20251217,vda_iso_3832,upright,,main_luggage_compartment,,,,Official Jogger brochure page 22; exact context for Minimalna pojemność bagażnika wersji 5-miejscowej — 708 dm3 według normy ISO 3832. Empty optional fields mean not stated.
55,cargo_context_jogger_extreme_5seat_ecog120_manual_boot_capacity_five_seat_minimum_ordinary_litre_20251217,jogger_extreme_5seat_ecog120_manual_boot_capacity_five_seat_minimum_ordinary_litre_20251217,ordinary_litre,upright,,main_luggage_compartment,,,,Official Jogger brochure page 22; exact context for Minimalna pojemność bagażnika wersji 5-miejscowej — 829 litrów. Empty optional fields mean not stated.
56,cargo_context_jogger_extreme_5seat_ecog120_manual_boot_capacity_five_seat_maximum_vda_iso3832_20251217,jogger_extreme_5seat_ecog120_manual_boot_capacity_five_seat_maximum_vda_iso3832_20251217,vda_iso_3832,folded,,source_stated_total,,,,Official Jogger brochure page 22; exact context for Maksymalna pojemność bagażnika wersji 5-miejscowej — 1819 dm3 według normy ISO 3832. Empty optional fields mean not stated.
57,cargo_context_jogger_extreme_5seat_ecog120_manual_boot_capacity_five_seat_maximum_ordinary_litre_20251217,jogger_extreme_5seat_ecog120_manual_boot_capacity_five_seat_maximum_ordinary_litre_20251217,ordinary_litre,folded,,source_stated_total,,,,Official Jogger brochure page 22; exact context for Maksymalna pojemność bagażnika wersji 5-miejscowej — 2094 litry. Empty optional fields mean not stated.
58,cargo_context_jogger_extreme_5seat_ecog120_automatic_boot_capacity_five_seat_minimum_vda_iso3832_20251217,jogger_extreme_5seat_ecog120_automatic_boot_capacity_five_seat_minimum_vda_iso3832_20251217,vda_iso_3832,upright,,main_luggage_compartment,,,,Official Jogger brochure page 22; exact context for Minimalna pojemność bagażnika wersji 5-miejscowej — 708 dm3 według normy ISO 3832. Empty optional fields mean not stated.
59,cargo_context_jogger_extreme_5seat_ecog120_automatic_boot_capacity_five_seat_minimum_ordinary_litre_20251217,jogger_extreme_5seat_ecog120_automatic_boot_capacity_five_seat_minimum_ordinary_litre_20251217,ordinary_litre,upright,,main_luggage_compartment,,,,Official Jogger brochure page 22; exact context for Minimalna pojemność bagażnika wersji 5-miejscowej — 829 litrów. Empty optional fields mean not stated.
60,cargo_context_jogger_extreme_5seat_ecog120_automatic_boot_capacity_five_seat_maximum_vda_iso3832_20251217,jogger_extreme_5seat_ecog120_automatic_boot_capacity_five_seat_maximum_vda_iso3832_20251217,vda_iso_3832,folded,,source_stated_total,,,,Official Jogger brochure page 22; exact context for Maksymalna pojemność bagażnika wersji 5-miejscowej — 1819 dm3 według normy ISO 3832. Empty optional fields mean not stated.
61,cargo_context_jogger_extreme_5seat_ecog120_automatic_boot_capacity_five_seat_maximum_ordinary_litre_20251217,jogger_extreme_5seat_ecog120_automatic_boot_capacity_five_seat_maximum_ordinary_litre_20251217,ordinary_litre,folded,,source_stated_total,,,,Official Jogger brochure page 22; exact context for Maksymalna pojemność bagażnika wersji 5-miejscowej — 2094 litry. Empty optional fields mean not stated.
62,cargo_context_jogger_journey_5seat_ecog120_automatic_boot_capacity_five_seat_minimum_vda_iso3832_20251217,jogger_journey_5seat_ecog120_automatic_boot_capacity_five_seat_minimum_vda_iso3832_20251217,vda_iso_3832,upright,,main_luggage_compartment,,,,Official Jogger brochure page 22; exact context for Minimalna pojemność bagażnika wersji 5-miejscowej — 708 dm3 według normy ISO 3832. Empty optional fields mean not stated.
63,cargo_context_jogger_journey_5seat_ecog120_automatic_boot_capacity_five_seat_minimum_ordinary_litre_20251217,jogger_journey_5seat_ecog120_automatic_boot_capacity_five_seat_minimum_ordinary_litre_20251217,ordinary_litre,upright,,main_luggage_compartment,,,,Official Jogger brochure page 22; exact context for Minimalna pojemność bagażnika wersji 5-miejscowej — 829 litrów. Empty optional fields mean not stated.
64,cargo_context_jogger_journey_5seat_ecog120_automatic_boot_capacity_five_seat_maximum_vda_iso3832_20251217,jogger_journey_5seat_ecog120_automatic_boot_capacity_five_seat_maximum_vda_iso3832_20251217,vda_iso_3832,folded,,source_stated_total,,,,Official Jogger brochure page 22; exact context for Maksymalna pojemność bagażnika wersji 5-miejscowej — 1819 dm3 według normy ISO 3832. Empty optional fields mean not stated.
65,cargo_context_jogger_journey_5seat_ecog120_automatic_boot_capacity_five_seat_maximum_ordinary_litre_20251217,jogger_journey_5seat_ecog120_automatic_boot_capacity_five_seat_maximum_ordinary_litre_20251217,ordinary_litre,folded,,source_stated_total,,,,Official Jogger brochure page 22; exact context for Maksymalna pojemność bagażnika wersji 5-miejscowej — 2094 litry. Empty optional fields mean not stated.
66,cargo_context_jogger_expression_5seat_tce110_manual_boot_capacity_five_seat_minimum_vda_iso3832_20251217,jogger_expression_5seat_tce110_manual_boot_capacity_five_seat_minimum_vda_iso3832_20251217,vda_iso_3832,upright,,main_luggage_compartment,,,,Official Jogger brochure page 22; exact context for Minimalna pojemność bagażnika wersji 5-miejscowej — 708 dm3 według normy ISO 3832. Empty optional fields mean not stated.
67,cargo_context_jogger_expression_5seat_tce110_manual_boot_capacity_five_seat_minimum_ordinary_litre_20251217,jogger_expression_5seat_tce110_manual_boot_capacity_five_seat_minimum_ordinary_litre_20251217,ordinary_litre,upright,,main_luggage_compartment,,,,Official Jogger brochure page 22; exact context for Minimalna pojemność bagażnika wersji 5-miejscowej — 829 litrów. Empty optional fields mean not stated.
68,cargo_context_jogger_expression_5seat_tce110_manual_boot_capacity_five_seat_maximum_vda_iso3832_20251217,jogger_expression_5seat_tce110_manual_boot_capacity_five_seat_maximum_vda_iso3832_20251217,vda_iso_3832,folded,,source_stated_total,,,,Official Jogger brochure page 22; exact context for Maksymalna pojemność bagażnika wersji 5-miejscowej — 1819 dm3 według normy ISO 3832. Empty optional fields mean not stated.
69,cargo_context_jogger_expression_5seat_tce110_manual_boot_capacity_five_seat_maximum_ordinary_litre_20251217,jogger_expression_5seat_tce110_manual_boot_capacity_five_seat_maximum_ordinary_litre_20251217,ordinary_litre,folded,,source_stated_total,,,,Official Jogger brochure page 22; exact context for Maksymalna pojemność bagażnika wersji 5-miejscowej — 2094 litry. Empty optional fields mean not stated.
70,cargo_context_jogger_extreme_5seat_tce110_manual_boot_capacity_five_seat_minimum_vda_iso3832_20251217,jogger_extreme_5seat_tce110_manual_boot_capacity_five_seat_minimum_vda_iso3832_20251217,vda_iso_3832,upright,,main_luggage_compartment,,,,Official Jogger brochure page 22; exact context for Minimalna pojemność bagażnika wersji 5-miejscowej — 708 dm3 według normy ISO 3832. Empty optional fields mean not stated.
71,cargo_context_jogger_extreme_5seat_tce110_manual_boot_capacity_five_seat_minimum_ordinary_litre_20251217,jogger_extreme_5seat_tce110_manual_boot_capacity_five_seat_minimum_ordinary_litre_20251217,ordinary_litre,upright,,main_luggage_compartment,,,,Official Jogger brochure page 22; exact context for Minimalna pojemność bagażnika wersji 5-miejscowej — 829 litrów. Empty optional fields mean not stated.
72,cargo_context_jogger_extreme_5seat_tce110_manual_boot_capacity_five_seat_maximum_vda_iso3832_20251217,jogger_extreme_5seat_tce110_manual_boot_capacity_five_seat_maximum_vda_iso3832_20251217,vda_iso_3832,folded,,source_stated_total,,,,Official Jogger brochure page 22; exact context for Maksymalna pojemność bagażnika wersji 5-miejscowej — 1819 dm3 według normy ISO 3832. Empty optional fields mean not stated.
73,cargo_context_jogger_extreme_5seat_tce110_manual_boot_capacity_five_seat_maximum_ordinary_litre_20251217,jogger_extreme_5seat_tce110_manual_boot_capacity_five_seat_maximum_ordinary_litre_20251217,ordinary_litre,folded,,source_stated_total,,,,Official Jogger brochure page 22; exact context for Maksymalna pojemność bagażnika wersji 5-miejscowej — 2094 litry. Empty optional fields mean not stated.
74,cargo_context_jogger_journey_5seat_tce110_manual_boot_capacity_five_seat_minimum_vda_iso3832_20251217,jogger_journey_5seat_tce110_manual_boot_capacity_five_seat_minimum_vda_iso3832_20251217,vda_iso_3832,upright,,main_luggage_compartment,,,,Official Jogger brochure page 22; exact context for Minimalna pojemność bagażnika wersji 5-miejscowej — 708 dm3 według normy ISO 3832. Empty optional fields mean not stated.
75,cargo_context_jogger_journey_5seat_tce110_manual_boot_capacity_five_seat_minimum_ordinary_litre_20251217,jogger_journey_5seat_tce110_manual_boot_capacity_five_seat_minimum_ordinary_litre_20251217,ordinary_litre,upright,,main_luggage_compartment,,,,Official Jogger brochure page 22; exact context for Minimalna pojemność bagażnika wersji 5-miejscowej — 829 litrów. Empty optional fields mean not stated.
76,cargo_context_jogger_journey_5seat_tce110_manual_boot_capacity_five_seat_maximum_vda_iso3832_20251217,jogger_journey_5seat_tce110_manual_boot_capacity_five_seat_maximum_vda_iso3832_20251217,vda_iso_3832,folded,,source_stated_total,,,,Official Jogger brochure page 22; exact context for Maksymalna pojemność bagażnika wersji 5-miejscowej — 1819 dm3 według normy ISO 3832. Empty optional fields mean not stated.
77,cargo_context_jogger_journey_5seat_tce110_manual_boot_capacity_five_seat_maximum_ordinary_litre_20251217,jogger_journey_5seat_tce110_manual_boot_capacity_five_seat_maximum_ordinary_litre_20251217,ordinary_litre,folded,,source_stated_total,,,,Official Jogger brochure page 22; exact context for Maksymalna pojemność bagażnika wersji 5-miejscowej — 2094 litry. Empty optional fields mean not stated.
78,cargo_context_jogger_expression_5seat_hybrid155_automatic_boot_capacity_five_seat_minimum_vda_iso3832_20251217,jogger_expression_5seat_hybrid155_automatic_boot_capacity_five_seat_minimum_vda_iso3832_20251217,vda_iso_3832,upright,,main_luggage_compartment,,,,Official Jogger brochure page 22; exact context for Minimalna pojemność bagażnika wersji 5-miejscowej — 708 dm3 według normy ISO 3832. Empty optional fields mean not stated.
79,cargo_context_jogger_expression_5seat_hybrid155_automatic_boot_capacity_five_seat_minimum_ordinary_litre_20251217,jogger_expression_5seat_hybrid155_automatic_boot_capacity_five_seat_minimum_ordinary_litre_20251217,ordinary_litre,upright,,main_luggage_compartment,,,,Official Jogger brochure page 22; exact context for Minimalna pojemność bagażnika wersji 5-miejscowej — 829 litrów. Empty optional fields mean not stated.
80,cargo_context_jogger_expression_5seat_hybrid155_automatic_boot_capacity_five_seat_maximum_vda_iso3832_20251217,jogger_expression_5seat_hybrid155_automatic_boot_capacity_five_seat_maximum_vda_iso3832_20251217,vda_iso_3832,folded,,source_stated_total,,,,Official Jogger brochure page 22; exact context for Maksymalna pojemność bagażnika wersji 5-miejscowej — 1819 dm3 według normy ISO 3832. Empty optional fields mean not stated.
81,cargo_context_jogger_expression_5seat_hybrid155_automatic_boot_capacity_five_seat_maximum_ordinary_litre_20251217,jogger_expression_5seat_hybrid155_automatic_boot_capacity_five_seat_maximum_ordinary_litre_20251217,ordinary_litre,folded,,source_stated_total,,,,Official Jogger brochure page 22; exact context for Maksymalna pojemność bagażnika wersji 5-miejscowej — 2094 litry. Empty optional fields mean not stated.
82,cargo_context_jogger_extreme_5seat_hybrid155_automatic_boot_capacity_five_seat_minimum_vda_iso3832_20251217,jogger_extreme_5seat_hybrid155_automatic_boot_capacity_five_seat_minimum_vda_iso3832_20251217,vda_iso_3832,upright,,main_luggage_compartment,,,,Official Jogger brochure page 22; exact context for Minimalna pojemność bagażnika wersji 5-miejscowej — 708 dm3 według normy ISO 3832. Empty optional fields mean not stated.
83,cargo_context_jogger_extreme_5seat_hybrid155_automatic_boot_capacity_five_seat_minimum_ordinary_litre_20251217,jogger_extreme_5seat_hybrid155_automatic_boot_capacity_five_seat_minimum_ordinary_litre_20251217,ordinary_litre,upright,,main_luggage_compartment,,,,Official Jogger brochure page 22; exact context for Minimalna pojemność bagażnika wersji 5-miejscowej — 829 litrów. Empty optional fields mean not stated.
84,cargo_context_jogger_extreme_5seat_hybrid155_automatic_boot_capacity_five_seat_maximum_vda_iso3832_20251217,jogger_extreme_5seat_hybrid155_automatic_boot_capacity_five_seat_maximum_vda_iso3832_20251217,vda_iso_3832,folded,,source_stated_total,,,,Official Jogger brochure page 22; exact context for Maksymalna pojemność bagażnika wersji 5-miejscowej — 1819 dm3 według normy ISO 3832. Empty optional fields mean not stated.
85,cargo_context_jogger_extreme_5seat_hybrid155_automatic_boot_capacity_five_seat_maximum_ordinary_litre_20251217,jogger_extreme_5seat_hybrid155_automatic_boot_capacity_five_seat_maximum_ordinary_litre_20251217,ordinary_litre,folded,,source_stated_total,,,,Official Jogger brochure page 22; exact context for Maksymalna pojemność bagażnika wersji 5-miejscowej — 2094 litry. Empty optional fields mean not stated.
86,cargo_context_jogger_journey_5seat_hybrid155_automatic_boot_capacity_five_seat_minimum_vda_iso3832_20251217,jogger_journey_5seat_hybrid155_automatic_boot_capacity_five_seat_minimum_vda_iso3832_20251217,vda_iso_3832,upright,,main_luggage_compartment,,,,Official Jogger brochure page 22; exact context for Minimalna pojemność bagażnika wersji 5-miejscowej — 708 dm3 według normy ISO 3832. Empty optional fields mean not stated.
87,cargo_context_jogger_journey_5seat_hybrid155_automatic_boot_capacity_five_seat_minimum_ordinary_litre_20251217,jogger_journey_5seat_hybrid155_automatic_boot_capacity_five_seat_minimum_ordinary_litre_20251217,ordinary_litre,upright,,main_luggage_compartment,,,,Official Jogger brochure page 22; exact context for Minimalna pojemność bagażnika wersji 5-miejscowej — 829 litrów. Empty optional fields mean not stated.
88,cargo_context_jogger_journey_5seat_hybrid155_automatic_boot_capacity_five_seat_maximum_vda_iso3832_20251217,jogger_journey_5seat_hybrid155_automatic_boot_capacity_five_seat_maximum_vda_iso3832_20251217,vda_iso_3832,folded,,source_stated_total,,,,Official Jogger brochure page 22; exact context for Maksymalna pojemność bagażnika wersji 5-miejscowej — 1819 dm3 według normy ISO 3832. Empty optional fields mean not stated.
89,cargo_context_jogger_journey_5seat_hybrid155_automatic_boot_capacity_five_seat_maximum_ordinary_litre_20251217,jogger_journey_5seat_hybrid155_automatic_boot_capacity_five_seat_maximum_ordinary_litre_20251217,ordinary_litre,folded,,source_stated_total,,,,Official Jogger brochure page 22; exact context for Maksymalna pojemność bagażnika wersji 5-miejscowej — 2094 litry. Empty optional fields mean not stated.
90,cargo_context_jogger_essential_7seat_ecog120_manual_boot_capacity_seven_seat_minimum_vda_iso3832_20251217,jogger_essential_7seat_ecog120_manual_boot_capacity_seven_seat_minimum_vda_iso3832_20251217,vda_iso_3832,upright,upright,main_luggage_compartment,,,,Official Jogger brochure page 22; exact context for Minimalna pojemność bagażnika wersji 7-miejscowej — 160 dm3 według normy ISO 3832. Empty optional fields mean not stated.
91,cargo_context_jogger_essential_7seat_ecog120_manual_boot_capacity_seven_seat_minimum_ordinary_litre_20251217,jogger_essential_7seat_ecog120_manual_boot_capacity_seven_seat_minimum_ordinary_litre_20251217,ordinary_litre,upright,upright,main_luggage_compartment,,,,Official Jogger brochure page 22; exact context for Minimalna pojemność bagażnika wersji 7-miejscowej — 212 litrów. Empty optional fields mean not stated.
92,cargo_context_jogger_essential_7seat_ecog120_manual_boot_capacity_seven_seat_second_upright_third_folded_vda_iso3832_20251217,jogger_essential_7seat_ecog120_manual_boot_capacity_seven_seat_second_upright_third_folded_vda_iso3832_20251217,vda_iso_3832,upright,folded,main_luggage_compartment,,,,"Official Jogger brochure page 22; exact context for Drugi rząd foteli rozłożony, trzeci rząd foteli złożony — 565 dm3 według normy ISO 3832. Empty optional fields mean not stated."
93,cargo_context_jogger_essential_7seat_ecog120_manual_boot_capacity_seven_seat_second_upright_third_folded_ordinary_litre_20251217,jogger_essential_7seat_ecog120_manual_boot_capacity_seven_seat_second_upright_third_folded_ordinary_litre_20251217,ordinary_litre,upright,folded,main_luggage_compartment,,,,"Official Jogger brochure page 22; exact context for Drugi rząd foteli rozłożony, trzeci rząd foteli złożony — 699 litrów. Empty optional fields mean not stated."
94,cargo_context_jogger_essential_7seat_ecog120_manual_boot_capacity_seven_seat_second_upright_third_removed_vda_iso3832_20251217,jogger_essential_7seat_ecog120_manual_boot_capacity_seven_seat_second_upright_third_removed_vda_iso3832_20251217,vda_iso_3832,upright,removed,main_luggage_compartment,,,,"Official Jogger brochure page 22; exact context for Drugi rząd foteli rozłożony, trzeci rząd foteli wymontowany — 696 dm3 według normy ISO 3832. Empty optional fields mean not stated."
95,cargo_context_jogger_essential_7seat_ecog120_manual_boot_capacity_seven_seat_second_upright_third_removed_ordinary_litre_20251217,jogger_essential_7seat_ecog120_manual_boot_capacity_seven_seat_second_upright_third_removed_ordinary_litre_20251217,ordinary_litre,upright,removed,main_luggage_compartment,,,,"Official Jogger brochure page 22; exact context for Drugi rząd foteli rozłożony, trzeci rząd foteli wymontowany — 820 litrów. Empty optional fields mean not stated."
96,cargo_context_jogger_expression_7seat_ecog120_manual_boot_capacity_seven_seat_minimum_vda_iso3832_20251217,jogger_expression_7seat_ecog120_manual_boot_capacity_seven_seat_minimum_vda_iso3832_20251217,vda_iso_3832,upright,upright,main_luggage_compartment,,,,Official Jogger brochure page 22; exact context for Minimalna pojemność bagażnika wersji 7-miejscowej — 160 dm3 według normy ISO 3832. Empty optional fields mean not stated.
97,cargo_context_jogger_expression_7seat_ecog120_manual_boot_capacity_seven_seat_minimum_ordinary_litre_20251217,jogger_expression_7seat_ecog120_manual_boot_capacity_seven_seat_minimum_ordinary_litre_20251217,ordinary_litre,upright,upright,main_luggage_compartment,,,,Official Jogger brochure page 22; exact context for Minimalna pojemność bagażnika wersji 7-miejscowej — 212 litrów. Empty optional fields mean not stated.
98,cargo_context_jogger_expression_7seat_ecog120_manual_boot_capacity_seven_seat_second_upright_third_folded_vda_iso3832_20251217,jogger_expression_7seat_ecog120_manual_boot_capacity_seven_seat_second_upright_third_folded_vda_iso3832_20251217,vda_iso_3832,upright,folded,main_luggage_compartment,,,,"Official Jogger brochure page 22; exact context for Drugi rząd foteli rozłożony, trzeci rząd foteli złożony — 565 dm3 według normy ISO 3832. Empty optional fields mean not stated."
99,cargo_context_jogger_expression_7seat_ecog120_manual_boot_capacity_seven_seat_second_upright_third_folded_ordinary_litre_20251217,jogger_expression_7seat_ecog120_manual_boot_capacity_seven_seat_second_upright_third_folded_ordinary_litre_20251217,ordinary_litre,upright,folded,main_luggage_compartment,,,,"Official Jogger brochure page 22; exact context for Drugi rząd foteli rozłożony, trzeci rząd foteli złożony — 699 litrów. Empty optional fields mean not stated."
100,cargo_context_jogger_expression_7seat_ecog120_manual_boot_capacity_seven_seat_second_upright_third_removed_vda_iso3832_20251217,jogger_expression_7seat_ecog120_manual_boot_capacity_seven_seat_second_upright_third_removed_vda_iso3832_20251217,vda_iso_3832,upright,removed,main_luggage_compartment,,,,"Official Jogger brochure page 22; exact context for Drugi rząd foteli rozłożony, trzeci rząd foteli wymontowany — 696 dm3 według normy ISO 3832. Empty optional fields mean not stated."
101,cargo_context_jogger_expression_7seat_ecog120_manual_boot_capacity_seven_seat_second_upright_third_removed_ordinary_litre_20251217,jogger_expression_7seat_ecog120_manual_boot_capacity_seven_seat_second_upright_third_removed_ordinary_litre_20251217,ordinary_litre,upright,removed,main_luggage_compartment,,,,"Official Jogger brochure page 22; exact context for Drugi rząd foteli rozłożony, trzeci rząd foteli wymontowany — 820 litrów. Empty optional fields mean not stated."
102,cargo_context_jogger_extreme_7seat_ecog120_manual_boot_capacity_seven_seat_minimum_vda_iso3832_20251217,jogger_extreme_7seat_ecog120_manual_boot_capacity_seven_seat_minimum_vda_iso3832_20251217,vda_iso_3832,upright,upright,main_luggage_compartment,,,,Official Jogger brochure page 22; exact context for Minimalna pojemność bagażnika wersji 7-miejscowej — 160 dm3 według normy ISO 3832. Empty optional fields mean not stated.
103,cargo_context_jogger_extreme_7seat_ecog120_manual_boot_capacity_seven_seat_minimum_ordinary_litre_20251217,jogger_extreme_7seat_ecog120_manual_boot_capacity_seven_seat_minimum_ordinary_litre_20251217,ordinary_litre,upright,upright,main_luggage_compartment,,,,Official Jogger brochure page 22; exact context for Minimalna pojemność bagażnika wersji 7-miejscowej — 212 litrów. Empty optional fields mean not stated.
104,cargo_context_jogger_extreme_7seat_ecog120_manual_boot_capacity_seven_seat_second_upright_third_folded_vda_iso3832_20251217,jogger_extreme_7seat_ecog120_manual_boot_capacity_seven_seat_second_upright_third_folded_vda_iso3832_20251217,vda_iso_3832,upright,folded,main_luggage_compartment,,,,"Official Jogger brochure page 22; exact context for Drugi rząd foteli rozłożony, trzeci rząd foteli złożony — 565 dm3 według normy ISO 3832. Empty optional fields mean not stated."
105,cargo_context_jogger_extreme_7seat_ecog120_manual_boot_capacity_seven_seat_second_upright_third_folded_ordinary_litre_20251217,jogger_extreme_7seat_ecog120_manual_boot_capacity_seven_seat_second_upright_third_folded_ordinary_litre_20251217,ordinary_litre,upright,folded,main_luggage_compartment,,,,"Official Jogger brochure page 22; exact context for Drugi rząd foteli rozłożony, trzeci rząd foteli złożony — 699 litrów. Empty optional fields mean not stated."
106,cargo_context_jogger_extreme_7seat_ecog120_manual_boot_capacity_seven_seat_second_upright_third_removed_vda_iso3832_20251217,jogger_extreme_7seat_ecog120_manual_boot_capacity_seven_seat_second_upright_third_removed_vda_iso3832_20251217,vda_iso_3832,upright,removed,main_luggage_compartment,,,,"Official Jogger brochure page 22; exact context for Drugi rząd foteli rozłożony, trzeci rząd foteli wymontowany — 696 dm3 według normy ISO 3832. Empty optional fields mean not stated."
107,cargo_context_jogger_extreme_7seat_ecog120_manual_boot_capacity_seven_seat_second_upright_third_removed_ordinary_litre_20251217,jogger_extreme_7seat_ecog120_manual_boot_capacity_seven_seat_second_upright_third_removed_ordinary_litre_20251217,ordinary_litre,upright,removed,main_luggage_compartment,,,,"Official Jogger brochure page 22; exact context for Drugi rząd foteli rozłożony, trzeci rząd foteli wymontowany — 820 litrów. Empty optional fields mean not stated."
108,cargo_context_jogger_extreme_7seat_ecog120_automatic_boot_capacity_seven_seat_minimum_vda_iso3832_20251217,jogger_extreme_7seat_ecog120_automatic_boot_capacity_seven_seat_minimum_vda_iso3832_20251217,vda_iso_3832,upright,upright,main_luggage_compartment,,,,Official Jogger brochure page 22; exact context for Minimalna pojemność bagażnika wersji 7-miejscowej — 160 dm3 według normy ISO 3832. Empty optional fields mean not stated.
109,cargo_context_jogger_extreme_7seat_ecog120_automatic_boot_capacity_seven_seat_minimum_ordinary_litre_20251217,jogger_extreme_7seat_ecog120_automatic_boot_capacity_seven_seat_minimum_ordinary_litre_20251217,ordinary_litre,upright,upright,main_luggage_compartment,,,,Official Jogger brochure page 22; exact context for Minimalna pojemność bagażnika wersji 7-miejscowej — 212 litrów. Empty optional fields mean not stated.
110,cargo_context_jogger_extreme_7seat_ecog120_automatic_boot_capacity_seven_seat_second_upright_third_folded_vda_iso3832_20251217,jogger_extreme_7seat_ecog120_automatic_boot_capacity_seven_seat_second_upright_third_folded_vda_iso3832_20251217,vda_iso_3832,upright,folded,main_luggage_compartment,,,,"Official Jogger brochure page 22; exact context for Drugi rząd foteli rozłożony, trzeci rząd foteli złożony — 565 dm3 według normy ISO 3832. Empty optional fields mean not stated."
111,cargo_context_jogger_extreme_7seat_ecog120_automatic_boot_capacity_seven_seat_second_upright_third_folded_ordinary_litre_20251217,jogger_extreme_7seat_ecog120_automatic_boot_capacity_seven_seat_second_upright_third_folded_ordinary_litre_20251217,ordinary_litre,upright,folded,main_luggage_compartment,,,,"Official Jogger brochure page 22; exact context for Drugi rząd foteli rozłożony, trzeci rząd foteli złożony — 699 litrów. Empty optional fields mean not stated."
112,cargo_context_jogger_extreme_7seat_ecog120_automatic_boot_capacity_seven_seat_second_upright_third_removed_vda_iso3832_20251217,jogger_extreme_7seat_ecog120_automatic_boot_capacity_seven_seat_second_upright_third_removed_vda_iso3832_20251217,vda_iso_3832,upright,removed,main_luggage_compartment,,,,"Official Jogger brochure page 22; exact context for Drugi rząd foteli rozłożony, trzeci rząd foteli wymontowany — 696 dm3 według normy ISO 3832. Empty optional fields mean not stated."
113,cargo_context_jogger_extreme_7seat_ecog120_automatic_boot_capacity_seven_seat_second_upright_third_removed_ordinary_litre_20251217,jogger_extreme_7seat_ecog120_automatic_boot_capacity_seven_seat_second_upright_third_removed_ordinary_litre_20251217,ordinary_litre,upright,removed,main_luggage_compartment,,,,"Official Jogger brochure page 22; exact context for Drugi rząd foteli rozłożony, trzeci rząd foteli wymontowany — 820 litrów. Empty optional fields mean not stated."
114,cargo_context_jogger_journey_7seat_ecog120_automatic_boot_capacity_seven_seat_minimum_vda_iso3832_20251217,jogger_journey_7seat_ecog120_automatic_boot_capacity_seven_seat_minimum_vda_iso3832_20251217,vda_iso_3832,upright,upright,main_luggage_compartment,,,,Official Jogger brochure page 22; exact context for Minimalna pojemność bagażnika wersji 7-miejscowej — 160 dm3 według normy ISO 3832. Empty optional fields mean not stated.
115,cargo_context_jogger_journey_7seat_ecog120_automatic_boot_capacity_seven_seat_minimum_ordinary_litre_20251217,jogger_journey_7seat_ecog120_automatic_boot_capacity_seven_seat_minimum_ordinary_litre_20251217,ordinary_litre,upright,upright,main_luggage_compartment,,,,Official Jogger brochure page 22; exact context for Minimalna pojemność bagażnika wersji 7-miejscowej — 212 litrów. Empty optional fields mean not stated.
116,cargo_context_jogger_journey_7seat_ecog120_automatic_boot_capacity_seven_seat_second_upright_third_folded_vda_iso3832_20251217,jogger_journey_7seat_ecog120_automatic_boot_capacity_seven_seat_second_upright_third_folded_vda_iso3832_20251217,vda_iso_3832,upright,folded,main_luggage_compartment,,,,"Official Jogger brochure page 22; exact context for Drugi rząd foteli rozłożony, trzeci rząd foteli złożony — 565 dm3 według normy ISO 3832. Empty optional fields mean not stated."
117,cargo_context_jogger_journey_7seat_ecog120_automatic_boot_capacity_seven_seat_second_upright_third_folded_ordinary_litre_20251217,jogger_journey_7seat_ecog120_automatic_boot_capacity_seven_seat_second_upright_third_folded_ordinary_litre_20251217,ordinary_litre,upright,folded,main_luggage_compartment,,,,"Official Jogger brochure page 22; exact context for Drugi rząd foteli rozłożony, trzeci rząd foteli złożony — 699 litrów. Empty optional fields mean not stated."
118,cargo_context_jogger_journey_7seat_ecog120_automatic_boot_capacity_seven_seat_second_upright_third_removed_vda_iso3832_20251217,jogger_journey_7seat_ecog120_automatic_boot_capacity_seven_seat_second_upright_third_removed_vda_iso3832_20251217,vda_iso_3832,upright,removed,main_luggage_compartment,,,,"Official Jogger brochure page 22; exact context for Drugi rząd foteli rozłożony, trzeci rząd foteli wymontowany — 696 dm3 według normy ISO 3832. Empty optional fields mean not stated."
119,cargo_context_jogger_journey_7seat_ecog120_automatic_boot_capacity_seven_seat_second_upright_third_removed_ordinary_litre_20251217,jogger_journey_7seat_ecog120_automatic_boot_capacity_seven_seat_second_upright_third_removed_ordinary_litre_20251217,ordinary_litre,upright,removed,main_luggage_compartment,,,,"Official Jogger brochure page 22; exact context for Drugi rząd foteli rozłożony, trzeci rząd foteli wymontowany — 820 litrów. Empty optional fields mean not stated."
120,cargo_context_jogger_expression_7seat_tce110_manual_boot_capacity_seven_seat_minimum_vda_iso3832_20251217,jogger_expression_7seat_tce110_manual_boot_capacity_seven_seat_minimum_vda_iso3832_20251217,vda_iso_3832,upright,upright,main_luggage_compartment,,,,Official Jogger brochure page 22; exact context for Minimalna pojemność bagażnika wersji 7-miejscowej — 160 dm3 według normy ISO 3832. Empty optional fields mean not stated.
121,cargo_context_jogger_expression_7seat_tce110_manual_boot_capacity_seven_seat_minimum_ordinary_litre_20251217,jogger_expression_7seat_tce110_manual_boot_capacity_seven_seat_minimum_ordinary_litre_20251217,ordinary_litre,upright,upright,main_luggage_compartment,,,,Official Jogger brochure page 22; exact context for Minimalna pojemność bagażnika wersji 7-miejscowej — 212 litrów. Empty optional fields mean not stated.
122,cargo_context_jogger_expression_7seat_tce110_manual_boot_capacity_seven_seat_second_upright_third_folded_vda_iso3832_20251217,jogger_expression_7seat_tce110_manual_boot_capacity_seven_seat_second_upright_third_folded_vda_iso3832_20251217,vda_iso_3832,upright,folded,main_luggage_compartment,,,,"Official Jogger brochure page 22; exact context for Drugi rząd foteli rozłożony, trzeci rząd foteli złożony — 565 dm3 według normy ISO 3832. Empty optional fields mean not stated."
123,cargo_context_jogger_expression_7seat_tce110_manual_boot_capacity_seven_seat_second_upright_third_folded_ordinary_litre_20251217,jogger_expression_7seat_tce110_manual_boot_capacity_seven_seat_second_upright_third_folded_ordinary_litre_20251217,ordinary_litre,upright,folded,main_luggage_compartment,,,,"Official Jogger brochure page 22; exact context for Drugi rząd foteli rozłożony, trzeci rząd foteli złożony — 699 litrów. Empty optional fields mean not stated."
124,cargo_context_jogger_expression_7seat_tce110_manual_boot_capacity_seven_seat_second_upright_third_removed_vda_iso3832_20251217,jogger_expression_7seat_tce110_manual_boot_capacity_seven_seat_second_upright_third_removed_vda_iso3832_20251217,vda_iso_3832,upright,removed,main_luggage_compartment,,,,"Official Jogger brochure page 22; exact context for Drugi rząd foteli rozłożony, trzeci rząd foteli wymontowany — 696 dm3 według normy ISO 3832. Empty optional fields mean not stated."
125,cargo_context_jogger_expression_7seat_tce110_manual_boot_capacity_seven_seat_second_upright_third_removed_ordinary_litre_20251217,jogger_expression_7seat_tce110_manual_boot_capacity_seven_seat_second_upright_third_removed_ordinary_litre_20251217,ordinary_litre,upright,removed,main_luggage_compartment,,,,"Official Jogger brochure page 22; exact context for Drugi rząd foteli rozłożony, trzeci rząd foteli wymontowany — 820 litrów. Empty optional fields mean not stated."
126,cargo_context_jogger_extreme_7seat_tce110_manual_boot_capacity_seven_seat_minimum_vda_iso3832_20251217,jogger_extreme_7seat_tce110_manual_boot_capacity_seven_seat_minimum_vda_iso3832_20251217,vda_iso_3832,upright,upright,main_luggage_compartment,,,,Official Jogger brochure page 22; exact context for Minimalna pojemność bagażnika wersji 7-miejscowej — 160 dm3 według normy ISO 3832. Empty optional fields mean not stated.
127,cargo_context_jogger_extreme_7seat_tce110_manual_boot_capacity_seven_seat_minimum_ordinary_litre_20251217,jogger_extreme_7seat_tce110_manual_boot_capacity_seven_seat_minimum_ordinary_litre_20251217,ordinary_litre,upright,upright,main_luggage_compartment,,,,Official Jogger brochure page 22; exact context for Minimalna pojemność bagażnika wersji 7-miejscowej — 212 litrów. Empty optional fields mean not stated.
128,cargo_context_jogger_extreme_7seat_tce110_manual_boot_capacity_seven_seat_second_upright_third_folded_vda_iso3832_20251217,jogger_extreme_7seat_tce110_manual_boot_capacity_seven_seat_second_upright_third_folded_vda_iso3832_20251217,vda_iso_3832,upright,folded,main_luggage_compartment,,,,"Official Jogger brochure page 22; exact context for Drugi rząd foteli rozłożony, trzeci rząd foteli złożony — 565 dm3 według normy ISO 3832. Empty optional fields mean not stated."
129,cargo_context_jogger_extreme_7seat_tce110_manual_boot_capacity_seven_seat_second_upright_third_folded_ordinary_litre_20251217,jogger_extreme_7seat_tce110_manual_boot_capacity_seven_seat_second_upright_third_folded_ordinary_litre_20251217,ordinary_litre,upright,folded,main_luggage_compartment,,,,"Official Jogger brochure page 22; exact context for Drugi rząd foteli rozłożony, trzeci rząd foteli złożony — 699 litrów. Empty optional fields mean not stated."
130,cargo_context_jogger_extreme_7seat_tce110_manual_boot_capacity_seven_seat_second_upright_third_removed_vda_iso3832_20251217,jogger_extreme_7seat_tce110_manual_boot_capacity_seven_seat_second_upright_third_removed_vda_iso3832_20251217,vda_iso_3832,upright,removed,main_luggage_compartment,,,,"Official Jogger brochure page 22; exact context for Drugi rząd foteli rozłożony, trzeci rząd foteli wymontowany — 696 dm3 według normy ISO 3832. Empty optional fields mean not stated."
131,cargo_context_jogger_extreme_7seat_tce110_manual_boot_capacity_seven_seat_second_upright_third_removed_ordinary_litre_20251217,jogger_extreme_7seat_tce110_manual_boot_capacity_seven_seat_second_upright_third_removed_ordinary_litre_20251217,ordinary_litre,upright,removed,main_luggage_compartment,,,,"Official Jogger brochure page 22; exact context for Drugi rząd foteli rozłożony, trzeci rząd foteli wymontowany — 820 litrów. Empty optional fields mean not stated."
132,cargo_context_jogger_journey_7seat_tce110_manual_boot_capacity_seven_seat_minimum_vda_iso3832_20251217,jogger_journey_7seat_tce110_manual_boot_capacity_seven_seat_minimum_vda_iso3832_20251217,vda_iso_3832,upright,upright,main_luggage_compartment,,,,Official Jogger brochure page 22; exact context for Minimalna pojemność bagażnika wersji 7-miejscowej — 160 dm3 według normy ISO 3832. Empty optional fields mean not stated.
133,cargo_context_jogger_journey_7seat_tce110_manual_boot_capacity_seven_seat_minimum_ordinary_litre_20251217,jogger_journey_7seat_tce110_manual_boot_capacity_seven_seat_minimum_ordinary_litre_20251217,ordinary_litre,upright,upright,main_luggage_compartment,,,,Official Jogger brochure page 22; exact context for Minimalna pojemność bagażnika wersji 7-miejscowej — 212 litrów. Empty optional fields mean not stated.
134,cargo_context_jogger_journey_7seat_tce110_manual_boot_capacity_seven_seat_second_upright_third_folded_vda_iso3832_20251217,jogger_journey_7seat_tce110_manual_boot_capacity_seven_seat_second_upright_third_folded_vda_iso3832_20251217,vda_iso_3832,upright,folded,main_luggage_compartment,,,,"Official Jogger brochure page 22; exact context for Drugi rząd foteli rozłożony, trzeci rząd foteli złożony — 565 dm3 według normy ISO 3832. Empty optional fields mean not stated."
135,cargo_context_jogger_journey_7seat_tce110_manual_boot_capacity_seven_seat_second_upright_third_folded_ordinary_litre_20251217,jogger_journey_7seat_tce110_manual_boot_capacity_seven_seat_second_upright_third_folded_ordinary_litre_20251217,ordinary_litre,upright,folded,main_luggage_compartment,,,,"Official Jogger brochure page 22; exact context for Drugi rząd foteli rozłożony, trzeci rząd foteli złożony — 699 litrów. Empty optional fields mean not stated."
136,cargo_context_jogger_journey_7seat_tce110_manual_boot_capacity_seven_seat_second_upright_third_removed_vda_iso3832_20251217,jogger_journey_7seat_tce110_manual_boot_capacity_seven_seat_second_upright_third_removed_vda_iso3832_20251217,vda_iso_3832,upright,removed,main_luggage_compartment,,,,"Official Jogger brochure page 22; exact context for Drugi rząd foteli rozłożony, trzeci rząd foteli wymontowany — 696 dm3 według normy ISO 3832. Empty optional fields mean not stated."
137,cargo_context_jogger_journey_7seat_tce110_manual_boot_capacity_seven_seat_second_upright_third_removed_ordinary_litre_20251217,jogger_journey_7seat_tce110_manual_boot_capacity_seven_seat_second_upright_third_removed_ordinary_litre_20251217,ordinary_litre,upright,removed,main_luggage_compartment,,,,"Official Jogger brochure page 22; exact context for Drugi rząd foteli rozłożony, trzeci rząd foteli wymontowany — 820 litrów. Empty optional fields mean not stated."
138,cargo_context_jogger_expression_7seat_hybrid155_automatic_boot_capacity_seven_seat_minimum_vda_iso3832_20251217,jogger_expression_7seat_hybrid155_automatic_boot_capacity_seven_seat_minimum_vda_iso3832_20251217,vda_iso_3832,upright,upright,main_luggage_compartment,,,,Official Jogger brochure page 22; exact context for Minimalna pojemność bagażnika wersji 7-miejscowej — 160 dm3 według normy ISO 3832. Empty optional fields mean not stated.
139,cargo_context_jogger_expression_7seat_hybrid155_automatic_boot_capacity_seven_seat_minimum_ordinary_litre_20251217,jogger_expression_7seat_hybrid155_automatic_boot_capacity_seven_seat_minimum_ordinary_litre_20251217,ordinary_litre,upright,upright,main_luggage_compartment,,,,Official Jogger brochure page 22; exact context for Minimalna pojemność bagażnika wersji 7-miejscowej — 212 litrów. Empty optional fields mean not stated.
140,cargo_context_jogger_expression_7seat_hybrid155_automatic_boot_capacity_seven_seat_second_upright_third_folded_vda_iso3832_20251217,jogger_expression_7seat_hybrid155_automatic_boot_capacity_seven_seat_second_upright_third_folded_vda_iso3832_20251217,vda_iso_3832,upright,folded,main_luggage_compartment,,,,"Official Jogger brochure page 22; exact context for Drugi rząd foteli rozłożony, trzeci rząd foteli złożony — 565 dm3 według normy ISO 3832. Empty optional fields mean not stated."
141,cargo_context_jogger_expression_7seat_hybrid155_automatic_boot_capacity_seven_seat_second_upright_third_folded_ordinary_litre_20251217,jogger_expression_7seat_hybrid155_automatic_boot_capacity_seven_seat_second_upright_third_folded_ordinary_litre_20251217,ordinary_litre,upright,folded,main_luggage_compartment,,,,"Official Jogger brochure page 22; exact context for Drugi rząd foteli rozłożony, trzeci rząd foteli złożony — 699 litrów. Empty optional fields mean not stated."
142,cargo_context_jogger_expression_7seat_hybrid155_automatic_boot_capacity_seven_seat_second_upright_third_removed_vda_iso3832_20251217,jogger_expression_7seat_hybrid155_automatic_boot_capacity_seven_seat_second_upright_third_removed_vda_iso3832_20251217,vda_iso_3832,upright,removed,main_luggage_compartment,,,,"Official Jogger brochure page 22; exact context for Drugi rząd foteli rozłożony, trzeci rząd foteli wymontowany — 696 dm3 według normy ISO 3832. Empty optional fields mean not stated."
143,cargo_context_jogger_expression_7seat_hybrid155_automatic_boot_capacity_seven_seat_second_upright_third_removed_ordinary_litre_20251217,jogger_expression_7seat_hybrid155_automatic_boot_capacity_seven_seat_second_upright_third_removed_ordinary_litre_20251217,ordinary_litre,upright,removed,main_luggage_compartment,,,,"Official Jogger brochure page 22; exact context for Drugi rząd foteli rozłożony, trzeci rząd foteli wymontowany — 820 litrów. Empty optional fields mean not stated."
144,cargo_context_jogger_extreme_7seat_hybrid155_automatic_boot_capacity_seven_seat_minimum_vda_iso3832_20251217,jogger_extreme_7seat_hybrid155_automatic_boot_capacity_seven_seat_minimum_vda_iso3832_20251217,vda_iso_3832,upright,upright,main_luggage_compartment,,,,Official Jogger brochure page 22; exact context for Minimalna pojemność bagażnika wersji 7-miejscowej — 160 dm3 według normy ISO 3832. Empty optional fields mean not stated.
145,cargo_context_jogger_extreme_7seat_hybrid155_automatic_boot_capacity_seven_seat_minimum_ordinary_litre_20251217,jogger_extreme_7seat_hybrid155_automatic_boot_capacity_seven_seat_minimum_ordinary_litre_20251217,ordinary_litre,upright,upright,main_luggage_compartment,,,,Official Jogger brochure page 22; exact context for Minimalna pojemność bagażnika wersji 7-miejscowej — 212 litrów. Empty optional fields mean not stated.
146,cargo_context_jogger_extreme_7seat_hybrid155_automatic_boot_capacity_seven_seat_second_upright_third_folded_vda_iso3832_20251217,jogger_extreme_7seat_hybrid155_automatic_boot_capacity_seven_seat_second_upright_third_folded_vda_iso3832_20251217,vda_iso_3832,upright,folded,main_luggage_compartment,,,,"Official Jogger brochure page 22; exact context for Drugi rząd foteli rozłożony, trzeci rząd foteli złożony — 565 dm3 według normy ISO 3832. Empty optional fields mean not stated."
147,cargo_context_jogger_extreme_7seat_hybrid155_automatic_boot_capacity_seven_seat_second_upright_third_folded_ordinary_litre_20251217,jogger_extreme_7seat_hybrid155_automatic_boot_capacity_seven_seat_second_upright_third_folded_ordinary_litre_20251217,ordinary_litre,upright,folded,main_luggage_compartment,,,,"Official Jogger brochure page 22; exact context for Drugi rząd foteli rozłożony, trzeci rząd foteli złożony — 699 litrów. Empty optional fields mean not stated."
148,cargo_context_jogger_extreme_7seat_hybrid155_automatic_boot_capacity_seven_seat_second_upright_third_removed_vda_iso3832_20251217,jogger_extreme_7seat_hybrid155_automatic_boot_capacity_seven_seat_second_upright_third_removed_vda_iso3832_20251217,vda_iso_3832,upright,removed,main_luggage_compartment,,,,"Official Jogger brochure page 22; exact context for Drugi rząd foteli rozłożony, trzeci rząd foteli wymontowany — 696 dm3 według normy ISO 3832. Empty optional fields mean not stated."
149,cargo_context_jogger_extreme_7seat_hybrid155_automatic_boot_capacity_seven_seat_second_upright_third_removed_ordinary_litre_20251217,jogger_extreme_7seat_hybrid155_automatic_boot_capacity_seven_seat_second_upright_third_removed_ordinary_litre_20251217,ordinary_litre,upright,removed,main_luggage_compartment,,,,"Official Jogger brochure page 22; exact context for Drugi rząd foteli rozłożony, trzeci rząd foteli wymontowany — 820 litrów. Empty optional fields mean not stated."
150,cargo_context_jogger_journey_7seat_hybrid155_automatic_boot_capacity_seven_seat_minimum_vda_iso3832_20251217,jogger_journey_7seat_hybrid155_automatic_boot_capacity_seven_seat_minimum_vda_iso3832_20251217,vda_iso_3832,upright,upright,main_luggage_compartment,,,,Official Jogger brochure page 22; exact context for Minimalna pojemność bagażnika wersji 7-miejscowej — 160 dm3 według normy ISO 3832. Empty optional fields mean not stated.
151,cargo_context_jogger_journey_7seat_hybrid155_automatic_boot_capacity_seven_seat_minimum_ordinary_litre_20251217,jogger_journey_7seat_hybrid155_automatic_boot_capacity_seven_seat_minimum_ordinary_litre_20251217,ordinary_litre,upright,upright,main_luggage_compartment,,,,Official Jogger brochure page 22; exact context for Minimalna pojemność bagażnika wersji 7-miejscowej — 212 litrów. Empty optional fields mean not stated.
152,cargo_context_jogger_journey_7seat_hybrid155_automatic_boot_capacity_seven_seat_second_upright_third_folded_vda_iso3832_20251217,jogger_journey_7seat_hybrid155_automatic_boot_capacity_seven_seat_second_upright_third_folded_vda_iso3832_20251217,vda_iso_3832,upright,folded,main_luggage_compartment,,,,"Official Jogger brochure page 22; exact context for Drugi rząd foteli rozłożony, trzeci rząd foteli złożony — 565 dm3 według normy ISO 3832. Empty optional fields mean not stated."
153,cargo_context_jogger_journey_7seat_hybrid155_automatic_boot_capacity_seven_seat_second_upright_third_folded_ordinary_litre_20251217,jogger_journey_7seat_hybrid155_automatic_boot_capacity_seven_seat_second_upright_third_folded_ordinary_litre_20251217,ordinary_litre,upright,folded,main_luggage_compartment,,,,"Official Jogger brochure page 22; exact context for Drugi rząd foteli rozłożony, trzeci rząd foteli złożony — 699 litrów. Empty optional fields mean not stated."
154,cargo_context_jogger_journey_7seat_hybrid155_automatic_boot_capacity_seven_seat_second_upright_third_removed_vda_iso3832_20251217,jogger_journey_7seat_hybrid155_automatic_boot_capacity_seven_seat_second_upright_third_removed_vda_iso3832_20251217,vda_iso_3832,upright,removed,main_luggage_compartment,,,,"Official Jogger brochure page 22; exact context for Drugi rząd foteli rozłożony, trzeci rząd foteli wymontowany — 696 dm3 według normy ISO 3832. Empty optional fields mean not stated."
155,cargo_context_jogger_journey_7seat_hybrid155_automatic_boot_capacity_seven_seat_second_upright_third_removed_ordinary_litre_20251217,jogger_journey_7seat_hybrid155_automatic_boot_capacity_seven_seat_second_upright_third_removed_ordinary_litre_20251217,ordinary_litre,upright,removed,main_luggage_compartment,,,,"Official Jogger brochure page 22; exact context for Drugi rząd foteli rozłożony, trzeci rząd foteli wymontowany — 820 litrów. Empty optional fields mean not stated."
156,cargo_context_bigster_essential_mildhybridg140_4x2_manual_boot_capacity_repair_kit_upright_vda_iso3832_20251210,bigster_essential_mildhybridg140_4x2_manual_boot_capacity_repair_kit_upright_vda_iso3832_20251210,vda_iso_3832,upright,,main_luggage_compartment,absent,present,,Official Bigster brochure page 20; exact context for Pojemność maksymalna pod półką bagażową z zestawem naprawczym — 609 dm3 VDA. Empty double-floor and third-row fields mean not stated.
157,cargo_context_bigster_essential_mildhybridg140_4x2_manual_boot_capacity_repair_kit_folded_vda_iso3832_20251210,bigster_essential_mildhybridg140_4x2_manual_boot_capacity_repair_kit_folded_vda_iso3832_20251210,vda_iso_3832,folded,,source_stated_total,absent,present,,Official Bigster brochure page 20; exact context for Pojemność maksymalna ze złożoną tylną kanapą z zestawem naprawczym — 1877 dm3 VDA. Empty double-floor and third-row fields mean not stated.
158,cargo_context_bigster_essential_mildhybridg140_4x2_manual_boot_capacity_repair_kit_upright_ordinary_litre_20251210,bigster_essential_mildhybridg140_4x2_manual_boot_capacity_repair_kit_upright_ordinary_litre_20251210,ordinary_litre,upright,,main_luggage_compartment,absent,present,,Official Bigster brochure page 20; exact context for Pojemność maksymalna pod półką bagażową z zestawem naprawczym — 660 litrów. Empty double-floor and third-row fields mean not stated.
159,cargo_context_bigster_essential_mildhybridg140_4x2_manual_boot_capacity_repair_kit_folded_ordinary_litre_20251210,bigster_essential_mildhybridg140_4x2_manual_boot_capacity_repair_kit_folded_ordinary_litre_20251210,ordinary_litre,folded,,source_stated_total,absent,present,,Official Bigster brochure page 20; exact context for Pojemność maksymalna ze złożoną tylną kanapą z zestawem naprawczym — 1960 litrów. Empty double-floor and third-row fields mean not stated.
160,cargo_context_bigster_expression_mildhybridg140_4x2_manual_boot_capacity_repair_kit_upright_vda_iso3832_20251210,bigster_expression_mildhybridg140_4x2_manual_boot_capacity_repair_kit_upright_vda_iso3832_20251210,vda_iso_3832,upright,,main_luggage_compartment,absent,present,,Official Bigster brochure page 20; exact context for Pojemność maksymalna pod półką bagażową z zestawem naprawczym — 609 dm3 VDA. Empty double-floor and third-row fields mean not stated.
161,cargo_context_bigster_expression_mildhybridg140_4x2_manual_boot_capacity_repair_kit_folded_vda_iso3832_20251210,bigster_expression_mildhybridg140_4x2_manual_boot_capacity_repair_kit_folded_vda_iso3832_20251210,vda_iso_3832,folded,,source_stated_total,absent,present,,Official Bigster brochure page 20; exact context for Pojemność maksymalna ze złożoną tylną kanapą z zestawem naprawczym — 1877 dm3 VDA. Empty double-floor and third-row fields mean not stated.
162,cargo_context_bigster_expression_mildhybridg140_4x2_manual_boot_capacity_repair_kit_upright_ordinary_litre_20251210,bigster_expression_mildhybridg140_4x2_manual_boot_capacity_repair_kit_upright_ordinary_litre_20251210,ordinary_litre,upright,,main_luggage_compartment,absent,present,,Official Bigster brochure page 20; exact context for Pojemność maksymalna pod półką bagażową z zestawem naprawczym — 660 litrów. Empty double-floor and third-row fields mean not stated.
163,cargo_context_bigster_expression_mildhybridg140_4x2_manual_boot_capacity_repair_kit_folded_ordinary_litre_20251210,bigster_expression_mildhybridg140_4x2_manual_boot_capacity_repair_kit_folded_ordinary_litre_20251210,ordinary_litre,folded,,source_stated_total,absent,present,,Official Bigster brochure page 20; exact context for Pojemność maksymalna ze złożoną tylną kanapą z zestawem naprawczym — 1960 litrów. Empty double-floor and third-row fields mean not stated.
164,cargo_context_bigster_extreme_mildhybridg140_4x2_manual_boot_capacity_repair_kit_upright_vda_iso3832_20251210,bigster_extreme_mildhybridg140_4x2_manual_boot_capacity_repair_kit_upright_vda_iso3832_20251210,vda_iso_3832,upright,,main_luggage_compartment,absent,present,,Official Bigster brochure page 20; exact context for Pojemność maksymalna pod półką bagażową z zestawem naprawczym — 609 dm3 VDA. Empty double-floor and third-row fields mean not stated.
165,cargo_context_bigster_extreme_mildhybridg140_4x2_manual_boot_capacity_repair_kit_folded_vda_iso3832_20251210,bigster_extreme_mildhybridg140_4x2_manual_boot_capacity_repair_kit_folded_vda_iso3832_20251210,vda_iso_3832,folded,,source_stated_total,absent,present,,Official Bigster brochure page 20; exact context for Pojemność maksymalna ze złożoną tylną kanapą z zestawem naprawczym — 1877 dm3 VDA. Empty double-floor and third-row fields mean not stated.
166,cargo_context_bigster_extreme_mildhybridg140_4x2_manual_boot_capacity_repair_kit_upright_ordinary_litre_20251210,bigster_extreme_mildhybridg140_4x2_manual_boot_capacity_repair_kit_upright_ordinary_litre_20251210,ordinary_litre,upright,,main_luggage_compartment,absent,present,,Official Bigster brochure page 20; exact context for Pojemność maksymalna pod półką bagażową z zestawem naprawczym — 660 litrów. Empty double-floor and third-row fields mean not stated.
167,cargo_context_bigster_extreme_mildhybridg140_4x2_manual_boot_capacity_repair_kit_folded_ordinary_litre_20251210,bigster_extreme_mildhybridg140_4x2_manual_boot_capacity_repair_kit_folded_ordinary_litre_20251210,ordinary_litre,folded,,source_stated_total,absent,present,,Official Bigster brochure page 20; exact context for Pojemność maksymalna ze złożoną tylną kanapą z zestawem naprawczym — 1960 litrów. Empty double-floor and third-row fields mean not stated.
168,cargo_context_bigster_journey_mildhybridg140_4x2_manual_boot_capacity_repair_kit_upright_vda_iso3832_20251210,bigster_journey_mildhybridg140_4x2_manual_boot_capacity_repair_kit_upright_vda_iso3832_20251210,vda_iso_3832,upright,,main_luggage_compartment,absent,present,,Official Bigster brochure page 20; exact context for Pojemność maksymalna pod półką bagażową z zestawem naprawczym — 609 dm3 VDA. Empty double-floor and third-row fields mean not stated.
169,cargo_context_bigster_journey_mildhybridg140_4x2_manual_boot_capacity_repair_kit_folded_vda_iso3832_20251210,bigster_journey_mildhybridg140_4x2_manual_boot_capacity_repair_kit_folded_vda_iso3832_20251210,vda_iso_3832,folded,,source_stated_total,absent,present,,Official Bigster brochure page 20; exact context for Pojemność maksymalna ze złożoną tylną kanapą z zestawem naprawczym — 1877 dm3 VDA. Empty double-floor and third-row fields mean not stated.
170,cargo_context_bigster_journey_mildhybridg140_4x2_manual_boot_capacity_repair_kit_upright_ordinary_litre_20251210,bigster_journey_mildhybridg140_4x2_manual_boot_capacity_repair_kit_upright_ordinary_litre_20251210,ordinary_litre,upright,,main_luggage_compartment,absent,present,,Official Bigster brochure page 20; exact context for Pojemność maksymalna pod półką bagażową z zestawem naprawczym — 660 litrów. Empty double-floor and third-row fields mean not stated.
171,cargo_context_bigster_journey_mildhybridg140_4x2_manual_boot_capacity_repair_kit_folded_ordinary_litre_20251210,bigster_journey_mildhybridg140_4x2_manual_boot_capacity_repair_kit_folded_ordinary_litre_20251210,ordinary_litre,folded,,source_stated_total,absent,present,,Official Bigster brochure page 20; exact context for Pojemność maksymalna ze złożoną tylną kanapą z zestawem naprawczym — 1960 litrów. Empty double-floor and third-row fields mean not stated.
172,cargo_context_bigster_essential_mildhybrid140_4x2_manual_boot_capacity_repair_kit_upright_vda_iso3832_20251210,bigster_essential_mildhybrid140_4x2_manual_boot_capacity_repair_kit_upright_vda_iso3832_20251210,vda_iso_3832,upright,,main_luggage_compartment,absent,present,,Official Bigster brochure page 20; exact context for Pojemność maksymalna pod półką bagażową z zestawem naprawczym — 667 dm3 VDA. Empty double-floor and third-row fields mean not stated.
173,cargo_context_bigster_essential_mildhybrid140_4x2_manual_boot_capacity_repair_kit_folded_vda_iso3832_20251210,bigster_essential_mildhybrid140_4x2_manual_boot_capacity_repair_kit_folded_vda_iso3832_20251210,vda_iso_3832,folded,,source_stated_total,absent,present,,Official Bigster brochure page 20; exact context for Pojemność maksymalna ze złożoną tylną kanapą z zestawem naprawczym — 1937 dm3 VDA. Empty double-floor and third-row fields mean not stated.
174,cargo_context_bigster_essential_mildhybrid140_4x2_manual_boot_capacity_repair_kit_upright_ordinary_litre_20251210,bigster_essential_mildhybrid140_4x2_manual_boot_capacity_repair_kit_upright_ordinary_litre_20251210,ordinary_litre,upright,,main_luggage_compartment,absent,present,,Official Bigster brochure page 20; exact context for Pojemność maksymalna pod półką bagażową z zestawem naprawczym — 702 litry. Empty double-floor and third-row fields mean not stated.
175,cargo_context_bigster_essential_mildhybrid140_4x2_manual_boot_capacity_repair_kit_folded_ordinary_litre_20251210,bigster_essential_mildhybrid140_4x2_manual_boot_capacity_repair_kit_folded_ordinary_litre_20251210,ordinary_litre,folded,,source_stated_total,absent,present,,Official Bigster brochure page 20; exact context for Pojemność maksymalna ze złożoną tylną kanapą z zestawem naprawczym — 2002 litry. Empty double-floor and third-row fields mean not stated.
176,cargo_context_bigster_expression_mildhybrid140_4x2_manual_boot_capacity_repair_kit_upright_vda_iso3832_20251210,bigster_expression_mildhybrid140_4x2_manual_boot_capacity_repair_kit_upright_vda_iso3832_20251210,vda_iso_3832,upright,,main_luggage_compartment,absent,present,,Official Bigster brochure page 20; exact context for Pojemność maksymalna pod półką bagażową z zestawem naprawczym — 667 dm3 VDA. Empty double-floor and third-row fields mean not stated.
177,cargo_context_bigster_expression_mildhybrid140_4x2_manual_boot_capacity_repair_kit_folded_vda_iso3832_20251210,bigster_expression_mildhybrid140_4x2_manual_boot_capacity_repair_kit_folded_vda_iso3832_20251210,vda_iso_3832,folded,,source_stated_total,absent,present,,Official Bigster brochure page 20; exact context for Pojemność maksymalna ze złożoną tylną kanapą z zestawem naprawczym — 1937 dm3 VDA. Empty double-floor and third-row fields mean not stated.
178,cargo_context_bigster_expression_mildhybrid140_4x2_manual_boot_capacity_repair_kit_upright_ordinary_litre_20251210,bigster_expression_mildhybrid140_4x2_manual_boot_capacity_repair_kit_upright_ordinary_litre_20251210,ordinary_litre,upright,,main_luggage_compartment,absent,present,,Official Bigster brochure page 20; exact context for Pojemność maksymalna pod półką bagażową z zestawem naprawczym — 702 litry. Empty double-floor and third-row fields mean not stated.
179,cargo_context_bigster_expression_mildhybrid140_4x2_manual_boot_capacity_repair_kit_folded_ordinary_litre_20251210,bigster_expression_mildhybrid140_4x2_manual_boot_capacity_repair_kit_folded_ordinary_litre_20251210,ordinary_litre,folded,,source_stated_total,absent,present,,Official Bigster brochure page 20; exact context for Pojemność maksymalna ze złożoną tylną kanapą z zestawem naprawczym — 2002 litry. Empty double-floor and third-row fields mean not stated.
180,cargo_context_bigster_extreme_mildhybrid140_4x2_manual_boot_capacity_repair_kit_upright_vda_iso3832_20251210,bigster_extreme_mildhybrid140_4x2_manual_boot_capacity_repair_kit_upright_vda_iso3832_20251210,vda_iso_3832,upright,,main_luggage_compartment,absent,present,,Official Bigster brochure page 20; exact context for Pojemność maksymalna pod półką bagażową z zestawem naprawczym — 667 dm3 VDA. Empty double-floor and third-row fields mean not stated.
181,cargo_context_bigster_extreme_mildhybrid140_4x2_manual_boot_capacity_repair_kit_folded_vda_iso3832_20251210,bigster_extreme_mildhybrid140_4x2_manual_boot_capacity_repair_kit_folded_vda_iso3832_20251210,vda_iso_3832,folded,,source_stated_total,absent,present,,Official Bigster brochure page 20; exact context for Pojemność maksymalna ze złożoną tylną kanapą z zestawem naprawczym — 1937 dm3 VDA. Empty double-floor and third-row fields mean not stated.
182,cargo_context_bigster_extreme_mildhybrid140_4x2_manual_boot_capacity_repair_kit_upright_ordinary_litre_20251210,bigster_extreme_mildhybrid140_4x2_manual_boot_capacity_repair_kit_upright_ordinary_litre_20251210,ordinary_litre,upright,,main_luggage_compartment,absent,present,,Official Bigster brochure page 20; exact context for Pojemność maksymalna pod półką bagażową z zestawem naprawczym — 702 litry. Empty double-floor and third-row fields mean not stated.
183,cargo_context_bigster_extreme_mildhybrid140_4x2_manual_boot_capacity_repair_kit_folded_ordinary_litre_20251210,bigster_extreme_mildhybrid140_4x2_manual_boot_capacity_repair_kit_folded_ordinary_litre_20251210,ordinary_litre,folded,,source_stated_total,absent,present,,Official Bigster brochure page 20; exact context for Pojemność maksymalna ze złożoną tylną kanapą z zestawem naprawczym — 2002 litry. Empty double-floor and third-row fields mean not stated.
184,cargo_context_bigster_journey_mildhybrid140_4x2_manual_boot_capacity_repair_kit_upright_vda_iso3832_20251210,bigster_journey_mildhybrid140_4x2_manual_boot_capacity_repair_kit_upright_vda_iso3832_20251210,vda_iso_3832,upright,,main_luggage_compartment,absent,present,,Official Bigster brochure page 20; exact context for Pojemność maksymalna pod półką bagażową z zestawem naprawczym — 667 dm3 VDA. Empty double-floor and third-row fields mean not stated.
185,cargo_context_bigster_journey_mildhybrid140_4x2_manual_boot_capacity_repair_kit_folded_vda_iso3832_20251210,bigster_journey_mildhybrid140_4x2_manual_boot_capacity_repair_kit_folded_vda_iso3832_20251210,vda_iso_3832,folded,,source_stated_total,absent,present,,Official Bigster brochure page 20; exact context for Pojemność maksymalna ze złożoną tylną kanapą z zestawem naprawczym — 1937 dm3 VDA. Empty double-floor and third-row fields mean not stated.
186,cargo_context_bigster_journey_mildhybrid140_4x2_manual_boot_capacity_repair_kit_upright_ordinary_litre_20251210,bigster_journey_mildhybrid140_4x2_manual_boot_capacity_repair_kit_upright_ordinary_litre_20251210,ordinary_litre,upright,,main_luggage_compartment,absent,present,,Official Bigster brochure page 20; exact context for Pojemność maksymalna pod półką bagażową z zestawem naprawczym — 702 litry. Empty double-floor and third-row fields mean not stated.
187,cargo_context_bigster_journey_mildhybrid140_4x2_manual_boot_capacity_repair_kit_folded_ordinary_litre_20251210,bigster_journey_mildhybrid140_4x2_manual_boot_capacity_repair_kit_folded_ordinary_litre_20251210,ordinary_litre,folded,,source_stated_total,absent,present,,Official Bigster brochure page 20; exact context for Pojemność maksymalna ze złożoną tylną kanapą z zestawem naprawczym — 2002 litry. Empty double-floor and third-row fields mean not stated.
188,cargo_context_bigster_expression_mildhybrid140_4x2_manual_boot_capacity_spare_wheel_upright_vda_iso3832_20251210,bigster_expression_mildhybrid140_4x2_manual_boot_capacity_spare_wheel_upright_vda_iso3832_20251210,vda_iso_3832,upright,,main_luggage_compartment,present,absent,,Official Bigster brochure page 20; exact context for Pojemność maksymalna pod półką bagażową z kołem zapasowym — 624 dm3 VDA. Empty double-floor and third-row fields mean not stated.
189,cargo_context_bigster_expression_mildhybrid140_4x2_manual_boot_capacity_spare_wheel_folded_vda_iso3832_20251210,bigster_expression_mildhybrid140_4x2_manual_boot_capacity_spare_wheel_folded_vda_iso3832_20251210,vda_iso_3832,folded,,source_stated_total,present,absent,,Official Bigster brochure page 20; exact context for Pojemność maksymalna ze złożoną tylną kanapą z kołem zapasowym — 1894 dm3 VDA. Empty double-floor and third-row fields mean not stated.
190,cargo_context_bigster_expression_mildhybrid140_4x2_manual_boot_capacity_spare_wheel_upright_ordinary_litre_20251210,bigster_expression_mildhybrid140_4x2_manual_boot_capacity_spare_wheel_upright_ordinary_litre_20251210,ordinary_litre,upright,,main_luggage_compartment,present,absent,,Official Bigster brochure page 20; exact context for Pojemność maksymalna pod półką bagażową z kołem zapasowym — 681 litrów. Empty double-floor and third-row fields mean not stated.
191,cargo_context_bigster_expression_mildhybrid140_4x2_manual_boot_capacity_spare_wheel_folded_ordinary_litre_20251210,bigster_expression_mildhybrid140_4x2_manual_boot_capacity_spare_wheel_folded_ordinary_litre_20251210,ordinary_litre,folded,,source_stated_total,present,absent,,Official Bigster brochure page 20; exact context for Pojemność maksymalna ze złożoną tylną kanapą z kołem zapasowym — 1981 litrów. Empty double-floor and third-row fields mean not stated.
192,cargo_context_bigster_extreme_mildhybrid140_4x2_manual_boot_capacity_spare_wheel_upright_vda_iso3832_20251210,bigster_extreme_mildhybrid140_4x2_manual_boot_capacity_spare_wheel_upright_vda_iso3832_20251210,vda_iso_3832,upright,,main_luggage_compartment,present,absent,,Official Bigster brochure page 20; exact context for Pojemność maksymalna pod półką bagażową z kołem zapasowym — 624 dm3 VDA. Empty double-floor and third-row fields mean not stated.
193,cargo_context_bigster_extreme_mildhybrid140_4x2_manual_boot_capacity_spare_wheel_folded_vda_iso3832_20251210,bigster_extreme_mildhybrid140_4x2_manual_boot_capacity_spare_wheel_folded_vda_iso3832_20251210,vda_iso_3832,folded,,source_stated_total,present,absent,,Official Bigster brochure page 20; exact context for Pojemność maksymalna ze złożoną tylną kanapą z kołem zapasowym — 1894 dm3 VDA. Empty double-floor and third-row fields mean not stated.
194,cargo_context_bigster_extreme_mildhybrid140_4x2_manual_boot_capacity_spare_wheel_upright_ordinary_litre_20251210,bigster_extreme_mildhybrid140_4x2_manual_boot_capacity_spare_wheel_upright_ordinary_litre_20251210,ordinary_litre,upright,,main_luggage_compartment,present,absent,,Official Bigster brochure page 20; exact context for Pojemność maksymalna pod półką bagażową z kołem zapasowym — 681 litrów. Empty double-floor and third-row fields mean not stated.
195,cargo_context_bigster_extreme_mildhybrid140_4x2_manual_boot_capacity_spare_wheel_folded_ordinary_litre_20251210,bigster_extreme_mildhybrid140_4x2_manual_boot_capacity_spare_wheel_folded_ordinary_litre_20251210,ordinary_litre,folded,,source_stated_total,present,absent,,Official Bigster brochure page 20; exact context for Pojemność maksymalna ze złożoną tylną kanapą z kołem zapasowym — 1981 litrów. Empty double-floor and third-row fields mean not stated.
196,cargo_context_bigster_journey_mildhybrid140_4x2_manual_boot_capacity_spare_wheel_upright_vda_iso3832_20251210,bigster_journey_mildhybrid140_4x2_manual_boot_capacity_spare_wheel_upright_vda_iso3832_20251210,vda_iso_3832,upright,,main_luggage_compartment,present,absent,,Official Bigster brochure page 20; exact context for Pojemność maksymalna pod półką bagażową z kołem zapasowym — 624 dm3 VDA. Empty double-floor and third-row fields mean not stated.
197,cargo_context_bigster_journey_mildhybrid140_4x2_manual_boot_capacity_spare_wheel_folded_vda_iso3832_20251210,bigster_journey_mildhybrid140_4x2_manual_boot_capacity_spare_wheel_folded_vda_iso3832_20251210,vda_iso_3832,folded,,source_stated_total,present,absent,,Official Bigster brochure page 20; exact context for Pojemność maksymalna ze złożoną tylną kanapą z kołem zapasowym — 1894 dm3 VDA. Empty double-floor and third-row fields mean not stated.
198,cargo_context_bigster_journey_mildhybrid140_4x2_manual_boot_capacity_spare_wheel_upright_ordinary_litre_20251210,bigster_journey_mildhybrid140_4x2_manual_boot_capacity_spare_wheel_upright_ordinary_litre_20251210,ordinary_litre,upright,,main_luggage_compartment,present,absent,,Official Bigster brochure page 20; exact context for Pojemność maksymalna pod półką bagażową z kołem zapasowym — 681 litrów. Empty double-floor and third-row fields mean not stated.
199,cargo_context_bigster_journey_mildhybrid140_4x2_manual_boot_capacity_spare_wheel_folded_ordinary_litre_20251210,bigster_journey_mildhybrid140_4x2_manual_boot_capacity_spare_wheel_folded_ordinary_litre_20251210,ordinary_litre,folded,,source_stated_total,present,absent,,Official Bigster brochure page 20; exact context for Pojemność maksymalna ze złożoną tylną kanapą z kołem zapasowym — 1981 litrów. Empty double-floor and third-row fields mean not stated.
200,cargo_context_bigster_expression_hybrid155_4x2_automatic_boot_capacity_repair_kit_upright_vda_iso3832_20251210,bigster_expression_hybrid155_4x2_automatic_boot_capacity_repair_kit_upright_vda_iso3832_20251210,vda_iso_3832,upright,,main_luggage_compartment,absent,present,,Official Bigster brochure page 20; exact context for Pojemność maksymalna pod półką bagażową z zestawem naprawczym — 546 dm3 VDA. Empty double-floor and third-row fields mean not stated.
201,cargo_context_bigster_expression_hybrid155_4x2_automatic_boot_capacity_repair_kit_folded_vda_iso3832_20251210,bigster_expression_hybrid155_4x2_automatic_boot_capacity_repair_kit_folded_vda_iso3832_20251210,vda_iso_3832,folded,,source_stated_total,absent,present,,Official Bigster brochure page 20; exact context for Pojemność maksymalna ze złożoną tylną kanapą z zestawem naprawczym — 1851 dm3 VDA. Empty double-floor and third-row fields mean not stated.
202,cargo_context_bigster_expression_hybrid155_4x2_automatic_boot_capacity_repair_kit_upright_ordinary_litre_20251210,bigster_expression_hybrid155_4x2_automatic_boot_capacity_repair_kit_upright_ordinary_litre_20251210,ordinary_litre,upright,,main_luggage_compartment,absent,present,,Official Bigster brochure page 20; exact context for Pojemność maksymalna pod półką bagażową z zestawem naprawczym — 612 litrów. Empty double-floor and third-row fields mean not stated.
203,cargo_context_bigster_expression_hybrid155_4x2_automatic_boot_capacity_repair_kit_folded_ordinary_litre_20251210,bigster_expression_hybrid155_4x2_automatic_boot_capacity_repair_kit_folded_ordinary_litre_20251210,ordinary_litre,folded,,source_stated_total,absent,present,,Official Bigster brochure page 20; exact context for Pojemność maksymalna ze złożoną tylną kanapą z zestawem naprawczym — 1912 litrów. Empty double-floor and third-row fields mean not stated.
204,cargo_context_bigster_extreme_hybrid155_4x2_automatic_boot_capacity_repair_kit_upright_vda_iso3832_20251210,bigster_extreme_hybrid155_4x2_automatic_boot_capacity_repair_kit_upright_vda_iso3832_20251210,vda_iso_3832,upright,,main_luggage_compartment,absent,present,,Official Bigster brochure page 20; exact context for Pojemność maksymalna pod półką bagażową z zestawem naprawczym — 546 dm3 VDA. Empty double-floor and third-row fields mean not stated.
205,cargo_context_bigster_extreme_hybrid155_4x2_automatic_boot_capacity_repair_kit_folded_vda_iso3832_20251210,bigster_extreme_hybrid155_4x2_automatic_boot_capacity_repair_kit_folded_vda_iso3832_20251210,vda_iso_3832,folded,,source_stated_total,absent,present,,Official Bigster brochure page 20; exact context for Pojemność maksymalna ze złożoną tylną kanapą z zestawem naprawczym — 1851 dm3 VDA. Empty double-floor and third-row fields mean not stated.
206,cargo_context_bigster_extreme_hybrid155_4x2_automatic_boot_capacity_repair_kit_upright_ordinary_litre_20251210,bigster_extreme_hybrid155_4x2_automatic_boot_capacity_repair_kit_upright_ordinary_litre_20251210,ordinary_litre,upright,,main_luggage_compartment,absent,present,,Official Bigster brochure page 20; exact context for Pojemność maksymalna pod półką bagażową z zestawem naprawczym — 612 litrów. Empty double-floor and third-row fields mean not stated.
207,cargo_context_bigster_extreme_hybrid155_4x2_automatic_boot_capacity_repair_kit_folded_ordinary_litre_20251210,bigster_extreme_hybrid155_4x2_automatic_boot_capacity_repair_kit_folded_ordinary_litre_20251210,ordinary_litre,folded,,source_stated_total,absent,present,,Official Bigster brochure page 20; exact context for Pojemność maksymalna ze złożoną tylną kanapą z zestawem naprawczym — 1912 litrów. Empty double-floor and third-row fields mean not stated.
208,cargo_context_bigster_journey_hybrid155_4x2_automatic_boot_capacity_repair_kit_upright_vda_iso3832_20251210,bigster_journey_hybrid155_4x2_automatic_boot_capacity_repair_kit_upright_vda_iso3832_20251210,vda_iso_3832,upright,,main_luggage_compartment,absent,present,,Official Bigster brochure page 20; exact context for Pojemność maksymalna pod półką bagażową z zestawem naprawczym — 546 dm3 VDA. Empty double-floor and third-row fields mean not stated.
209,cargo_context_bigster_journey_hybrid155_4x2_automatic_boot_capacity_repair_kit_folded_vda_iso3832_20251210,bigster_journey_hybrid155_4x2_automatic_boot_capacity_repair_kit_folded_vda_iso3832_20251210,vda_iso_3832,folded,,source_stated_total,absent,present,,Official Bigster brochure page 20; exact context for Pojemność maksymalna ze złożoną tylną kanapą z zestawem naprawczym — 1851 dm3 VDA. Empty double-floor and third-row fields mean not stated.
210,cargo_context_bigster_journey_hybrid155_4x2_automatic_boot_capacity_repair_kit_upright_ordinary_litre_20251210,bigster_journey_hybrid155_4x2_automatic_boot_capacity_repair_kit_upright_ordinary_litre_20251210,ordinary_litre,upright,,main_luggage_compartment,absent,present,,Official Bigster brochure page 20; exact context for Pojemność maksymalna pod półką bagażową z zestawem naprawczym — 612 litrów. Empty double-floor and third-row fields mean not stated.
211,cargo_context_bigster_journey_hybrid155_4x2_automatic_boot_capacity_repair_kit_folded_ordinary_litre_20251210,bigster_journey_hybrid155_4x2_automatic_boot_capacity_repair_kit_folded_ordinary_litre_20251210,ordinary_litre,folded,,source_stated_total,absent,present,,Official Bigster brochure page 20; exact context for Pojemność maksymalna ze złożoną tylną kanapą z zestawem naprawczym — 1912 litrów. Empty double-floor and third-row fields mean not stated.
212,cargo_context_bigster_expression_hybrid155_4x2_automatic_boot_capacity_spare_wheel_upright_vda_iso3832_20251210,bigster_expression_hybrid155_4x2_automatic_boot_capacity_spare_wheel_upright_vda_iso3832_20251210,vda_iso_3832,upright,,main_luggage_compartment,present,absent,,Official Bigster brochure page 20; exact context for Pojemność maksymalna pod półką bagażową z kołem zapasowym — 488 dm3 VDA. Empty double-floor and third-row fields mean not stated.
213,cargo_context_bigster_expression_hybrid155_4x2_automatic_boot_capacity_spare_wheel_folded_vda_iso3832_20251210,bigster_expression_hybrid155_4x2_automatic_boot_capacity_spare_wheel_folded_vda_iso3832_20251210,vda_iso_3832,folded,,source_stated_total,present,absent,,Official Bigster brochure page 20; exact context for Pojemność maksymalna ze złożoną tylną kanapą z kołem zapasowym — 1791 dm3 VDA. Empty double-floor and third-row fields mean not stated.
214,cargo_context_bigster_expression_hybrid155_4x2_automatic_boot_capacity_spare_wheel_upright_ordinary_litre_20251210,bigster_expression_hybrid155_4x2_automatic_boot_capacity_spare_wheel_upright_ordinary_litre_20251210,ordinary_litre,upright,,main_luggage_compartment,present,absent,,Official Bigster brochure page 20; exact context for Pojemność maksymalna pod półką bagażową z kołem zapasowym — 566 litrów. Empty double-floor and third-row fields mean not stated.
215,cargo_context_bigster_expression_hybrid155_4x2_automatic_boot_capacity_spare_wheel_folded_ordinary_litre_20251210,bigster_expression_hybrid155_4x2_automatic_boot_capacity_spare_wheel_folded_ordinary_litre_20251210,ordinary_litre,folded,,source_stated_total,present,absent,,Official Bigster brochure page 20; exact context for Pojemność maksymalna ze złożoną tylną kanapą z kołem zapasowym — 1866 litrów. Empty double-floor and third-row fields mean not stated.
216,cargo_context_bigster_extreme_hybrid155_4x2_automatic_boot_capacity_spare_wheel_upright_vda_iso3832_20251210,bigster_extreme_hybrid155_4x2_automatic_boot_capacity_spare_wheel_upright_vda_iso3832_20251210,vda_iso_3832,upright,,main_luggage_compartment,present,absent,,Official Bigster brochure page 20; exact context for Pojemność maksymalna pod półką bagażową z kołem zapasowym — 488 dm3 VDA. Empty double-floor and third-row fields mean not stated.
217,cargo_context_bigster_extreme_hybrid155_4x2_automatic_boot_capacity_spare_wheel_folded_vda_iso3832_20251210,bigster_extreme_hybrid155_4x2_automatic_boot_capacity_spare_wheel_folded_vda_iso3832_20251210,vda_iso_3832,folded,,source_stated_total,present,absent,,Official Bigster brochure page 20; exact context for Pojemność maksymalna ze złożoną tylną kanapą z kołem zapasowym — 1791 dm3 VDA. Empty double-floor and third-row fields mean not stated.
218,cargo_context_bigster_extreme_hybrid155_4x2_automatic_boot_capacity_spare_wheel_upright_ordinary_litre_20251210,bigster_extreme_hybrid155_4x2_automatic_boot_capacity_spare_wheel_upright_ordinary_litre_20251210,ordinary_litre,upright,,main_luggage_compartment,present,absent,,Official Bigster brochure page 20; exact context for Pojemność maksymalna pod półką bagażową z kołem zapasowym — 566 litrów. Empty double-floor and third-row fields mean not stated.
219,cargo_context_bigster_extreme_hybrid155_4x2_automatic_boot_capacity_spare_wheel_folded_ordinary_litre_20251210,bigster_extreme_hybrid155_4x2_automatic_boot_capacity_spare_wheel_folded_ordinary_litre_20251210,ordinary_litre,folded,,source_stated_total,present,absent,,Official Bigster brochure page 20; exact context for Pojemność maksymalna ze złożoną tylną kanapą z kołem zapasowym — 1866 litrów. Empty double-floor and third-row fields mean not stated.
220,cargo_context_bigster_journey_hybrid155_4x2_automatic_boot_capacity_spare_wheel_upright_vda_iso3832_20251210,bigster_journey_hybrid155_4x2_automatic_boot_capacity_spare_wheel_upright_vda_iso3832_20251210,vda_iso_3832,upright,,main_luggage_compartment,present,absent,,Official Bigster brochure page 20; exact context for Pojemność maksymalna pod półką bagażową z kołem zapasowym — 488 dm3 VDA. Empty double-floor and third-row fields mean not stated.
221,cargo_context_bigster_journey_hybrid155_4x2_automatic_boot_capacity_spare_wheel_folded_vda_iso3832_20251210,bigster_journey_hybrid155_4x2_automatic_boot_capacity_spare_wheel_folded_vda_iso3832_20251210,vda_iso_3832,folded,,source_stated_total,present,absent,,Official Bigster brochure page 20; exact context for Pojemność maksymalna ze złożoną tylną kanapą z kołem zapasowym — 1791 dm3 VDA. Empty double-floor and third-row fields mean not stated.
222,cargo_context_bigster_journey_hybrid155_4x2_automatic_boot_capacity_spare_wheel_upright_ordinary_litre_20251210,bigster_journey_hybrid155_4x2_automatic_boot_capacity_spare_wheel_upright_ordinary_litre_20251210,ordinary_litre,upright,,main_luggage_compartment,present,absent,,Official Bigster brochure page 20; exact context for Pojemność maksymalna pod półką bagażową z kołem zapasowym — 566 litrów. Empty double-floor and third-row fields mean not stated.
223,cargo_context_bigster_journey_hybrid155_4x2_automatic_boot_capacity_spare_wheel_folded_ordinary_litre_20251210,bigster_journey_hybrid155_4x2_automatic_boot_capacity_spare_wheel_folded_ordinary_litre_20251210,ordinary_litre,folded,,source_stated_total,present,absent,,Official Bigster brochure page 20; exact context for Pojemność maksymalna ze złożoną tylną kanapą z kołem zapasowym — 1866 litrów. Empty double-floor and third-row fields mean not stated.
224,duster_iii_essential_ecog120_4x2_manual_boot_capacity_repair_kit_upright_vda_iso3832_20251020_cargo_context,duster_iii_essential_ecog120_4x2_manual_boot_capacity_repair_kit_upright_vda_iso3832_20251020,vda_iso_3832,upright,,main_luggage_compartment,absent,present,,Exact cargo measurement and equipment context preserved from the source table.
225,duster_iii_essential_ecog120_4x2_manual_boot_capacity_repair_kit_folded_vda_iso3832_20251020_cargo_context,duster_iii_essential_ecog120_4x2_manual_boot_capacity_repair_kit_folded_vda_iso3832_20251020,vda_iso_3832,folded,,source_stated_total,absent,present,,Exact cargo measurement and equipment context preserved from the source table.
226,duster_iii_essential_ecog120_4x2_manual_boot_capacity_repair_kit_upright_ordinary_litre_20251020_cargo_context,duster_iii_essential_ecog120_4x2_manual_boot_capacity_repair_kit_upright_ordinary_litre_20251020,ordinary_litre,upright,,main_luggage_compartment,absent,present,,Exact cargo measurement and equipment context preserved from the source table.
227,duster_iii_essential_ecog120_4x2_manual_boot_capacity_repair_kit_folded_ordinary_litre_20251020_cargo_context,duster_iii_essential_ecog120_4x2_manual_boot_capacity_repair_kit_folded_ordinary_litre_20251020,ordinary_litre,folded,,source_stated_total,absent,present,,Exact cargo measurement and equipment context preserved from the source table.
228,duster_iii_expression_ecog120_4x2_manual_boot_capacity_repair_kit_upright_vda_iso3832_20251020_cargo_context,duster_iii_expression_ecog120_4x2_manual_boot_capacity_repair_kit_upright_vda_iso3832_20251020,vda_iso_3832,upright,,main_luggage_compartment,absent,present,,Exact cargo measurement and equipment context preserved from the source table.
229,duster_iii_expression_ecog120_4x2_manual_boot_capacity_repair_kit_folded_vda_iso3832_20251020_cargo_context,duster_iii_expression_ecog120_4x2_manual_boot_capacity_repair_kit_folded_vda_iso3832_20251020,vda_iso_3832,folded,,source_stated_total,absent,present,,Exact cargo measurement and equipment context preserved from the source table.
230,duster_iii_expression_ecog120_4x2_manual_boot_capacity_repair_kit_upright_ordinary_litre_20251020_cargo_context,duster_iii_expression_ecog120_4x2_manual_boot_capacity_repair_kit_upright_ordinary_litre_20251020,ordinary_litre,upright,,main_luggage_compartment,absent,present,,Exact cargo measurement and equipment context preserved from the source table.
231,duster_iii_expression_ecog120_4x2_manual_boot_capacity_repair_kit_folded_ordinary_litre_20251020_cargo_context,duster_iii_expression_ecog120_4x2_manual_boot_capacity_repair_kit_folded_ordinary_litre_20251020,ordinary_litre,folded,,source_stated_total,absent,present,,Exact cargo measurement and equipment context preserved from the source table.
232,duster_iii_extreme_ecog120_4x2_manual_boot_capacity_repair_kit_upright_vda_iso3832_20251020_cargo_context,duster_iii_extreme_ecog120_4x2_manual_boot_capacity_repair_kit_upright_vda_iso3832_20251020,vda_iso_3832,upright,,main_luggage_compartment,absent,present,,Exact cargo measurement and equipment context preserved from the source table.
233,duster_iii_extreme_ecog120_4x2_manual_boot_capacity_repair_kit_folded_vda_iso3832_20251020_cargo_context,duster_iii_extreme_ecog120_4x2_manual_boot_capacity_repair_kit_folded_vda_iso3832_20251020,vda_iso_3832,folded,,source_stated_total,absent,present,,Exact cargo measurement and equipment context preserved from the source table.
234,duster_iii_extreme_ecog120_4x2_manual_boot_capacity_repair_kit_upright_ordinary_litre_20251020_cargo_context,duster_iii_extreme_ecog120_4x2_manual_boot_capacity_repair_kit_upright_ordinary_litre_20251020,ordinary_litre,upright,,main_luggage_compartment,absent,present,,Exact cargo measurement and equipment context preserved from the source table.
235,duster_iii_extreme_ecog120_4x2_manual_boot_capacity_repair_kit_folded_ordinary_litre_20251020_cargo_context,duster_iii_extreme_ecog120_4x2_manual_boot_capacity_repair_kit_folded_ordinary_litre_20251020,ordinary_litre,folded,,source_stated_total,absent,present,,Exact cargo measurement and equipment context preserved from the source table.
236,duster_iii_journey_ecog120_4x2_manual_boot_capacity_repair_kit_upright_vda_iso3832_20251020_cargo_context,duster_iii_journey_ecog120_4x2_manual_boot_capacity_repair_kit_upright_vda_iso3832_20251020,vda_iso_3832,upright,,main_luggage_compartment,absent,present,,Exact cargo measurement and equipment context preserved from the source table.
237,duster_iii_journey_ecog120_4x2_manual_boot_capacity_repair_kit_folded_vda_iso3832_20251020_cargo_context,duster_iii_journey_ecog120_4x2_manual_boot_capacity_repair_kit_folded_vda_iso3832_20251020,vda_iso_3832,folded,,source_stated_total,absent,present,,Exact cargo measurement and equipment context preserved from the source table.
238,duster_iii_journey_ecog120_4x2_manual_boot_capacity_repair_kit_upright_ordinary_litre_20251020_cargo_context,duster_iii_journey_ecog120_4x2_manual_boot_capacity_repair_kit_upright_ordinary_litre_20251020,ordinary_litre,upright,,main_luggage_compartment,absent,present,,Exact cargo measurement and equipment context preserved from the source table.
239,duster_iii_journey_ecog120_4x2_manual_boot_capacity_repair_kit_folded_ordinary_litre_20251020_cargo_context,duster_iii_journey_ecog120_4x2_manual_boot_capacity_repair_kit_folded_ordinary_litre_20251020,ordinary_litre,folded,,source_stated_total,absent,present,,Exact cargo measurement and equipment context preserved from the source table.
240,duster_iii_expression_mildhybrid140_4x2_manual_boot_capacity_repair_kit_upright_vda_iso3832_20251020_cargo_context,duster_iii_expression_mildhybrid140_4x2_manual_boot_capacity_repair_kit_upright_vda_iso3832_20251020,vda_iso_3832,upright,,main_luggage_compartment,absent,present,,Exact cargo measurement and equipment context preserved from the source table.
241,duster_iii_expression_mildhybrid140_4x2_manual_boot_capacity_repair_kit_folded_vda_iso3832_20251020_cargo_context,duster_iii_expression_mildhybrid140_4x2_manual_boot_capacity_repair_kit_folded_vda_iso3832_20251020,vda_iso_3832,folded,,source_stated_total,absent,present,,Exact cargo measurement and equipment context preserved from the source table.
242,duster_iii_expression_mildhybrid140_4x2_manual_boot_capacity_repair_kit_upright_ordinary_litre_20251020_cargo_context,duster_iii_expression_mildhybrid140_4x2_manual_boot_capacity_repair_kit_upright_ordinary_litre_20251020,ordinary_litre,upright,,main_luggage_compartment,absent,present,,Exact cargo measurement and equipment context preserved from the source table.
243,duster_iii_expression_mildhybrid140_4x2_manual_boot_capacity_repair_kit_folded_ordinary_litre_20251020_cargo_context,duster_iii_expression_mildhybrid140_4x2_manual_boot_capacity_repair_kit_folded_ordinary_litre_20251020,ordinary_litre,folded,,source_stated_total,absent,present,,Exact cargo measurement and equipment context preserved from the source table.
244,duster_iii_extreme_mildhybrid140_4x2_manual_boot_capacity_repair_kit_upright_vda_iso3832_20251020_cargo_context,duster_iii_extreme_mildhybrid140_4x2_manual_boot_capacity_repair_kit_upright_vda_iso3832_20251020,vda_iso_3832,upright,,main_luggage_compartment,absent,present,,Exact cargo measurement and equipment context preserved from the source table.
245,duster_iii_extreme_mildhybrid140_4x2_manual_boot_capacity_repair_kit_folded_vda_iso3832_20251020_cargo_context,duster_iii_extreme_mildhybrid140_4x2_manual_boot_capacity_repair_kit_folded_vda_iso3832_20251020,vda_iso_3832,folded,,source_stated_total,absent,present,,Exact cargo measurement and equipment context preserved from the source table.
246,duster_iii_extreme_mildhybrid140_4x2_manual_boot_capacity_repair_kit_upright_ordinary_litre_20251020_cargo_context,duster_iii_extreme_mildhybrid140_4x2_manual_boot_capacity_repair_kit_upright_ordinary_litre_20251020,ordinary_litre,upright,,main_luggage_compartment,absent,present,,Exact cargo measurement and equipment context preserved from the source table.
247,duster_iii_extreme_mildhybrid140_4x2_manual_boot_capacity_repair_kit_folded_ordinary_litre_20251020_cargo_context,duster_iii_extreme_mildhybrid140_4x2_manual_boot_capacity_repair_kit_folded_ordinary_litre_20251020,ordinary_litre,folded,,source_stated_total,absent,present,,Exact cargo measurement and equipment context preserved from the source table.
248,duster_iii_journey_mildhybrid140_4x2_manual_boot_capacity_repair_kit_upright_vda_iso3832_20251020_cargo_context,duster_iii_journey_mildhybrid140_4x2_manual_boot_capacity_repair_kit_upright_vda_iso3832_20251020,vda_iso_3832,upright,,main_luggage_compartment,absent,present,,Exact cargo measurement and equipment context preserved from the source table.
249,duster_iii_journey_mildhybrid140_4x2_manual_boot_capacity_repair_kit_folded_vda_iso3832_20251020_cargo_context,duster_iii_journey_mildhybrid140_4x2_manual_boot_capacity_repair_kit_folded_vda_iso3832_20251020,vda_iso_3832,folded,,source_stated_total,absent,present,,Exact cargo measurement and equipment context preserved from the source table.
250,duster_iii_journey_mildhybrid140_4x2_manual_boot_capacity_repair_kit_upright_ordinary_litre_20251020_cargo_context,duster_iii_journey_mildhybrid140_4x2_manual_boot_capacity_repair_kit_upright_ordinary_litre_20251020,ordinary_litre,upright,,main_luggage_compartment,absent,present,,Exact cargo measurement and equipment context preserved from the source table.
251,duster_iii_journey_mildhybrid140_4x2_manual_boot_capacity_repair_kit_folded_ordinary_litre_20251020_cargo_context,duster_iii_journey_mildhybrid140_4x2_manual_boot_capacity_repair_kit_folded_ordinary_litre_20251020,ordinary_litre,folded,,source_stated_total,absent,present,,Exact cargo measurement and equipment context preserved from the source table.
252,duster_iii_expression_mildhybrid140_4x2_manual_boot_capacity_spare_wheel_upright_vda_iso3832_20251020_cargo_context,duster_iii_expression_mildhybrid140_4x2_manual_boot_capacity_spare_wheel_upright_vda_iso3832_20251020,vda_iso_3832,upright,,main_luggage_compartment,present,absent,,Exact cargo measurement and equipment context preserved from the source table.
253,duster_iii_expression_mildhybrid140_4x2_manual_boot_capacity_spare_wheel_folded_vda_iso3832_20251020_cargo_context,duster_iii_expression_mildhybrid140_4x2_manual_boot_capacity_spare_wheel_folded_vda_iso3832_20251020,vda_iso_3832,folded,,source_stated_total,present,absent,,Exact cargo measurement and equipment context preserved from the source table.
254,duster_iii_expression_mildhybrid140_4x2_manual_boot_capacity_spare_wheel_upright_ordinary_litre_20251020_cargo_context,duster_iii_expression_mildhybrid140_4x2_manual_boot_capacity_spare_wheel_upright_ordinary_litre_20251020,ordinary_litre,upright,,main_luggage_compartment,present,absent,,Exact cargo measurement and equipment context preserved from the source table.
255,duster_iii_expression_mildhybrid140_4x2_manual_boot_capacity_spare_wheel_folded_ordinary_litre_20251020_cargo_context,duster_iii_expression_mildhybrid140_4x2_manual_boot_capacity_spare_wheel_folded_ordinary_litre_20251020,ordinary_litre,folded,,source_stated_total,present,absent,,Exact cargo measurement and equipment context preserved from the source table.
256,duster_iii_extreme_mildhybrid140_4x2_manual_boot_capacity_spare_wheel_upright_vda_iso3832_20251020_cargo_context,duster_iii_extreme_mildhybrid140_4x2_manual_boot_capacity_spare_wheel_upright_vda_iso3832_20251020,vda_iso_3832,upright,,main_luggage_compartment,present,absent,,Exact cargo measurement and equipment context preserved from the source table.
257,duster_iii_extreme_mildhybrid140_4x2_manual_boot_capacity_spare_wheel_folded_vda_iso3832_20251020_cargo_context,duster_iii_extreme_mildhybrid140_4x2_manual_boot_capacity_spare_wheel_folded_vda_iso3832_20251020,vda_iso_3832,folded,,source_stated_total,present,absent,,Exact cargo measurement and equipment context preserved from the source table.
258,duster_iii_extreme_mildhybrid140_4x2_manual_boot_capacity_spare_wheel_upright_ordinary_litre_20251020_cargo_context,duster_iii_extreme_mildhybrid140_4x2_manual_boot_capacity_spare_wheel_upright_ordinary_litre_20251020,ordinary_litre,upright,,main_luggage_compartment,present,absent,,Exact cargo measurement and equipment context preserved from the source table.
259,duster_iii_extreme_mildhybrid140_4x2_manual_boot_capacity_spare_wheel_folded_ordinary_litre_20251020_cargo_context,duster_iii_extreme_mildhybrid140_4x2_manual_boot_capacity_spare_wheel_folded_ordinary_litre_20251020,ordinary_litre,folded,,source_stated_total,present,absent,,Exact cargo measurement and equipment context preserved from the source table.
260,duster_iii_journey_mildhybrid140_4x2_manual_boot_capacity_spare_wheel_upright_vda_iso3832_20251020_cargo_context,duster_iii_journey_mildhybrid140_4x2_manual_boot_capacity_spare_wheel_upright_vda_iso3832_20251020,vda_iso_3832,upright,,main_luggage_compartment,present,absent,,Exact cargo measurement and equipment context preserved from the source table.
261,duster_iii_journey_mildhybrid140_4x2_manual_boot_capacity_spare_wheel_folded_vda_iso3832_20251020_cargo_context,duster_iii_journey_mildhybrid140_4x2_manual_boot_capacity_spare_wheel_folded_vda_iso3832_20251020,vda_iso_3832,folded,,source_stated_total,present,absent,,Exact cargo measurement and equipment context preserved from the source table.
262,duster_iii_journey_mildhybrid140_4x2_manual_boot_capacity_spare_wheel_upright_ordinary_litre_20251020_cargo_context,duster_iii_journey_mildhybrid140_4x2_manual_boot_capacity_spare_wheel_upright_ordinary_litre_20251020,ordinary_litre,upright,,main_luggage_compartment,present,absent,,Exact cargo measurement and equipment context preserved from the source table.
263,duster_iii_journey_mildhybrid140_4x2_manual_boot_capacity_spare_wheel_folded_ordinary_litre_20251020_cargo_context,duster_iii_journey_mildhybrid140_4x2_manual_boot_capacity_spare_wheel_folded_ordinary_litre_20251020,ordinary_litre,folded,,source_stated_total,present,absent,,Exact cargo measurement and equipment context preserved from the source table.
264,duster_iii_expression_hybrid155_4x2_automatic_boot_capacity_repair_kit_upright_vda_iso3832_20251020_cargo_context,duster_iii_expression_hybrid155_4x2_automatic_boot_capacity_repair_kit_upright_vda_iso3832_20251020,vda_iso_3832,upright,,main_luggage_compartment,absent,present,,Exact cargo measurement and equipment context preserved from the source table.
265,duster_iii_expression_hybrid155_4x2_automatic_boot_capacity_repair_kit_folded_vda_iso3832_20251020_cargo_context,duster_iii_expression_hybrid155_4x2_automatic_boot_capacity_repair_kit_folded_vda_iso3832_20251020,vda_iso_3832,folded,,source_stated_total,absent,present,,Exact cargo measurement and equipment context preserved from the source table.
266,duster_iii_expression_hybrid155_4x2_automatic_boot_capacity_repair_kit_upright_ordinary_litre_20251020_cargo_context,duster_iii_expression_hybrid155_4x2_automatic_boot_capacity_repair_kit_upright_ordinary_litre_20251020,ordinary_litre,upright,,main_luggage_compartment,absent,present,,Exact cargo measurement and equipment context preserved from the source table.
267,duster_iii_expression_hybrid155_4x2_automatic_boot_capacity_repair_kit_folded_ordinary_litre_20251020_cargo_context,duster_iii_expression_hybrid155_4x2_automatic_boot_capacity_repair_kit_folded_ordinary_litre_20251020,ordinary_litre,folded,,source_stated_total,absent,present,,Exact cargo measurement and equipment context preserved from the source table.
268,duster_iii_extreme_hybrid155_4x2_automatic_boot_capacity_repair_kit_upright_vda_iso3832_20251020_cargo_context,duster_iii_extreme_hybrid155_4x2_automatic_boot_capacity_repair_kit_upright_vda_iso3832_20251020,vda_iso_3832,upright,,main_luggage_compartment,absent,present,,Exact cargo measurement and equipment context preserved from the source table.
269,duster_iii_extreme_hybrid155_4x2_automatic_boot_capacity_repair_kit_folded_vda_iso3832_20251020_cargo_context,duster_iii_extreme_hybrid155_4x2_automatic_boot_capacity_repair_kit_folded_vda_iso3832_20251020,vda_iso_3832,folded,,source_stated_total,absent,present,,Exact cargo measurement and equipment context preserved from the source table.
270,duster_iii_extreme_hybrid155_4x2_automatic_boot_capacity_repair_kit_upright_ordinary_litre_20251020_cargo_context,duster_iii_extreme_hybrid155_4x2_automatic_boot_capacity_repair_kit_upright_ordinary_litre_20251020,ordinary_litre,upright,,main_luggage_compartment,absent,present,,Exact cargo measurement and equipment context preserved from the source table.
271,duster_iii_extreme_hybrid155_4x2_automatic_boot_capacity_repair_kit_folded_ordinary_litre_20251020_cargo_context,duster_iii_extreme_hybrid155_4x2_automatic_boot_capacity_repair_kit_folded_ordinary_litre_20251020,ordinary_litre,folded,,source_stated_total,absent,present,,Exact cargo measurement and equipment context preserved from the source table.
272,duster_iii_journey_hybrid155_4x2_automatic_boot_capacity_repair_kit_upright_vda_iso3832_20251020_cargo_context,duster_iii_journey_hybrid155_4x2_automatic_boot_capacity_repair_kit_upright_vda_iso3832_20251020,vda_iso_3832,upright,,main_luggage_compartment,absent,present,,Exact cargo measurement and equipment context preserved from the source table.
273,duster_iii_journey_hybrid155_4x2_automatic_boot_capacity_repair_kit_folded_vda_iso3832_20251020_cargo_context,duster_iii_journey_hybrid155_4x2_automatic_boot_capacity_repair_kit_folded_vda_iso3832_20251020,vda_iso_3832,folded,,source_stated_total,absent,present,,Exact cargo measurement and equipment context preserved from the source table.
274,duster_iii_journey_hybrid155_4x2_automatic_boot_capacity_repair_kit_upright_ordinary_litre_20251020_cargo_context,duster_iii_journey_hybrid155_4x2_automatic_boot_capacity_repair_kit_upright_ordinary_litre_20251020,ordinary_litre,upright,,main_luggage_compartment,absent,present,,Exact cargo measurement and equipment context preserved from the source table.
275,duster_iii_journey_hybrid155_4x2_automatic_boot_capacity_repair_kit_folded_ordinary_litre_20251020_cargo_context,duster_iii_journey_hybrid155_4x2_automatic_boot_capacity_repair_kit_folded_ordinary_litre_20251020,ordinary_litre,folded,,source_stated_total,absent,present,,Exact cargo measurement and equipment context preserved from the source table.
276,duster_iii_expression_hybrid155_4x2_automatic_boot_capacity_spare_wheel_upright_vda_iso3832_20251020_cargo_context,duster_iii_expression_hybrid155_4x2_automatic_boot_capacity_spare_wheel_upright_vda_iso3832_20251020,vda_iso_3832,upright,,main_luggage_compartment,present,absent,,Exact cargo measurement and equipment context preserved from the source table.
277,duster_iii_expression_hybrid155_4x2_automatic_boot_capacity_spare_wheel_folded_vda_iso3832_20251020_cargo_context,duster_iii_expression_hybrid155_4x2_automatic_boot_capacity_spare_wheel_folded_vda_iso3832_20251020,vda_iso_3832,folded,,source_stated_total,present,absent,,Exact cargo measurement and equipment context preserved from the source table.
278,duster_iii_expression_hybrid155_4x2_automatic_boot_capacity_spare_wheel_upright_ordinary_litre_20251020_cargo_context,duster_iii_expression_hybrid155_4x2_automatic_boot_capacity_spare_wheel_upright_ordinary_litre_20251020,ordinary_litre,upright,,main_luggage_compartment,present,absent,,Exact cargo measurement and equipment context preserved from the source table.
279,duster_iii_expression_hybrid155_4x2_automatic_boot_capacity_spare_wheel_folded_ordinary_litre_20251020_cargo_context,duster_iii_expression_hybrid155_4x2_automatic_boot_capacity_spare_wheel_folded_ordinary_litre_20251020,ordinary_litre,folded,,source_stated_total,present,absent,,Exact cargo measurement and equipment context preserved from the source table.
280,duster_iii_extreme_hybrid155_4x2_automatic_boot_capacity_spare_wheel_upright_vda_iso3832_20251020_cargo_context,duster_iii_extreme_hybrid155_4x2_automatic_boot_capacity_spare_wheel_upright_vda_iso3832_20251020,vda_iso_3832,upright,,main_luggage_compartment,present,absent,,Exact cargo measurement and equipment context preserved from the source table.
281,duster_iii_extreme_hybrid155_4x2_automatic_boot_capacity_spare_wheel_folded_vda_iso3832_20251020_cargo_context,duster_iii_extreme_hybrid155_4x2_automatic_boot_capacity_spare_wheel_folded_vda_iso3832_20251020,vda_iso_3832,folded,,source_stated_total,present,absent,,Exact cargo measurement and equipment context preserved from the source table.
282,duster_iii_extreme_hybrid155_4x2_automatic_boot_capacity_spare_wheel_upright_ordinary_litre_20251020_cargo_context,duster_iii_extreme_hybrid155_4x2_automatic_boot_capacity_spare_wheel_upright_ordinary_litre_20251020,ordinary_litre,upright,,main_luggage_compartment,present,absent,,Exact cargo measurement and equipment context preserved from the source table.
283,duster_iii_extreme_hybrid155_4x2_automatic_boot_capacity_spare_wheel_folded_ordinary_litre_20251020_cargo_context,duster_iii_extreme_hybrid155_4x2_automatic_boot_capacity_spare_wheel_folded_ordinary_litre_20251020,ordinary_litre,folded,,source_stated_total,present,absent,,Exact cargo measurement and equipment context preserved from the source table.
284,duster_iii_journey_hybrid155_4x2_automatic_boot_capacity_spare_wheel_upright_vda_iso3832_20251020_cargo_context,duster_iii_journey_hybrid155_4x2_automatic_boot_capacity_spare_wheel_upright_vda_iso3832_20251020,vda_iso_3832,upright,,main_luggage_compartment,present,absent,,Exact cargo measurement and equipment context preserved from the source table.
285,duster_iii_journey_hybrid155_4x2_automatic_boot_capacity_spare_wheel_folded_vda_iso3832_20251020_cargo_context,duster_iii_journey_hybrid155_4x2_automatic_boot_capacity_spare_wheel_folded_vda_iso3832_20251020,vda_iso_3832,folded,,source_stated_total,present,absent,,Exact cargo measurement and equipment context preserved from the source table.
286,duster_iii_journey_hybrid155_4x2_automatic_boot_capacity_spare_wheel_upright_ordinary_litre_20251020_cargo_context,duster_iii_journey_hybrid155_4x2_automatic_boot_capacity_spare_wheel_upright_ordinary_litre_20251020,ordinary_litre,upright,,main_luggage_compartment,present,absent,,Exact cargo measurement and equipment context preserved from the source table.
287,duster_iii_journey_hybrid155_4x2_automatic_boot_capacity_spare_wheel_folded_ordinary_litre_20251020_cargo_context,duster_iii_journey_hybrid155_4x2_automatic_boot_capacity_spare_wheel_folded_ordinary_litre_20251020,ordinary_litre,folded,,source_stated_total,present,absent,,Exact cargo measurement and equipment context preserved from the source table.
288,cargo_context_sandero_iii_essential_tce100_manual_boot_capacity_minimum_vda_iso3832_20260202,sandero_iii_essential_tce100_manual_boot_capacity_minimum_vda_iso3832_20260202,vda_iso_3832,upright,,main_luggage_compartment,,,,Official brochure page 20; exact context for Minimalna pojemność bagażnika — 328 dm3 według normy ISO 3832. Empty optional fields mean not stated.
289,cargo_context_sandero_iii_essential_tce100_manual_boot_capacity_minimum_ordinary_litre_20260202,sandero_iii_essential_tce100_manual_boot_capacity_minimum_ordinary_litre_20260202,ordinary_litre,upright,,main_luggage_compartment,,,,Official brochure page 20; exact context for Minimalna pojemność bagażnika — 410 litrów. Empty optional fields mean not stated.
290,cargo_context_sandero_iii_essential_tce100_manual_boot_capacity_maximum_vda_iso3832_20260202,sandero_iii_essential_tce100_manual_boot_capacity_maximum_vda_iso3832_20260202,vda_iso_3832,folded,,source_stated_total,,,,Official brochure page 20; exact context for Maksymalna pojemność bagażnika — 1108 dm3 według normy ISO 3832. Empty optional fields mean not stated.
291,cargo_context_sandero_iii_essential_tce100_manual_boot_capacity_maximum_ordinary_litre_20260202,sandero_iii_essential_tce100_manual_boot_capacity_maximum_ordinary_litre_20260202,ordinary_litre,folded,,source_stated_total,,,,Official brochure page 20; exact context for Maksymalna pojemność bagażnika — 1455 litrów. Empty optional fields mean not stated.
292,cargo_context_sandero_iii_essential_tce100_manual_boot_capacity_underfloor_vda_iso3832_20260202,sandero_iii_essential_tce100_manual_boot_capacity_underfloor_vda_iso3832_20260202,vda_iso_3832,,,underfloor_compartment,,,,Official brochure page 20; exact context for Pojemność schowka pod podłogą — 78 dm3 według normy ISO 3832. Empty optional fields mean not stated.
293,cargo_context_sandero_iii_expression_tce100_manual_boot_capacity_minimum_vda_iso3832_20260202,sandero_iii_expression_tce100_manual_boot_capacity_minimum_vda_iso3832_20260202,vda_iso_3832,upright,,main_luggage_compartment,,,,Official brochure page 20; exact context for Minimalna pojemność bagażnika — 328 dm3 według normy ISO 3832. Empty optional fields mean not stated.
294,cargo_context_sandero_iii_expression_tce100_manual_boot_capacity_minimum_ordinary_litre_20260202,sandero_iii_expression_tce100_manual_boot_capacity_minimum_ordinary_litre_20260202,ordinary_litre,upright,,main_luggage_compartment,,,,Official brochure page 20; exact context for Minimalna pojemność bagażnika — 410 litrów. Empty optional fields mean not stated.
295,cargo_context_sandero_iii_expression_tce100_manual_boot_capacity_maximum_vda_iso3832_20260202,sandero_iii_expression_tce100_manual_boot_capacity_maximum_vda_iso3832_20260202,vda_iso_3832,folded,,source_stated_total,,,,Official brochure page 20; exact context for Maksymalna pojemność bagażnika — 1108 dm3 według normy ISO 3832. Empty optional fields mean not stated.
296,cargo_context_sandero_iii_expression_tce100_manual_boot_capacity_maximum_ordinary_litre_20260202,sandero_iii_expression_tce100_manual_boot_capacity_maximum_ordinary_litre_20260202,ordinary_litre,folded,,source_stated_total,,,,Official brochure page 20; exact context for Maksymalna pojemność bagażnika — 1455 litrów. Empty optional fields mean not stated.
297,cargo_context_sandero_iii_expression_tce100_manual_boot_capacity_underfloor_vda_iso3832_20260202,sandero_iii_expression_tce100_manual_boot_capacity_underfloor_vda_iso3832_20260202,vda_iso_3832,,,underfloor_compartment,,,,Official brochure page 20; exact context for Pojemność schowka pod podłogą — 78 dm3 według normy ISO 3832. Empty optional fields mean not stated.
298,cargo_context_sandero_iii_journey_tce100_manual_boot_capacity_minimum_vda_iso3832_20260202,sandero_iii_journey_tce100_manual_boot_capacity_minimum_vda_iso3832_20260202,vda_iso_3832,upright,,main_luggage_compartment,,,,Official brochure page 20; exact context for Minimalna pojemność bagażnika — 328 dm3 według normy ISO 3832. Empty optional fields mean not stated.
299,cargo_context_sandero_iii_journey_tce100_manual_boot_capacity_minimum_ordinary_litre_20260202,sandero_iii_journey_tce100_manual_boot_capacity_minimum_ordinary_litre_20260202,ordinary_litre,upright,,main_luggage_compartment,,,,Official brochure page 20; exact context for Minimalna pojemność bagażnika — 410 litrów. Empty optional fields mean not stated.
300,cargo_context_sandero_iii_journey_tce100_manual_boot_capacity_maximum_vda_iso3832_20260202,sandero_iii_journey_tce100_manual_boot_capacity_maximum_vda_iso3832_20260202,vda_iso_3832,folded,,source_stated_total,,,,Official brochure page 20; exact context for Maksymalna pojemność bagażnika — 1108 dm3 według normy ISO 3832. Empty optional fields mean not stated.
301,cargo_context_sandero_iii_journey_tce100_manual_boot_capacity_maximum_ordinary_litre_20260202,sandero_iii_journey_tce100_manual_boot_capacity_maximum_ordinary_litre_20260202,ordinary_litre,folded,,source_stated_total,,,,Official brochure page 20; exact context for Maksymalna pojemność bagażnika — 1455 litrów. Empty optional fields mean not stated.
302,cargo_context_sandero_iii_journey_tce100_manual_boot_capacity_underfloor_vda_iso3832_20260202,sandero_iii_journey_tce100_manual_boot_capacity_underfloor_vda_iso3832_20260202,vda_iso_3832,,,underfloor_compartment,,,,Official brochure page 20; exact context for Pojemność schowka pod podłogą — 78 dm3 według normy ISO 3832. Empty optional fields mean not stated.
303,cargo_context_sandero_stepway_iii_essential_tce110_manual_boot_capacity_minimum_vda_iso3832_20260202,sandero_stepway_iii_essential_tce110_manual_boot_capacity_minimum_vda_iso3832_20260202,vda_iso_3832,upright,,main_luggage_compartment,,,,Official brochure page 20; exact context for Minimalna pojemność bagażnika — 328 dm3 według normy ISO 3832. Empty optional fields mean not stated.
304,cargo_context_sandero_stepway_iii_essential_tce110_manual_boot_capacity_minimum_ordinary_litre_20260202,sandero_stepway_iii_essential_tce110_manual_boot_capacity_minimum_ordinary_litre_20260202,ordinary_litre,upright,,main_luggage_compartment,,,,Official brochure page 20; exact context for Minimalna pojemność bagażnika — 410 litrów. Empty optional fields mean not stated.
305,cargo_context_sandero_stepway_iii_essential_tce110_manual_boot_capacity_maximum_vda_iso3832_20260202,sandero_stepway_iii_essential_tce110_manual_boot_capacity_maximum_vda_iso3832_20260202,vda_iso_3832,folded,,source_stated_total,,,,Official brochure page 20; exact context for Maksymalna pojemność bagażnika — 1108 dm3 według normy ISO 3832. Empty optional fields mean not stated.
306,cargo_context_sandero_stepway_iii_essential_tce110_manual_boot_capacity_maximum_ordinary_litre_20260202,sandero_stepway_iii_essential_tce110_manual_boot_capacity_maximum_ordinary_litre_20260202,ordinary_litre,folded,,source_stated_total,,,,Official brochure page 20; exact context for Maksymalna pojemność bagażnika — 1455 litrów. Empty optional fields mean not stated.
307,cargo_context_sandero_stepway_iii_essential_tce110_manual_boot_capacity_underfloor_vda_iso3832_20260202,sandero_stepway_iii_essential_tce110_manual_boot_capacity_underfloor_vda_iso3832_20260202,vda_iso_3832,,,underfloor_compartment,,,,Official brochure page 20; exact context for Pojemność schowka pod podłogą — 78 dm3 według normy ISO 3832. Empty optional fields mean not stated.
308,cargo_context_sandero_stepway_iii_expression_tce110_manual_boot_capacity_minimum_vda_iso3832_20260202,sandero_stepway_iii_expression_tce110_manual_boot_capacity_minimum_vda_iso3832_20260202,vda_iso_3832,upright,,main_luggage_compartment,,,,Official brochure page 20; exact context for Minimalna pojemność bagażnika — 328 dm3 według normy ISO 3832. Empty optional fields mean not stated.
309,cargo_context_sandero_stepway_iii_expression_tce110_manual_boot_capacity_minimum_ordinary_litre_20260202,sandero_stepway_iii_expression_tce110_manual_boot_capacity_minimum_ordinary_litre_20260202,ordinary_litre,upright,,main_luggage_compartment,,,,Official brochure page 20; exact context for Minimalna pojemność bagażnika — 410 litrów. Empty optional fields mean not stated.
310,cargo_context_sandero_stepway_iii_expression_tce110_manual_boot_capacity_maximum_vda_iso3832_20260202,sandero_stepway_iii_expression_tce110_manual_boot_capacity_maximum_vda_iso3832_20260202,vda_iso_3832,folded,,source_stated_total,,,,Official brochure page 20; exact context for Maksymalna pojemność bagażnika — 1108 dm3 według normy ISO 3832. Empty optional fields mean not stated.
311,cargo_context_sandero_stepway_iii_expression_tce110_manual_boot_capacity_maximum_ordinary_litre_20260202,sandero_stepway_iii_expression_tce110_manual_boot_capacity_maximum_ordinary_litre_20260202,ordinary_litre,folded,,source_stated_total,,,,Official brochure page 20; exact context for Maksymalna pojemność bagażnika — 1455 litrów. Empty optional fields mean not stated.
312,cargo_context_sandero_stepway_iii_expression_tce110_manual_boot_capacity_underfloor_vda_iso3832_20260202,sandero_stepway_iii_expression_tce110_manual_boot_capacity_underfloor_vda_iso3832_20260202,vda_iso_3832,,,underfloor_compartment,,,,Official brochure page 20; exact context for Pojemność schowka pod podłogą — 78 dm3 według normy ISO 3832. Empty optional fields mean not stated.
313,cargo_context_sandero_stepway_iii_extreme_tce110_manual_boot_capacity_minimum_vda_iso3832_20260202,sandero_stepway_iii_extreme_tce110_manual_boot_capacity_minimum_vda_iso3832_20260202,vda_iso_3832,upright,,main_luggage_compartment,,,,Official brochure page 20; exact context for Minimalna pojemność bagażnika — 328 dm3 według normy ISO 3832. Empty optional fields mean not stated.
314,cargo_context_sandero_stepway_iii_extreme_tce110_manual_boot_capacity_minimum_ordinary_litre_20260202,sandero_stepway_iii_extreme_tce110_manual_boot_capacity_minimum_ordinary_litre_20260202,ordinary_litre,upright,,main_luggage_compartment,,,,Official brochure page 20; exact context for Minimalna pojemność bagażnika — 410 litrów. Empty optional fields mean not stated.
315,cargo_context_sandero_stepway_iii_extreme_tce110_manual_boot_capacity_maximum_vda_iso3832_20260202,sandero_stepway_iii_extreme_tce110_manual_boot_capacity_maximum_vda_iso3832_20260202,vda_iso_3832,folded,,source_stated_total,,,,Official brochure page 20; exact context for Maksymalna pojemność bagażnika — 1108 dm3 według normy ISO 3832. Empty optional fields mean not stated.
316,cargo_context_sandero_stepway_iii_extreme_tce110_manual_boot_capacity_maximum_ordinary_litre_20260202,sandero_stepway_iii_extreme_tce110_manual_boot_capacity_maximum_ordinary_litre_20260202,ordinary_litre,folded,,source_stated_total,,,,Official brochure page 20; exact context for Maksymalna pojemność bagażnika — 1455 litrów. Empty optional fields mean not stated.
317,cargo_context_sandero_stepway_iii_extreme_tce110_manual_boot_capacity_underfloor_vda_iso3832_20260202,sandero_stepway_iii_extreme_tce110_manual_boot_capacity_underfloor_vda_iso3832_20260202,vda_iso_3832,,,underfloor_compartment,,,,Official brochure page 20; exact context for Pojemność schowka pod podłogą — 78 dm3 według normy ISO 3832. Empty optional fields mean not stated.
318,cargo_context_spring_essential_electric70_automatic_boot_capacity_20260219,spring_essential_electric70_automatic_boot_capacity_20260219,vda_iso_3832,upright,,main_luggage_compartment,,,,Official Spring brochure page 21; exact ISO 3832 minimum luggage context. Empty optional fields mean not stated.
319,cargo_context_spring_expression_electric70_automatic_boot_capacity_20260219,spring_expression_electric70_automatic_boot_capacity_20260219,vda_iso_3832,upright,,main_luggage_compartment,,,,Official Spring brochure page 21; exact ISO 3832 minimum luggage context. Empty optional fields mean not stated.
320,cargo_context_spring_extreme_electric100_automatic_boot_capacity_20260219,spring_extreme_electric100_automatic_boot_capacity_20260219,vda_iso_3832,upright,,main_luggage_compartment,,,,Official Spring brochure page 21; exact ISO 3832 minimum luggage context. Empty optional fields mean not stated.
321,cargo_context_sandero_iii_essential_tce100_manual_boot_capacity_all_20260809_cargo_upright_spare_vda_321,sandero_iii_essential_tce100_manual_boot_capacity_all_20260809_cargo_upright_spare_vda,vda_iso_3832,upright,,main_luggage_compartment,present,,,Pojemność przestrzeni bagażowej min. (dm3) 328 z kołem / 372 (410 l) z zestawem
322,cargo_context_sandero_iii_essential_tce100_manual_boot_capacity_all_20260809_cargo_upright_kit_vda_322,sandero_iii_essential_tce100_manual_boot_capacity_all_20260809_cargo_upright_kit_vda,vda_iso_3832,upright,,main_luggage_compartment,,present,,Pojemność przestrzeni bagażowej min. (dm3) 328 z kołem / 372 (410 l) z zestawem
323,cargo_context_sandero_iii_essential_tce100_manual_boot_capacity_all_20260809_cargo_upright_kit_litre_323,sandero_iii_essential_tce100_manual_boot_capacity_all_20260809_cargo_upright_kit_litre,ordinary_litre,upright,,main_luggage_compartment,,present,,Pojemność przestrzeni bagażowej min. (dm3) 328 z kołem / 372 (410 l) z zestawem
324,cargo_context_sandero_iii_essential_tce100_manual_boot_capacity_all_20260809_cargo_folded_spare_vda_324,sandero_iii_essential_tce100_manual_boot_capacity_all_20260809_cargo_folded_spare_vda,vda_iso_3832,folded,,source_stated_total,present,,,Pojemność przestrzeni bagażowej maks. po złożeniu kanapy (dm3) 1108 z kołem / 1152 (1455 l) z zestawem
325,cargo_context_sandero_iii_essential_tce100_manual_boot_capacity_all_20260809_cargo_folded_kit_vda_325,sandero_iii_essential_tce100_manual_boot_capacity_all_20260809_cargo_folded_kit_vda,vda_iso_3832,folded,,source_stated_total,,present,,Pojemność przestrzeni bagażowej maks. po złożeniu kanapy (dm3) 1108 z kołem / 1152 (1455 l) z zestawem
326,cargo_context_sandero_iii_essential_tce100_manual_boot_capacity_all_20260809_cargo_folded_kit_litre_326,sandero_iii_essential_tce100_manual_boot_capacity_all_20260809_cargo_folded_kit_litre,ordinary_litre,folded,,source_stated_total,,present,,Pojemność przestrzeni bagażowej maks. po złożeniu kanapy (dm3) 1108 z kołem / 1152 (1455 l) z zestawem
327,cargo_context_sandero_iii_expression_tce100_manual_boot_capacity_all_20260809_cargo_upright_spare_vda_327,sandero_iii_expression_tce100_manual_boot_capacity_all_20260809_cargo_upright_spare_vda,vda_iso_3832,upright,,main_luggage_compartment,present,,,Pojemność przestrzeni bagażowej min. (dm3) 328 z kołem / 372 (410 l) z zestawem
328,cargo_context_sandero_iii_expression_tce100_manual_boot_capacity_all_20260809_cargo_upright_kit_vda_328,sandero_iii_expression_tce100_manual_boot_capacity_all_20260809_cargo_upright_kit_vda,vda_iso_3832,upright,,main_luggage_compartment,,present,,Pojemność przestrzeni bagażowej min. (dm3) 328 z kołem / 372 (410 l) z zestawem
329,cargo_context_sandero_iii_expression_tce100_manual_boot_capacity_all_20260809_cargo_upright_kit_litre_329,sandero_iii_expression_tce100_manual_boot_capacity_all_20260809_cargo_upright_kit_litre,ordinary_litre,upright,,main_luggage_compartment,,present,,Pojemność przestrzeni bagażowej min. (dm3) 328 z kołem / 372 (410 l) z zestawem
330,cargo_context_sandero_iii_expression_tce100_manual_boot_capacity_all_20260809_cargo_folded_spare_vda_330,sandero_iii_expression_tce100_manual_boot_capacity_all_20260809_cargo_folded_spare_vda,vda_iso_3832,folded,,source_stated_total,present,,,Pojemność przestrzeni bagażowej maks. po złożeniu kanapy (dm3) 1108 z kołem / 1152 (1455 l) z zestawem
331,cargo_context_sandero_iii_expression_tce100_manual_boot_capacity_all_20260809_cargo_folded_kit_vda_331,sandero_iii_expression_tce100_manual_boot_capacity_all_20260809_cargo_folded_kit_vda,vda_iso_3832,folded,,source_stated_total,,present,,Pojemność przestrzeni bagażowej maks. po złożeniu kanapy (dm3) 1108 z kołem / 1152 (1455 l) z zestawem
332,cargo_context_sandero_iii_expression_tce100_manual_boot_capacity_all_20260809_cargo_folded_kit_litre_332,sandero_iii_expression_tce100_manual_boot_capacity_all_20260809_cargo_folded_kit_litre,ordinary_litre,folded,,source_stated_total,,present,,Pojemność przestrzeni bagażowej maks. po złożeniu kanapy (dm3) 1108 z kołem / 1152 (1455 l) z zestawem
333,cargo_context_sandero_iii_expression_ecog120_manual_boot_capacity_all_20260809_cargo_upright_spare_vda_333,sandero_iii_expression_ecog120_manual_boot_capacity_all_20260809_cargo_upright_spare_vda,vda_iso_3832,upright,,main_luggage_compartment,present,,,Pojemność przestrzeni bagażowej min. (dm3) 328 z kołem / 372 (410 l) z zestawem
334,cargo_context_sandero_iii_expression_ecog120_manual_boot_capacity_all_20260809_cargo_upright_kit_vda_334,sandero_iii_expression_ecog120_manual_boot_capacity_all_20260809_cargo_upright_kit_vda,vda_iso_3832,upright,,main_luggage_compartment,,present,,Pojemność przestrzeni bagażowej min. (dm3) 328 z kołem / 372 (410 l) z zestawem
335,cargo_context_sandero_iii_expression_ecog120_manual_boot_capacity_all_20260809_cargo_upright_kit_litre_335,sandero_iii_expression_ecog120_manual_boot_capacity_all_20260809_cargo_upright_kit_litre,ordinary_litre,upright,,main_luggage_compartment,,present,,Pojemność przestrzeni bagażowej min. (dm3) 328 z kołem / 372 (410 l) z zestawem
336,cargo_context_sandero_iii_expression_ecog120_manual_boot_capacity_all_20260809_cargo_folded_spare_vda_336,sandero_iii_expression_ecog120_manual_boot_capacity_all_20260809_cargo_folded_spare_vda,vda_iso_3832,folded,,source_stated_total,present,,,Pojemność przestrzeni bagażowej maks. po złożeniu kanapy (dm3) 1108 z kołem / 1152 (1455 l) z zestawem
337,cargo_context_sandero_iii_expression_ecog120_manual_boot_capacity_all_20260809_cargo_folded_kit_vda_337,sandero_iii_expression_ecog120_manual_boot_capacity_all_20260809_cargo_folded_kit_vda,vda_iso_3832,folded,,source_stated_total,,present,,Pojemność przestrzeni bagażowej maks. po złożeniu kanapy (dm3) 1108 z kołem / 1152 (1455 l) z zestawem
338,cargo_context_sandero_iii_expression_ecog120_manual_boot_capacity_all_20260809_cargo_folded_kit_litre_338,sandero_iii_expression_ecog120_manual_boot_capacity_all_20260809_cargo_folded_kit_litre,ordinary_litre,folded,,source_stated_total,,present,,Pojemność przestrzeni bagażowej maks. po złożeniu kanapy (dm3) 1108 z kołem / 1152 (1455 l) z zestawem
339,cargo_context_sandero_iii_expression_ecog120_automatic_boot_capacity_all_20260809_cargo_upright_spare_vda_339,sandero_iii_expression_ecog120_automatic_boot_capacity_all_20260809_cargo_upright_spare_vda,vda_iso_3832,upright,,main_luggage_compartment,present,,,Pojemność przestrzeni bagażowej min. (dm3) 328 z kołem / 372 (410 l) z zestawem
340,cargo_context_sandero_iii_expression_ecog120_automatic_boot_capacity_all_20260809_cargo_upright_kit_vda_340,sandero_iii_expression_ecog120_automatic_boot_capacity_all_20260809_cargo_upright_kit_vda,vda_iso_3832,upright,,main_luggage_compartment,,present,,Pojemność przestrzeni bagażowej min. (dm3) 328 z kołem / 372 (410 l) z zestawem
341,cargo_context_sandero_iii_expression_ecog120_automatic_boot_capacity_all_20260809_cargo_upright_kit_litre_341,sandero_iii_expression_ecog120_automatic_boot_capacity_all_20260809_cargo_upright_kit_litre,ordinary_litre,upright,,main_luggage_compartment,,present,,Pojemność przestrzeni bagażowej min. (dm3) 328 z kołem / 372 (410 l) z zestawem
342,cargo_context_sandero_iii_expression_ecog120_automatic_boot_capacity_all_20260809_cargo_folded_spare_vda_342,sandero_iii_expression_ecog120_automatic_boot_capacity_all_20260809_cargo_folded_spare_vda,vda_iso_3832,folded,,source_stated_total,present,,,Pojemność przestrzeni bagażowej maks. po złożeniu kanapy (dm3) 1108 z kołem / 1152 (1455 l) z zestawem
343,cargo_context_sandero_iii_expression_ecog120_automatic_boot_capacity_all_20260809_cargo_folded_kit_vda_343,sandero_iii_expression_ecog120_automatic_boot_capacity_all_20260809_cargo_folded_kit_vda,vda_iso_3832,folded,,source_stated_total,,present,,Pojemność przestrzeni bagażowej maks. po złożeniu kanapy (dm3) 1108 z kołem / 1152 (1455 l) z zestawem
344,cargo_context_sandero_iii_expression_ecog120_automatic_boot_capacity_all_20260809_cargo_folded_kit_litre_344,sandero_iii_expression_ecog120_automatic_boot_capacity_all_20260809_cargo_folded_kit_litre,ordinary_litre,folded,,source_stated_total,,present,,Pojemność przestrzeni bagażowej maks. po złożeniu kanapy (dm3) 1108 z kołem / 1152 (1455 l) z zestawem
345,cargo_context_sandero_iii_journey_tce100_manual_boot_capacity_all_20260809_cargo_upright_spare_vda_345,sandero_iii_journey_tce100_manual_boot_capacity_all_20260809_cargo_upright_spare_vda,vda_iso_3832,upright,,main_luggage_compartment,present,,,Pojemność przestrzeni bagażowej min. (dm3) 328 z kołem / 372 (410 l) z zestawem
346,cargo_context_sandero_iii_journey_tce100_manual_boot_capacity_all_20260809_cargo_upright_kit_vda_346,sandero_iii_journey_tce100_manual_boot_capacity_all_20260809_cargo_upright_kit_vda,vda_iso_3832,upright,,main_luggage_compartment,,present,,Pojemność przestrzeni bagażowej min. (dm3) 328 z kołem / 372 (410 l) z zestawem
347,cargo_context_sandero_iii_journey_tce100_manual_boot_capacity_all_20260809_cargo_upright_kit_litre_347,sandero_iii_journey_tce100_manual_boot_capacity_all_20260809_cargo_upright_kit_litre,ordinary_litre,upright,,main_luggage_compartment,,present,,Pojemność przestrzeni bagażowej min. (dm3) 328 z kołem / 372 (410 l) z zestawem
348,cargo_context_sandero_iii_journey_tce100_manual_boot_capacity_all_20260809_cargo_folded_spare_vda_348,sandero_iii_journey_tce100_manual_boot_capacity_all_20260809_cargo_folded_spare_vda,vda_iso_3832,folded,,source_stated_total,present,,,Pojemność przestrzeni bagażowej maks. po złożeniu kanapy (dm3) 1108 z kołem / 1152 (1455 l) z zestawem
349,cargo_context_sandero_iii_journey_tce100_manual_boot_capacity_all_20260809_cargo_folded_kit_vda_349,sandero_iii_journey_tce100_manual_boot_capacity_all_20260809_cargo_folded_kit_vda,vda_iso_3832,folded,,source_stated_total,,present,,Pojemność przestrzeni bagażowej maks. po złożeniu kanapy (dm3) 1108 z kołem / 1152 (1455 l) z zestawem
350,cargo_context_sandero_iii_journey_tce100_manual_boot_capacity_all_20260809_cargo_folded_kit_litre_350,sandero_iii_journey_tce100_manual_boot_capacity_all_20260809_cargo_folded_kit_litre,ordinary_litre,folded,,source_stated_total,,present,,Pojemność przestrzeni bagażowej maks. po złożeniu kanapy (dm3) 1108 z kołem / 1152 (1455 l) z zestawem
351,cargo_context_sandero_iii_journey_ecog120_manual_boot_capacity_all_20260809_cargo_upright_spare_vda_351,sandero_iii_journey_ecog120_manual_boot_capacity_all_20260809_cargo_upright_spare_vda,vda_iso_3832,upright,,main_luggage_compartment,present,,,Pojemność przestrzeni bagażowej min. (dm3) 328 z kołem / 372 (410 l) z zestawem
352,cargo_context_sandero_iii_journey_ecog120_manual_boot_capacity_all_20260809_cargo_upright_kit_vda_352,sandero_iii_journey_ecog120_manual_boot_capacity_all_20260809_cargo_upright_kit_vda,vda_iso_3832,upright,,main_luggage_compartment,,present,,Pojemność przestrzeni bagażowej min. (dm3) 328 z kołem / 372 (410 l) z zestawem
353,cargo_context_sandero_iii_journey_ecog120_manual_boot_capacity_all_20260809_cargo_upright_kit_litre_353,sandero_iii_journey_ecog120_manual_boot_capacity_all_20260809_cargo_upright_kit_litre,ordinary_litre,upright,,main_luggage_compartment,,present,,Pojemność przestrzeni bagażowej min. (dm3) 328 z kołem / 372 (410 l) z zestawem
354,cargo_context_sandero_iii_journey_ecog120_manual_boot_capacity_all_20260809_cargo_folded_spare_vda_354,sandero_iii_journey_ecog120_manual_boot_capacity_all_20260809_cargo_folded_spare_vda,vda_iso_3832,folded,,source_stated_total,present,,,Pojemność przestrzeni bagażowej maks. po złożeniu kanapy (dm3) 1108 z kołem / 1152 (1455 l) z zestawem
355,cargo_context_sandero_iii_journey_ecog120_manual_boot_capacity_all_20260809_cargo_folded_kit_vda_355,sandero_iii_journey_ecog120_manual_boot_capacity_all_20260809_cargo_folded_kit_vda,vda_iso_3832,folded,,source_stated_total,,present,,Pojemność przestrzeni bagażowej maks. po złożeniu kanapy (dm3) 1108 z kołem / 1152 (1455 l) z zestawem
356,cargo_context_sandero_iii_journey_ecog120_manual_boot_capacity_all_20260809_cargo_folded_kit_litre_356,sandero_iii_journey_ecog120_manual_boot_capacity_all_20260809_cargo_folded_kit_litre,ordinary_litre,folded,,source_stated_total,,present,,Pojemność przestrzeni bagażowej maks. po złożeniu kanapy (dm3) 1108 z kołem / 1152 (1455 l) z zestawem
357,cargo_context_sandero_iii_journey_ecog120_automatic_boot_capacity_all_20260809_cargo_upright_spare_vda_357,sandero_iii_journey_ecog120_automatic_boot_capacity_all_20260809_cargo_upright_spare_vda,vda_iso_3832,upright,,main_luggage_compartment,present,,,Pojemność przestrzeni bagażowej min. (dm3) 328 z kołem / 372 (410 l) z zestawem
358,cargo_context_sandero_iii_journey_ecog120_automatic_boot_capacity_all_20260809_cargo_upright_kit_vda_358,sandero_iii_journey_ecog120_automatic_boot_capacity_all_20260809_cargo_upright_kit_vda,vda_iso_3832,upright,,main_luggage_compartment,,present,,Pojemność przestrzeni bagażowej min. (dm3) 328 z kołem / 372 (410 l) z zestawem
359,cargo_context_sandero_iii_journey_ecog120_automatic_boot_capacity_all_20260809_cargo_upright_kit_litre_359,sandero_iii_journey_ecog120_automatic_boot_capacity_all_20260809_cargo_upright_kit_litre,ordinary_litre,upright,,main_luggage_compartment,,present,,Pojemność przestrzeni bagażowej min. (dm3) 328 z kołem / 372 (410 l) z zestawem
360,cargo_context_sandero_iii_journey_ecog120_automatic_boot_capacity_all_20260809_cargo_folded_spare_vda_360,sandero_iii_journey_ecog120_automatic_boot_capacity_all_20260809_cargo_folded_spare_vda,vda_iso_3832,folded,,source_stated_total,present,,,Pojemność przestrzeni bagażowej maks. po złożeniu kanapy (dm3) 1108 z kołem / 1152 (1455 l) z zestawem
361,cargo_context_sandero_iii_journey_ecog120_automatic_boot_capacity_all_20260809_cargo_folded_kit_vda_361,sandero_iii_journey_ecog120_automatic_boot_capacity_all_20260809_cargo_folded_kit_vda,vda_iso_3832,folded,,source_stated_total,,present,,Pojemność przestrzeni bagażowej maks. po złożeniu kanapy (dm3) 1108 z kołem / 1152 (1455 l) z zestawem
362,cargo_context_sandero_iii_journey_ecog120_automatic_boot_capacity_all_20260809_cargo_folded_kit_litre_362,sandero_iii_journey_ecog120_automatic_boot_capacity_all_20260809_cargo_folded_kit_litre,ordinary_litre,folded,,source_stated_total,,present,,Pojemność przestrzeni bagażowej maks. po złożeniu kanapy (dm3) 1108 z kołem / 1152 (1455 l) z zestawem
363,cargo_context_sandero_stepway_iii_essential_tce110_manual_boot_capacity_all_20260809_cargo_upright_spare_vda_363,sandero_stepway_iii_essential_tce110_manual_boot_capacity_all_20260809_cargo_upright_spare_vda,vda_iso_3832,upright,,main_luggage_compartment,present,,,Pojemność przestrzeni bagażowej min. (dm3) 328 z kołem / 372 (410 l) z zestawem
364,cargo_context_sandero_stepway_iii_essential_tce110_manual_boot_capacity_all_20260809_cargo_upright_kit_vda_364,sandero_stepway_iii_essential_tce110_manual_boot_capacity_all_20260809_cargo_upright_kit_vda,vda_iso_3832,upright,,main_luggage_compartment,,present,,Pojemność przestrzeni bagażowej min. (dm3) 328 z kołem / 372 (410 l) z zestawem
365,cargo_context_sandero_stepway_iii_essential_tce110_manual_boot_capacity_all_20260809_cargo_upright_kit_litre_365,sandero_stepway_iii_essential_tce110_manual_boot_capacity_all_20260809_cargo_upright_kit_litre,ordinary_litre,upright,,main_luggage_compartment,,present,,Pojemność przestrzeni bagażowej min. (dm3) 328 z kołem / 372 (410 l) z zestawem
366,cargo_context_sandero_stepway_iii_essential_tce110_manual_boot_capacity_all_20260809_cargo_folded_spare_vda_366,sandero_stepway_iii_essential_tce110_manual_boot_capacity_all_20260809_cargo_folded_spare_vda,vda_iso_3832,folded,,source_stated_total,present,,,Pojemność przestrzeni bagażowej maks. po złożeniu kanapy (dm3) 1108 z kołem / 1152 (1455 l) z zestawem
367,cargo_context_sandero_stepway_iii_essential_tce110_manual_boot_capacity_all_20260809_cargo_folded_kit_vda_367,sandero_stepway_iii_essential_tce110_manual_boot_capacity_all_20260809_cargo_folded_kit_vda,vda_iso_3832,folded,,source_stated_total,,present,,Pojemność przestrzeni bagażowej maks. po złożeniu kanapy (dm3) 1108 z kołem / 1152 (1455 l) z zestawem
368,cargo_context_sandero_stepway_iii_essential_tce110_manual_boot_capacity_all_20260809_cargo_folded_kit_litre_368,sandero_stepway_iii_essential_tce110_manual_boot_capacity_all_20260809_cargo_folded_kit_litre,ordinary_litre,folded,,source_stated_total,,present,,Pojemność przestrzeni bagażowej maks. po złożeniu kanapy (dm3) 1108 z kołem / 1152 (1455 l) z zestawem
369,cargo_context_sandero_stepway_iii_essential_ecog120_manual_boot_capacity_all_20260809_cargo_upright_spare_vda_369,sandero_stepway_iii_essential_ecog120_manual_boot_capacity_all_20260809_cargo_upright_spare_vda,vda_iso_3832,upright,,main_luggage_compartment,present,,,Pojemność przestrzeni bagażowej min. (dm3) 328 z kołem / 372 (410 l) z zestawem
370,cargo_context_sandero_stepway_iii_essential_ecog120_manual_boot_capacity_all_20260809_cargo_upright_kit_vda_370,sandero_stepway_iii_essential_ecog120_manual_boot_capacity_all_20260809_cargo_upright_kit_vda,vda_iso_3832,upright,,main_luggage_compartment,,present,,Pojemność przestrzeni bagażowej min. (dm3) 328 z kołem / 372 (410 l) z zestawem
371,cargo_context_sandero_stepway_iii_essential_ecog120_manual_boot_capacity_all_20260809_cargo_upright_kit_litre_371,sandero_stepway_iii_essential_ecog120_manual_boot_capacity_all_20260809_cargo_upright_kit_litre,ordinary_litre,upright,,main_luggage_compartment,,present,,Pojemność przestrzeni bagażowej min. (dm3) 328 z kołem / 372 (410 l) z zestawem
372,cargo_context_sandero_stepway_iii_essential_ecog120_manual_boot_capacity_all_20260809_cargo_folded_spare_vda_372,sandero_stepway_iii_essential_ecog120_manual_boot_capacity_all_20260809_cargo_folded_spare_vda,vda_iso_3832,folded,,source_stated_total,present,,,Pojemność przestrzeni bagażowej maks. po złożeniu kanapy (dm3) 1108 z kołem / 1152 (1455 l) z zestawem
373,cargo_context_sandero_stepway_iii_essential_ecog120_manual_boot_capacity_all_20260809_cargo_folded_kit_vda_373,sandero_stepway_iii_essential_ecog120_manual_boot_capacity_all_20260809_cargo_folded_kit_vda,vda_iso_3832,folded,,source_stated_total,,present,,Pojemność przestrzeni bagażowej maks. po złożeniu kanapy (dm3) 1108 z kołem / 1152 (1455 l) z zestawem
374,cargo_context_sandero_stepway_iii_essential_ecog120_manual_boot_capacity_all_20260809_cargo_folded_kit_litre_374,sandero_stepway_iii_essential_ecog120_manual_boot_capacity_all_20260809_cargo_folded_kit_litre,ordinary_litre,folded,,source_stated_total,,present,,Pojemność przestrzeni bagażowej maks. po złożeniu kanapy (dm3) 1108 z kołem / 1152 (1455 l) z zestawem
375,cargo_context_sandero_stepway_iii_expression_tce110_manual_boot_capacity_all_20260809_cargo_upright_spare_vda_375,sandero_stepway_iii_expression_tce110_manual_boot_capacity_all_20260809_cargo_upright_spare_vda,vda_iso_3832,upright,,main_luggage_compartment,present,,,Pojemność przestrzeni bagażowej min. (dm3) 328 z kołem / 372 (410 l) z zestawem
376,cargo_context_sandero_stepway_iii_expression_tce110_manual_boot_capacity_all_20260809_cargo_upright_kit_vda_376,sandero_stepway_iii_expression_tce110_manual_boot_capacity_all_20260809_cargo_upright_kit_vda,vda_iso_3832,upright,,main_luggage_compartment,,present,,Pojemność przestrzeni bagażowej min. (dm3) 328 z kołem / 372 (410 l) z zestawem
377,cargo_context_sandero_stepway_iii_expression_tce110_manual_boot_capacity_all_20260809_cargo_upright_kit_litre_377,sandero_stepway_iii_expression_tce110_manual_boot_capacity_all_20260809_cargo_upright_kit_litre,ordinary_litre,upright,,main_luggage_compartment,,present,,Pojemność przestrzeni bagażowej min. (dm3) 328 z kołem / 372 (410 l) z zestawem
378,cargo_context_sandero_stepway_iii_expression_tce110_manual_boot_capacity_all_20260809_cargo_folded_spare_vda_378,sandero_stepway_iii_expression_tce110_manual_boot_capacity_all_20260809_cargo_folded_spare_vda,vda_iso_3832,folded,,source_stated_total,present,,,Pojemność przestrzeni bagażowej maks. po złożeniu kanapy (dm3) 1108 z kołem / 1152 (1455 l) z zestawem
379,cargo_context_sandero_stepway_iii_expression_tce110_manual_boot_capacity_all_20260809_cargo_folded_kit_vda_379,sandero_stepway_iii_expression_tce110_manual_boot_capacity_all_20260809_cargo_folded_kit_vda,vda_iso_3832,folded,,source_stated_total,,present,,Pojemność przestrzeni bagażowej maks. po złożeniu kanapy (dm3) 1108 z kołem / 1152 (1455 l) z zestawem
380,cargo_context_sandero_stepway_iii_expression_tce110_manual_boot_capacity_all_20260809_cargo_folded_kit_litre_380,sandero_stepway_iii_expression_tce110_manual_boot_capacity_all_20260809_cargo_folded_kit_litre,ordinary_litre,folded,,source_stated_total,,present,,Pojemność przestrzeni bagażowej maks. po złożeniu kanapy (dm3) 1108 z kołem / 1152 (1455 l) z zestawem
381,cargo_context_sandero_stepway_iii_expression_ecog120_manual_boot_capacity_all_20260809_cargo_upright_spare_vda_381,sandero_stepway_iii_expression_ecog120_manual_boot_capacity_all_20260809_cargo_upright_spare_vda,vda_iso_3832,upright,,main_luggage_compartment,present,,,Pojemność przestrzeni bagażowej min. (dm3) 328 z kołem / 372 (410 l) z zestawem
382,cargo_context_sandero_stepway_iii_expression_ecog120_manual_boot_capacity_all_20260809_cargo_upright_kit_vda_382,sandero_stepway_iii_expression_ecog120_manual_boot_capacity_all_20260809_cargo_upright_kit_vda,vda_iso_3832,upright,,main_luggage_compartment,,present,,Pojemność przestrzeni bagażowej min. (dm3) 328 z kołem / 372 (410 l) z zestawem
383,cargo_context_sandero_stepway_iii_expression_ecog120_manual_boot_capacity_all_20260809_cargo_upright_kit_litre_383,sandero_stepway_iii_expression_ecog120_manual_boot_capacity_all_20260809_cargo_upright_kit_litre,ordinary_litre,upright,,main_luggage_compartment,,present,,Pojemność przestrzeni bagażowej min. (dm3) 328 z kołem / 372 (410 l) z zestawem
384,cargo_context_sandero_stepway_iii_expression_ecog120_manual_boot_capacity_all_20260809_cargo_folded_spare_vda_384,sandero_stepway_iii_expression_ecog120_manual_boot_capacity_all_20260809_cargo_folded_spare_vda,vda_iso_3832,folded,,source_stated_total,present,,,Pojemność przestrzeni bagażowej maks. po złożeniu kanapy (dm3) 1108 z kołem / 1152 (1455 l) z zestawem
385,cargo_context_sandero_stepway_iii_expression_ecog120_manual_boot_capacity_all_20260809_cargo_folded_kit_vda_385,sandero_stepway_iii_expression_ecog120_manual_boot_capacity_all_20260809_cargo_folded_kit_vda,vda_iso_3832,folded,,source_stated_total,,present,,Pojemność przestrzeni bagażowej maks. po złożeniu kanapy (dm3) 1108 z kołem / 1152 (1455 l) z zestawem
386,cargo_context_sandero_stepway_iii_expression_ecog120_manual_boot_capacity_all_20260809_cargo_folded_kit_litre_386,sandero_stepway_iii_expression_ecog120_manual_boot_capacity_all_20260809_cargo_folded_kit_litre,ordinary_litre,folded,,source_stated_total,,present,,Pojemność przestrzeni bagażowej maks. po złożeniu kanapy (dm3) 1108 z kołem / 1152 (1455 l) z zestawem
387,cargo_context_sandero_stepway_iii_expression_ecog120_automatic_boot_capacity_all_20260809_cargo_upright_spare_vda_387,sandero_stepway_iii_expression_ecog120_automatic_boot_capacity_all_20260809_cargo_upright_spare_vda,vda_iso_3832,upright,,main_luggage_compartment,present,,,Pojemność przestrzeni bagażowej min. (dm3) 328 z kołem / 372 (410 l) z zestawem
388,cargo_context_sandero_stepway_iii_expression_ecog120_automatic_boot_capacity_all_20260809_cargo_upright_kit_vda_388,sandero_stepway_iii_expression_ecog120_automatic_boot_capacity_all_20260809_cargo_upright_kit_vda,vda_iso_3832,upright,,main_luggage_compartment,,present,,Pojemność przestrzeni bagażowej min. (dm3) 328 z kołem / 372 (410 l) z zestawem
389,cargo_context_sandero_stepway_iii_expression_ecog120_automatic_boot_capacity_all_20260809_cargo_upright_kit_litre_389,sandero_stepway_iii_expression_ecog120_automatic_boot_capacity_all_20260809_cargo_upright_kit_litre,ordinary_litre,upright,,main_luggage_compartment,,present,,Pojemność przestrzeni bagażowej min. (dm3) 328 z kołem / 372 (410 l) z zestawem
390,cargo_context_sandero_stepway_iii_expression_ecog120_automatic_boot_capacity_all_20260809_cargo_folded_spare_vda_390,sandero_stepway_iii_expression_ecog120_automatic_boot_capacity_all_20260809_cargo_folded_spare_vda,vda_iso_3832,folded,,source_stated_total,present,,,Pojemność przestrzeni bagażowej maks. po złożeniu kanapy (dm3) 1108 z kołem / 1152 (1455 l) z zestawem
391,cargo_context_sandero_stepway_iii_expression_ecog120_automatic_boot_capacity_all_20260809_cargo_folded_kit_vda_391,sandero_stepway_iii_expression_ecog120_automatic_boot_capacity_all_20260809_cargo_folded_kit_vda,vda_iso_3832,folded,,source_stated_total,,present,,Pojemność przestrzeni bagażowej maks. po złożeniu kanapy (dm3) 1108 z kołem / 1152 (1455 l) z zestawem
392,cargo_context_sandero_stepway_iii_expression_ecog120_automatic_boot_capacity_all_20260809_cargo_folded_kit_litre_392,sandero_stepway_iii_expression_ecog120_automatic_boot_capacity_all_20260809_cargo_folded_kit_litre,ordinary_litre,folded,,source_stated_total,,present,,Pojemność przestrzeni bagażowej maks. po złożeniu kanapy (dm3) 1108 z kołem / 1152 (1455 l) z zestawem
393,cargo_context_sandero_stepway_iii_extreme_tce110_manual_boot_capacity_all_20260809_cargo_upright_spare_vda_393,sandero_stepway_iii_extreme_tce110_manual_boot_capacity_all_20260809_cargo_upright_spare_vda,vda_iso_3832,upright,,main_luggage_compartment,present,,,Pojemność przestrzeni bagażowej min. (dm3) 328 z kołem / 372 (410 l) z zestawem
394,cargo_context_sandero_stepway_iii_extreme_tce110_manual_boot_capacity_all_20260809_cargo_upright_kit_vda_394,sandero_stepway_iii_extreme_tce110_manual_boot_capacity_all_20260809_cargo_upright_kit_vda,vda_iso_3832,upright,,main_luggage_compartment,,present,,Pojemność przestrzeni bagażowej min. (dm3) 328 z kołem / 372 (410 l) z zestawem
395,cargo_context_sandero_stepway_iii_extreme_tce110_manual_boot_capacity_all_20260809_cargo_upright_kit_litre_395,sandero_stepway_iii_extreme_tce110_manual_boot_capacity_all_20260809_cargo_upright_kit_litre,ordinary_litre,upright,,main_luggage_compartment,,present,,Pojemność przestrzeni bagażowej min. (dm3) 328 z kołem / 372 (410 l) z zestawem
396,cargo_context_sandero_stepway_iii_extreme_tce110_manual_boot_capacity_all_20260809_cargo_folded_spare_vda_396,sandero_stepway_iii_extreme_tce110_manual_boot_capacity_all_20260809_cargo_folded_spare_vda,vda_iso_3832,folded,,source_stated_total,present,,,Pojemność przestrzeni bagażowej maks. po złożeniu kanapy (dm3) 1108 z kołem / 1152 (1455 l) z zestawem
397,cargo_context_sandero_stepway_iii_extreme_tce110_manual_boot_capacity_all_20260809_cargo_folded_kit_vda_397,sandero_stepway_iii_extreme_tce110_manual_boot_capacity_all_20260809_cargo_folded_kit_vda,vda_iso_3832,folded,,source_stated_total,,present,,Pojemność przestrzeni bagażowej maks. po złożeniu kanapy (dm3) 1108 z kołem / 1152 (1455 l) z zestawem
398,cargo_context_sandero_stepway_iii_extreme_tce110_manual_boot_capacity_all_20260809_cargo_folded_kit_litre_398,sandero_stepway_iii_extreme_tce110_manual_boot_capacity_all_20260809_cargo_folded_kit_litre,ordinary_litre,folded,,source_stated_total,,present,,Pojemność przestrzeni bagażowej maks. po złożeniu kanapy (dm3) 1108 z kołem / 1152 (1455 l) z zestawem
399,cargo_context_sandero_stepway_iii_extreme_ecog120_manual_boot_capacity_all_20260809_cargo_upright_spare_vda_399,sandero_stepway_iii_extreme_ecog120_manual_boot_capacity_all_20260809_cargo_upright_spare_vda,vda_iso_3832,upright,,main_luggage_compartment,present,,,Pojemność przestrzeni bagażowej min. (dm3) 328 z kołem / 372 (410 l) z zestawem
400,cargo_context_sandero_stepway_iii_extreme_ecog120_manual_boot_capacity_all_20260809_cargo_upright_kit_vda_400,sandero_stepway_iii_extreme_ecog120_manual_boot_capacity_all_20260809_cargo_upright_kit_vda,vda_iso_3832,upright,,main_luggage_compartment,,present,,Pojemność przestrzeni bagażowej min. (dm3) 328 z kołem / 372 (410 l) z zestawem
401,cargo_context_sandero_stepway_iii_extreme_ecog120_manual_boot_capacity_all_20260809_cargo_upright_kit_litre_401,sandero_stepway_iii_extreme_ecog120_manual_boot_capacity_all_20260809_cargo_upright_kit_litre,ordinary_litre,upright,,main_luggage_compartment,,present,,Pojemność przestrzeni bagażowej min. (dm3) 328 z kołem / 372 (410 l) z zestawem
402,cargo_context_sandero_stepway_iii_extreme_ecog120_manual_boot_capacity_all_20260809_cargo_folded_spare_vda_402,sandero_stepway_iii_extreme_ecog120_manual_boot_capacity_all_20260809_cargo_folded_spare_vda,vda_iso_3832,folded,,source_stated_total,present,,,Pojemność przestrzeni bagażowej maks. po złożeniu kanapy (dm3) 1108 z kołem / 1152 (1455 l) z zestawem
403,cargo_context_sandero_stepway_iii_extreme_ecog120_manual_boot_capacity_all_20260809_cargo_folded_kit_vda_403,sandero_stepway_iii_extreme_ecog120_manual_boot_capacity_all_20260809_cargo_folded_kit_vda,vda_iso_3832,folded,,source_stated_total,,present,,Pojemność przestrzeni bagażowej maks. po złożeniu kanapy (dm3) 1108 z kołem / 1152 (1455 l) z zestawem
404,cargo_context_sandero_stepway_iii_extreme_ecog120_manual_boot_capacity_all_20260809_cargo_folded_kit_litre_404,sandero_stepway_iii_extreme_ecog120_manual_boot_capacity_all_20260809_cargo_folded_kit_litre,ordinary_litre,folded,,source_stated_total,,present,,Pojemność przestrzeni bagażowej maks. po złożeniu kanapy (dm3) 1108 z kołem / 1152 (1455 l) z zestawem
405,cargo_context_sandero_stepway_iii_extreme_ecog120_automatic_boot_capacity_all_20260809_cargo_upright_spare_vda_405,sandero_stepway_iii_extreme_ecog120_automatic_boot_capacity_all_20260809_cargo_upright_spare_vda,vda_iso_3832,upright,,main_luggage_compartment,present,,,Pojemność przestrzeni bagażowej min. (dm3) 328 z kołem / 372 (410 l) z zestawem
406,cargo_context_sandero_stepway_iii_extreme_ecog120_automatic_boot_capacity_all_20260809_cargo_upright_kit_vda_406,sandero_stepway_iii_extreme_ecog120_automatic_boot_capacity_all_20260809_cargo_upright_kit_vda,vda_iso_3832,upright,,main_luggage_compartment,,present,,Pojemność przestrzeni bagażowej min. (dm3) 328 z kołem / 372 (410 l) z zestawem
407,cargo_context_sandero_stepway_iii_extreme_ecog120_automatic_boot_capacity_all_20260809_cargo_upright_kit_litre_407,sandero_stepway_iii_extreme_ecog120_automatic_boot_capacity_all_20260809_cargo_upright_kit_litre,ordinary_litre,upright,,main_luggage_compartment,,present,,Pojemność przestrzeni bagażowej min. (dm3) 328 z kołem / 372 (410 l) z zestawem
408,cargo_context_sandero_stepway_iii_extreme_ecog120_automatic_boot_capacity_all_20260809_cargo_folded_spare_vda_408,sandero_stepway_iii_extreme_ecog120_automatic_boot_capacity_all_20260809_cargo_folded_spare_vda,vda_iso_3832,folded,,source_stated_total,present,,,Pojemność przestrzeni bagażowej maks. po złożeniu kanapy (dm3) 1108 z kołem / 1152 (1455 l) z zestawem
409,cargo_context_sandero_stepway_iii_extreme_ecog120_automatic_boot_capacity_all_20260809_cargo_folded_kit_vda_409,sandero_stepway_iii_extreme_ecog120_automatic_boot_capacity_all_20260809_cargo_folded_kit_vda,vda_iso_3832,folded,,source_stated_total,,present,,Pojemność przestrzeni bagażowej maks. po złożeniu kanapy (dm3) 1108 z kołem / 1152 (1455 l) z zestawem
410,cargo_context_sandero_stepway_iii_extreme_ecog120_automatic_boot_capacity_all_20260809_cargo_folded_kit_litre_410,sandero_stepway_iii_extreme_ecog120_automatic_boot_capacity_all_20260809_cargo_folded_kit_litre,ordinary_litre,folded,,source_stated_total,,present,,Pojemność przestrzeni bagażowej maks. po złożeniu kanapy (dm3) 1108 z kołem / 1152 (1455 l) z zestawem
411,cargo_context_jogger_essential_5seat_ecog120_manual_boot_capacity_all_20260809_cargo_upright_vda_411,jogger_essential_5seat_ecog120_manual_boot_capacity_all_20260809_cargo_upright_vda,vda_iso_3832,upright,,main_luggage_compartment,,,,Pojemność przestrzeni bagażowej min. (dm3) 708 dm3 (829 l)(5-m.) / 160 dm3 (212 l)(7-m.)
412,cargo_context_jogger_essential_5seat_ecog120_manual_boot_capacity_all_20260809_cargo_upright_litre_412,jogger_essential_5seat_ecog120_manual_boot_capacity_all_20260809_cargo_upright_litre,ordinary_litre,upright,,main_luggage_compartment,,,,Pojemność przestrzeni bagażowej min. (dm3) 708 dm3 (829 l)(5-m.) / 160 dm3 (212 l)(7-m.)
413,cargo_context_jogger_essential_5seat_ecog120_manual_boot_capacity_all_20260809_cargo_folded_vda_413,jogger_essential_5seat_ecog120_manual_boot_capacity_all_20260809_cargo_folded_vda,vda_iso_3832,folded,,source_stated_total,,,,Pojemność przestrzeni bagażowej maks. po złożeniu kanapy (dm3) 1819 dm3 (2094 l)(5-m.) / 1807 dm3 (2085l)(7-m.)
414,cargo_context_jogger_essential_5seat_ecog120_manual_boot_capacity_all_20260809_cargo_folded_litre_414,jogger_essential_5seat_ecog120_manual_boot_capacity_all_20260809_cargo_folded_litre,ordinary_litre,folded,,source_stated_total,,,,Pojemność przestrzeni bagażowej maks. po złożeniu kanapy (dm3) 1819 dm3 (2094 l)(5-m.) / 1807 dm3 (2085l)(7-m.)
415,cargo_context_jogger_expression_5seat_tce110_manual_boot_capacity_all_20260809_cargo_upright_vda_415,jogger_expression_5seat_tce110_manual_boot_capacity_all_20260809_cargo_upright_vda,vda_iso_3832,upright,,main_luggage_compartment,,,,Pojemność przestrzeni bagażowej min. (dm3) 708 dm3 (829 l)(5-m.) / 160 dm3 (212 l)(7-m.)
416,cargo_context_jogger_expression_5seat_tce110_manual_boot_capacity_all_20260809_cargo_upright_litre_416,jogger_expression_5seat_tce110_manual_boot_capacity_all_20260809_cargo_upright_litre,ordinary_litre,upright,,main_luggage_compartment,,,,Pojemność przestrzeni bagażowej min. (dm3) 708 dm3 (829 l)(5-m.) / 160 dm3 (212 l)(7-m.)
417,cargo_context_jogger_expression_5seat_tce110_manual_boot_capacity_all_20260809_cargo_folded_vda_417,jogger_expression_5seat_tce110_manual_boot_capacity_all_20260809_cargo_folded_vda,vda_iso_3832,folded,,source_stated_total,,,,Pojemność przestrzeni bagażowej maks. po złożeniu kanapy (dm3) 1819 dm3 (2094 l)(5-m.) / 1807 dm3 (2085l)(7-m.)
418,cargo_context_jogger_expression_5seat_tce110_manual_boot_capacity_all_20260809_cargo_folded_litre_418,jogger_expression_5seat_tce110_manual_boot_capacity_all_20260809_cargo_folded_litre,ordinary_litre,folded,,source_stated_total,,,,Pojemność przestrzeni bagażowej maks. po złożeniu kanapy (dm3) 1819 dm3 (2094 l)(5-m.) / 1807 dm3 (2085l)(7-m.)
419,cargo_context_jogger_expression_5seat_ecog120_manual_boot_capacity_all_20260809_cargo_upright_vda_419,jogger_expression_5seat_ecog120_manual_boot_capacity_all_20260809_cargo_upright_vda,vda_iso_3832,upright,,main_luggage_compartment,,,,Pojemność przestrzeni bagażowej min. (dm3) 708 dm3 (829 l)(5-m.) / 160 dm3 (212 l)(7-m.)
420,cargo_context_jogger_expression_5seat_ecog120_manual_boot_capacity_all_20260809_cargo_upright_litre_420,jogger_expression_5seat_ecog120_manual_boot_capacity_all_20260809_cargo_upright_litre,ordinary_litre,upright,,main_luggage_compartment,,,,Pojemność przestrzeni bagażowej min. (dm3) 708 dm3 (829 l)(5-m.) / 160 dm3 (212 l)(7-m.)
421,cargo_context_jogger_expression_5seat_ecog120_manual_boot_capacity_all_20260809_cargo_folded_vda_421,jogger_expression_5seat_ecog120_manual_boot_capacity_all_20260809_cargo_folded_vda,vda_iso_3832,folded,,source_stated_total,,,,Pojemność przestrzeni bagażowej maks. po złożeniu kanapy (dm3) 1819 dm3 (2094 l)(5-m.) / 1807 dm3 (2085l)(7-m.)
422,cargo_context_jogger_expression_5seat_ecog120_manual_boot_capacity_all_20260809_cargo_folded_litre_422,jogger_expression_5seat_ecog120_manual_boot_capacity_all_20260809_cargo_folded_litre,ordinary_litre,folded,,source_stated_total,,,,Pojemność przestrzeni bagażowej maks. po złożeniu kanapy (dm3) 1819 dm3 (2094 l)(5-m.) / 1807 dm3 (2085l)(7-m.)
423,cargo_context_jogger_expression_5seat_hybrid155_automatic_boot_capacity_all_20260809_cargo_upright_vda_423,jogger_expression_5seat_hybrid155_automatic_boot_capacity_all_20260809_cargo_upright_vda,vda_iso_3832,upright,,main_luggage_compartment,,,,Pojemność przestrzeni bagażowej min. (dm3) 708 dm3 (829 l)(5-m.) / 160 dm3 (212 l)(7-m.)
424,cargo_context_jogger_expression_5seat_hybrid155_automatic_boot_capacity_all_20260809_cargo_upright_litre_424,jogger_expression_5seat_hybrid155_automatic_boot_capacity_all_20260809_cargo_upright_litre,ordinary_litre,upright,,main_luggage_compartment,,,,Pojemność przestrzeni bagażowej min. (dm3) 708 dm3 (829 l)(5-m.) / 160 dm3 (212 l)(7-m.)
425,cargo_context_jogger_expression_5seat_hybrid155_automatic_boot_capacity_all_20260809_cargo_folded_vda_425,jogger_expression_5seat_hybrid155_automatic_boot_capacity_all_20260809_cargo_folded_vda,vda_iso_3832,folded,,source_stated_total,,,,Pojemność przestrzeni bagażowej maks. po złożeniu kanapy (dm3) 1819 dm3 (2094 l)(5-m.) / 1807 dm3 (2085l)(7-m.)
426,cargo_context_jogger_expression_5seat_hybrid155_automatic_boot_capacity_all_20260809_cargo_folded_litre_426,jogger_expression_5seat_hybrid155_automatic_boot_capacity_all_20260809_cargo_folded_litre,ordinary_litre,folded,,source_stated_total,,,,Pojemność przestrzeni bagażowej maks. po złożeniu kanapy (dm3) 1819 dm3 (2094 l)(5-m.) / 1807 dm3 (2085l)(7-m.)
427,cargo_context_jogger_extreme_5seat_tce110_manual_boot_capacity_all_20260809_cargo_upright_vda_427,jogger_extreme_5seat_tce110_manual_boot_capacity_all_20260809_cargo_upright_vda,vda_iso_3832,upright,,main_luggage_compartment,,,,Pojemność przestrzeni bagażowej min. (dm3) 708 dm3 (829 l)(5-m.) / 160 dm3 (212 l)(7-m.)
428,cargo_context_jogger_extreme_5seat_tce110_manual_boot_capacity_all_20260809_cargo_upright_litre_428,jogger_extreme_5seat_tce110_manual_boot_capacity_all_20260809_cargo_upright_litre,ordinary_litre,upright,,main_luggage_compartment,,,,Pojemność przestrzeni bagażowej min. (dm3) 708 dm3 (829 l)(5-m.) / 160 dm3 (212 l)(7-m.)
429,cargo_context_jogger_extreme_5seat_tce110_manual_boot_capacity_all_20260809_cargo_folded_vda_429,jogger_extreme_5seat_tce110_manual_boot_capacity_all_20260809_cargo_folded_vda,vda_iso_3832,folded,,source_stated_total,,,,Pojemność przestrzeni bagażowej maks. po złożeniu kanapy (dm3) 1819 dm3 (2094 l)(5-m.) / 1807 dm3 (2085l)(7-m.)
430,cargo_context_jogger_extreme_5seat_tce110_manual_boot_capacity_all_20260809_cargo_folded_litre_430,jogger_extreme_5seat_tce110_manual_boot_capacity_all_20260809_cargo_folded_litre,ordinary_litre,folded,,source_stated_total,,,,Pojemność przestrzeni bagażowej maks. po złożeniu kanapy (dm3) 1819 dm3 (2094 l)(5-m.) / 1807 dm3 (2085l)(7-m.)
431,cargo_context_jogger_extreme_5seat_ecog120_manual_boot_capacity_all_20260809_cargo_upright_vda_431,jogger_extreme_5seat_ecog120_manual_boot_capacity_all_20260809_cargo_upright_vda,vda_iso_3832,upright,,main_luggage_compartment,,,,Pojemność przestrzeni bagażowej min. (dm3) 708 dm3 (829 l)(5-m.) / 160 dm3 (212 l)(7-m.)
432,cargo_context_jogger_extreme_5seat_ecog120_manual_boot_capacity_all_20260809_cargo_upright_litre_432,jogger_extreme_5seat_ecog120_manual_boot_capacity_all_20260809_cargo_upright_litre,ordinary_litre,upright,,main_luggage_compartment,,,,Pojemność przestrzeni bagażowej min. (dm3) 708 dm3 (829 l)(5-m.) / 160 dm3 (212 l)(7-m.)
433,cargo_context_jogger_extreme_5seat_ecog120_manual_boot_capacity_all_20260809_cargo_folded_vda_433,jogger_extreme_5seat_ecog120_manual_boot_capacity_all_20260809_cargo_folded_vda,vda_iso_3832,folded,,source_stated_total,,,,Pojemność przestrzeni bagażowej maks. po złożeniu kanapy (dm3) 1819 dm3 (2094 l)(5-m.) / 1807 dm3 (2085l)(7-m.)
434,cargo_context_jogger_extreme_5seat_ecog120_manual_boot_capacity_all_20260809_cargo_folded_litre_434,jogger_extreme_5seat_ecog120_manual_boot_capacity_all_20260809_cargo_folded_litre,ordinary_litre,folded,,source_stated_total,,,,Pojemność przestrzeni bagażowej maks. po złożeniu kanapy (dm3) 1819 dm3 (2094 l)(5-m.) / 1807 dm3 (2085l)(7-m.)
435,cargo_context_jogger_extreme_5seat_ecog120_automatic_boot_capacity_all_20260809_cargo_upright_vda_435,jogger_extreme_5seat_ecog120_automatic_boot_capacity_all_20260809_cargo_upright_vda,vda_iso_3832,upright,,main_luggage_compartment,,,,Pojemność przestrzeni bagażowej min. (dm3) 708 dm3 (829 l)(5-m.) / 160 dm3 (212 l)(7-m.)
436,cargo_context_jogger_extreme_5seat_ecog120_automatic_boot_capacity_all_20260809_cargo_upright_litre_436,jogger_extreme_5seat_ecog120_automatic_boot_capacity_all_20260809_cargo_upright_litre,ordinary_litre,upright,,main_luggage_compartment,,,,Pojemność przestrzeni bagażowej min. (dm3) 708 dm3 (829 l)(5-m.) / 160 dm3 (212 l)(7-m.)
437,cargo_context_jogger_extreme_5seat_ecog120_automatic_boot_capacity_all_20260809_cargo_folded_vda_437,jogger_extreme_5seat_ecog120_automatic_boot_capacity_all_20260809_cargo_folded_vda,vda_iso_3832,folded,,source_stated_total,,,,Pojemność przestrzeni bagażowej maks. po złożeniu kanapy (dm3) 1819 dm3 (2094 l)(5-m.) / 1807 dm3 (2085l)(7-m.)
438,cargo_context_jogger_extreme_5seat_ecog120_automatic_boot_capacity_all_20260809_cargo_folded_litre_438,jogger_extreme_5seat_ecog120_automatic_boot_capacity_all_20260809_cargo_folded_litre,ordinary_litre,folded,,source_stated_total,,,,Pojemność przestrzeni bagażowej maks. po złożeniu kanapy (dm3) 1819 dm3 (2094 l)(5-m.) / 1807 dm3 (2085l)(7-m.)
439,cargo_context_jogger_extreme_5seat_hybrid155_automatic_boot_capacity_all_20260809_cargo_upright_vda_439,jogger_extreme_5seat_hybrid155_automatic_boot_capacity_all_20260809_cargo_upright_vda,vda_iso_3832,upright,,main_luggage_compartment,,,,Pojemność przestrzeni bagażowej min. (dm3) 708 dm3 (829 l)(5-m.) / 160 dm3 (212 l)(7-m.)
440,cargo_context_jogger_extreme_5seat_hybrid155_automatic_boot_capacity_all_20260809_cargo_upright_litre_440,jogger_extreme_5seat_hybrid155_automatic_boot_capacity_all_20260809_cargo_upright_litre,ordinary_litre,upright,,main_luggage_compartment,,,,Pojemność przestrzeni bagażowej min. (dm3) 708 dm3 (829 l)(5-m.) / 160 dm3 (212 l)(7-m.)
441,cargo_context_jogger_extreme_5seat_hybrid155_automatic_boot_capacity_all_20260809_cargo_folded_vda_441,jogger_extreme_5seat_hybrid155_automatic_boot_capacity_all_20260809_cargo_folded_vda,vda_iso_3832,folded,,source_stated_total,,,,Pojemność przestrzeni bagażowej maks. po złożeniu kanapy (dm3) 1819 dm3 (2094 l)(5-m.) / 1807 dm3 (2085l)(7-m.)
442,cargo_context_jogger_extreme_5seat_hybrid155_automatic_boot_capacity_all_20260809_cargo_folded_litre_442,jogger_extreme_5seat_hybrid155_automatic_boot_capacity_all_20260809_cargo_folded_litre,ordinary_litre,folded,,source_stated_total,,,,Pojemność przestrzeni bagażowej maks. po złożeniu kanapy (dm3) 1819 dm3 (2094 l)(5-m.) / 1807 dm3 (2085l)(7-m.)
443,cargo_context_jogger_journey_5seat_tce110_manual_boot_capacity_all_20260809_cargo_upright_vda_443,jogger_journey_5seat_tce110_manual_boot_capacity_all_20260809_cargo_upright_vda,vda_iso_3832,upright,,main_luggage_compartment,,,,Pojemność przestrzeni bagażowej min. (dm3) 708 dm3 (829 l)(5-m.) / 160 dm3 (212 l)(7-m.)
444,cargo_context_jogger_journey_5seat_tce110_manual_boot_capacity_all_20260809_cargo_upright_litre_444,jogger_journey_5seat_tce110_manual_boot_capacity_all_20260809_cargo_upright_litre,ordinary_litre,upright,,main_luggage_compartment,,,,Pojemność przestrzeni bagażowej min. (dm3) 708 dm3 (829 l)(5-m.) / 160 dm3 (212 l)(7-m.)
445,cargo_context_jogger_journey_5seat_tce110_manual_boot_capacity_all_20260809_cargo_folded_vda_445,jogger_journey_5seat_tce110_manual_boot_capacity_all_20260809_cargo_folded_vda,vda_iso_3832,folded,,source_stated_total,,,,Pojemność przestrzeni bagażowej maks. po złożeniu kanapy (dm3) 1819 dm3 (2094 l)(5-m.) / 1807 dm3 (2085l)(7-m.)
446,cargo_context_jogger_journey_5seat_tce110_manual_boot_capacity_all_20260809_cargo_folded_litre_446,jogger_journey_5seat_tce110_manual_boot_capacity_all_20260809_cargo_folded_litre,ordinary_litre,folded,,source_stated_total,,,,Pojemność przestrzeni bagażowej maks. po złożeniu kanapy (dm3) 1819 dm3 (2094 l)(5-m.) / 1807 dm3 (2085l)(7-m.)
447,cargo_context_jogger_journey_5seat_ecog120_automatic_boot_capacity_all_20260809_cargo_upright_vda_447,jogger_journey_5seat_ecog120_automatic_boot_capacity_all_20260809_cargo_upright_vda,vda_iso_3832,upright,,main_luggage_compartment,,,,Pojemność przestrzeni bagażowej min. (dm3) 708 dm3 (829 l)(5-m.) / 160 dm3 (212 l)(7-m.)
448,cargo_context_jogger_journey_5seat_ecog120_automatic_boot_capacity_all_20260809_cargo_upright_litre_448,jogger_journey_5seat_ecog120_automatic_boot_capacity_all_20260809_cargo_upright_litre,ordinary_litre,upright,,main_luggage_compartment,,,,Pojemność przestrzeni bagażowej min. (dm3) 708 dm3 (829 l)(5-m.) / 160 dm3 (212 l)(7-m.)
449,cargo_context_jogger_journey_5seat_ecog120_automatic_boot_capacity_all_20260809_cargo_folded_vda_449,jogger_journey_5seat_ecog120_automatic_boot_capacity_all_20260809_cargo_folded_vda,vda_iso_3832,folded,,source_stated_total,,,,Pojemność przestrzeni bagażowej maks. po złożeniu kanapy (dm3) 1819 dm3 (2094 l)(5-m.) / 1807 dm3 (2085l)(7-m.)
450,cargo_context_jogger_journey_5seat_ecog120_automatic_boot_capacity_all_20260809_cargo_folded_litre_450,jogger_journey_5seat_ecog120_automatic_boot_capacity_all_20260809_cargo_folded_litre,ordinary_litre,folded,,source_stated_total,,,,Pojemność przestrzeni bagażowej maks. po złożeniu kanapy (dm3) 1819 dm3 (2094 l)(5-m.) / 1807 dm3 (2085l)(7-m.)
451,cargo_context_jogger_journey_5seat_hybrid155_automatic_boot_capacity_all_20260809_cargo_upright_vda_451,jogger_journey_5seat_hybrid155_automatic_boot_capacity_all_20260809_cargo_upright_vda,vda_iso_3832,upright,,main_luggage_compartment,,,,Pojemność przestrzeni bagażowej min. (dm3) 708 dm3 (829 l)(5-m.) / 160 dm3 (212 l)(7-m.)
452,cargo_context_jogger_journey_5seat_hybrid155_automatic_boot_capacity_all_20260809_cargo_upright_litre_452,jogger_journey_5seat_hybrid155_automatic_boot_capacity_all_20260809_cargo_upright_litre,ordinary_litre,upright,,main_luggage_compartment,,,,Pojemność przestrzeni bagażowej min. (dm3) 708 dm3 (829 l)(5-m.) / 160 dm3 (212 l)(7-m.)
453,cargo_context_jogger_journey_5seat_hybrid155_automatic_boot_capacity_all_20260809_cargo_folded_vda_453,jogger_journey_5seat_hybrid155_automatic_boot_capacity_all_20260809_cargo_folded_vda,vda_iso_3832,folded,,source_stated_total,,,,Pojemność przestrzeni bagażowej maks. po złożeniu kanapy (dm3) 1819 dm3 (2094 l)(5-m.) / 1807 dm3 (2085l)(7-m.)
454,cargo_context_jogger_journey_5seat_hybrid155_automatic_boot_capacity_all_20260809_cargo_folded_litre_454,jogger_journey_5seat_hybrid155_automatic_boot_capacity_all_20260809_cargo_folded_litre,ordinary_litre,folded,,source_stated_total,,,,Pojemność przestrzeni bagażowej maks. po złożeniu kanapy (dm3) 1819 dm3 (2094 l)(5-m.) / 1807 dm3 (2085l)(7-m.)
455,cargo_context_jogger_essential_7seat_ecog120_manual_boot_capacity_all_20260809_cargo_upright_vda_455,jogger_essential_7seat_ecog120_manual_boot_capacity_all_20260809_cargo_upright_vda,vda_iso_3832,upright,,main_luggage_compartment,,,,Pojemność przestrzeni bagażowej min. (dm3) 708 dm3 (829 l)(5-m.) / 160 dm3 (212 l)(7-m.)
456,cargo_context_jogger_essential_7seat_ecog120_manual_boot_capacity_all_20260809_cargo_upright_litre_456,jogger_essential_7seat_ecog120_manual_boot_capacity_all_20260809_cargo_upright_litre,ordinary_litre,upright,,main_luggage_compartment,,,,Pojemność przestrzeni bagażowej min. (dm3) 708 dm3 (829 l)(5-m.) / 160 dm3 (212 l)(7-m.)
457,cargo_context_jogger_essential_7seat_ecog120_manual_boot_capacity_all_20260809_cargo_folded_vda_457,jogger_essential_7seat_ecog120_manual_boot_capacity_all_20260809_cargo_folded_vda,vda_iso_3832,folded,,source_stated_total,,,,Pojemność przestrzeni bagażowej maks. po złożeniu kanapy (dm3) 1819 dm3 (2094 l)(5-m.) / 1807 dm3 (2085l)(7-m.)
458,cargo_context_jogger_essential_7seat_ecog120_manual_boot_capacity_all_20260809_cargo_folded_litre_458,jogger_essential_7seat_ecog120_manual_boot_capacity_all_20260809_cargo_folded_litre,ordinary_litre,folded,,source_stated_total,,,,Pojemność przestrzeni bagażowej maks. po złożeniu kanapy (dm3) 1819 dm3 (2094 l)(5-m.) / 1807 dm3 (2085l)(7-m.)
459,cargo_context_jogger_expression_7seat_tce110_manual_boot_capacity_all_20260809_cargo_upright_vda_459,jogger_expression_7seat_tce110_manual_boot_capacity_all_20260809_cargo_upright_vda,vda_iso_3832,upright,,main_luggage_compartment,,,,Pojemność przestrzeni bagażowej min. (dm3) 708 dm3 (829 l)(5-m.) / 160 dm3 (212 l)(7-m.)
460,cargo_context_jogger_expression_7seat_tce110_manual_boot_capacity_all_20260809_cargo_upright_litre_460,jogger_expression_7seat_tce110_manual_boot_capacity_all_20260809_cargo_upright_litre,ordinary_litre,upright,,main_luggage_compartment,,,,Pojemność przestrzeni bagażowej min. (dm3) 708 dm3 (829 l)(5-m.) / 160 dm3 (212 l)(7-m.)
461,cargo_context_jogger_expression_7seat_tce110_manual_boot_capacity_all_20260809_cargo_folded_vda_461,jogger_expression_7seat_tce110_manual_boot_capacity_all_20260809_cargo_folded_vda,vda_iso_3832,folded,,source_stated_total,,,,Pojemność przestrzeni bagażowej maks. po złożeniu kanapy (dm3) 1819 dm3 (2094 l)(5-m.) / 1807 dm3 (2085l)(7-m.)
462,cargo_context_jogger_expression_7seat_tce110_manual_boot_capacity_all_20260809_cargo_folded_litre_462,jogger_expression_7seat_tce110_manual_boot_capacity_all_20260809_cargo_folded_litre,ordinary_litre,folded,,source_stated_total,,,,Pojemność przestrzeni bagażowej maks. po złożeniu kanapy (dm3) 1819 dm3 (2094 l)(5-m.) / 1807 dm3 (2085l)(7-m.)
463,cargo_context_jogger_expression_7seat_ecog120_manual_boot_capacity_all_20260809_cargo_upright_vda_463,jogger_expression_7seat_ecog120_manual_boot_capacity_all_20260809_cargo_upright_vda,vda_iso_3832,upright,,main_luggage_compartment,,,,Pojemność przestrzeni bagażowej min. (dm3) 708 dm3 (829 l)(5-m.) / 160 dm3 (212 l)(7-m.)
464,cargo_context_jogger_expression_7seat_ecog120_manual_boot_capacity_all_20260809_cargo_upright_litre_464,jogger_expression_7seat_ecog120_manual_boot_capacity_all_20260809_cargo_upright_litre,ordinary_litre,upright,,main_luggage_compartment,,,,Pojemność przestrzeni bagażowej min. (dm3) 708 dm3 (829 l)(5-m.) / 160 dm3 (212 l)(7-m.)
465,cargo_context_jogger_expression_7seat_ecog120_manual_boot_capacity_all_20260809_cargo_folded_vda_465,jogger_expression_7seat_ecog120_manual_boot_capacity_all_20260809_cargo_folded_vda,vda_iso_3832,folded,,source_stated_total,,,,Pojemność przestrzeni bagażowej maks. po złożeniu kanapy (dm3) 1819 dm3 (2094 l)(5-m.) / 1807 dm3 (2085l)(7-m.)
466,cargo_context_jogger_expression_7seat_ecog120_manual_boot_capacity_all_20260809_cargo_folded_litre_466,jogger_expression_7seat_ecog120_manual_boot_capacity_all_20260809_cargo_folded_litre,ordinary_litre,folded,,source_stated_total,,,,Pojemność przestrzeni bagażowej maks. po złożeniu kanapy (dm3) 1819 dm3 (2094 l)(5-m.) / 1807 dm3 (2085l)(7-m.)
467,cargo_context_jogger_expression_7seat_hybrid155_automatic_boot_capacity_all_20260809_cargo_upright_vda_467,jogger_expression_7seat_hybrid155_automatic_boot_capacity_all_20260809_cargo_upright_vda,vda_iso_3832,upright,,main_luggage_compartment,,,,Pojemność przestrzeni bagażowej min. (dm3) 708 dm3 (829 l)(5-m.) / 160 dm3 (212 l)(7-m.)
468,cargo_context_jogger_expression_7seat_hybrid155_automatic_boot_capacity_all_20260809_cargo_upright_litre_468,jogger_expression_7seat_hybrid155_automatic_boot_capacity_all_20260809_cargo_upright_litre,ordinary_litre,upright,,main_luggage_compartment,,,,Pojemność przestrzeni bagażowej min. (dm3) 708 dm3 (829 l)(5-m.) / 160 dm3 (212 l)(7-m.)
469,cargo_context_jogger_expression_7seat_hybrid155_automatic_boot_capacity_all_20260809_cargo_folded_vda_469,jogger_expression_7seat_hybrid155_automatic_boot_capacity_all_20260809_cargo_folded_vda,vda_iso_3832,folded,,source_stated_total,,,,Pojemność przestrzeni bagażowej maks. po złożeniu kanapy (dm3) 1819 dm3 (2094 l)(5-m.) / 1807 dm3 (2085l)(7-m.)
470,cargo_context_jogger_expression_7seat_hybrid155_automatic_boot_capacity_all_20260809_cargo_folded_litre_470,jogger_expression_7seat_hybrid155_automatic_boot_capacity_all_20260809_cargo_folded_litre,ordinary_litre,folded,,source_stated_total,,,,Pojemność przestrzeni bagażowej maks. po złożeniu kanapy (dm3) 1819 dm3 (2094 l)(5-m.) / 1807 dm3 (2085l)(7-m.)
471,cargo_context_jogger_extreme_7seat_tce110_manual_boot_capacity_all_20260809_cargo_upright_vda_471,jogger_extreme_7seat_tce110_manual_boot_capacity_all_20260809_cargo_upright_vda,vda_iso_3832,upright,,main_luggage_compartment,,,,Pojemność przestrzeni bagażowej min. (dm3) 708 dm3 (829 l)(5-m.) / 160 dm3 (212 l)(7-m.)
472,cargo_context_jogger_extreme_7seat_tce110_manual_boot_capacity_all_20260809_cargo_upright_litre_472,jogger_extreme_7seat_tce110_manual_boot_capacity_all_20260809_cargo_upright_litre,ordinary_litre,upright,,main_luggage_compartment,,,,Pojemność przestrzeni bagażowej min. (dm3) 708 dm3 (829 l)(5-m.) / 160 dm3 (212 l)(7-m.)
473,cargo_context_jogger_extreme_7seat_tce110_manual_boot_capacity_all_20260809_cargo_folded_vda_473,jogger_extreme_7seat_tce110_manual_boot_capacity_all_20260809_cargo_folded_vda,vda_iso_3832,folded,,source_stated_total,,,,Pojemność przestrzeni bagażowej maks. po złożeniu kanapy (dm3) 1819 dm3 (2094 l)(5-m.) / 1807 dm3 (2085l)(7-m.)
474,cargo_context_jogger_extreme_7seat_tce110_manual_boot_capacity_all_20260809_cargo_folded_litre_474,jogger_extreme_7seat_tce110_manual_boot_capacity_all_20260809_cargo_folded_litre,ordinary_litre,folded,,source_stated_total,,,,Pojemność przestrzeni bagażowej maks. po złożeniu kanapy (dm3) 1819 dm3 (2094 l)(5-m.) / 1807 dm3 (2085l)(7-m.)
475,cargo_context_jogger_extreme_7seat_ecog120_manual_boot_capacity_all_20260809_cargo_upright_vda_475,jogger_extreme_7seat_ecog120_manual_boot_capacity_all_20260809_cargo_upright_vda,vda_iso_3832,upright,,main_luggage_compartment,,,,Pojemność przestrzeni bagażowej min. (dm3) 708 dm3 (829 l)(5-m.) / 160 dm3 (212 l)(7-m.)
476,cargo_context_jogger_extreme_7seat_ecog120_manual_boot_capacity_all_20260809_cargo_upright_litre_476,jogger_extreme_7seat_ecog120_manual_boot_capacity_all_20260809_cargo_upright_litre,ordinary_litre,upright,,main_luggage_compartment,,,,Pojemność przestrzeni bagażowej min. (dm3) 708 dm3 (829 l)(5-m.) / 160 dm3 (212 l)(7-m.)
477,cargo_context_jogger_extreme_7seat_ecog120_manual_boot_capacity_all_20260809_cargo_folded_vda_477,jogger_extreme_7seat_ecog120_manual_boot_capacity_all_20260809_cargo_folded_vda,vda_iso_3832,folded,,source_stated_total,,,,Pojemność przestrzeni bagażowej maks. po złożeniu kanapy (dm3) 1819 dm3 (2094 l)(5-m.) / 1807 dm3 (2085l)(7-m.)
478,cargo_context_jogger_extreme_7seat_ecog120_manual_boot_capacity_all_20260809_cargo_folded_litre_478,jogger_extreme_7seat_ecog120_manual_boot_capacity_all_20260809_cargo_folded_litre,ordinary_litre,folded,,source_stated_total,,,,Pojemność przestrzeni bagażowej maks. po złożeniu kanapy (dm3) 1819 dm3 (2094 l)(5-m.) / 1807 dm3 (2085l)(7-m.)
479,cargo_context_jogger_extreme_7seat_ecog120_automatic_boot_capacity_all_20260809_cargo_upright_vda_479,jogger_extreme_7seat_ecog120_automatic_boot_capacity_all_20260809_cargo_upright_vda,vda_iso_3832,upright,,main_luggage_compartment,,,,Pojemność przestrzeni bagażowej min. (dm3) 708 dm3 (829 l)(5-m.) / 160 dm3 (212 l)(7-m.)
480,cargo_context_jogger_extreme_7seat_ecog120_automatic_boot_capacity_all_20260809_cargo_upright_litre_480,jogger_extreme_7seat_ecog120_automatic_boot_capacity_all_20260809_cargo_upright_litre,ordinary_litre,upright,,main_luggage_compartment,,,,Pojemność przestrzeni bagażowej min. (dm3) 708 dm3 (829 l)(5-m.) / 160 dm3 (212 l)(7-m.)
481,cargo_context_jogger_extreme_7seat_ecog120_automatic_boot_capacity_all_20260809_cargo_folded_vda_481,jogger_extreme_7seat_ecog120_automatic_boot_capacity_all_20260809_cargo_folded_vda,vda_iso_3832,folded,,source_stated_total,,,,Pojemność przestrzeni bagażowej maks. po złożeniu kanapy (dm3) 1819 dm3 (2094 l)(5-m.) / 1807 dm3 (2085l)(7-m.)
482,cargo_context_jogger_extreme_7seat_ecog120_automatic_boot_capacity_all_20260809_cargo_folded_litre_482,jogger_extreme_7seat_ecog120_automatic_boot_capacity_all_20260809_cargo_folded_litre,ordinary_litre,folded,,source_stated_total,,,,Pojemność przestrzeni bagażowej maks. po złożeniu kanapy (dm3) 1819 dm3 (2094 l)(5-m.) / 1807 dm3 (2085l)(7-m.)
483,cargo_context_jogger_extreme_7seat_hybrid155_automatic_boot_capacity_all_20260809_cargo_upright_vda_483,jogger_extreme_7seat_hybrid155_automatic_boot_capacity_all_20260809_cargo_upright_vda,vda_iso_3832,upright,,main_luggage_compartment,,,,Pojemność przestrzeni bagażowej min. (dm3) 708 dm3 (829 l)(5-m.) / 160 dm3 (212 l)(7-m.)
484,cargo_context_jogger_extreme_7seat_hybrid155_automatic_boot_capacity_all_20260809_cargo_upright_litre_484,jogger_extreme_7seat_hybrid155_automatic_boot_capacity_all_20260809_cargo_upright_litre,ordinary_litre,upright,,main_luggage_compartment,,,,Pojemność przestrzeni bagażowej min. (dm3) 708 dm3 (829 l)(5-m.) / 160 dm3 (212 l)(7-m.)
485,cargo_context_jogger_extreme_7seat_hybrid155_automatic_boot_capacity_all_20260809_cargo_folded_vda_485,jogger_extreme_7seat_hybrid155_automatic_boot_capacity_all_20260809_cargo_folded_vda,vda_iso_3832,folded,,source_stated_total,,,,Pojemność przestrzeni bagażowej maks. po złożeniu kanapy (dm3) 1819 dm3 (2094 l)(5-m.) / 1807 dm3 (2085l)(7-m.)
486,cargo_context_jogger_extreme_7seat_hybrid155_automatic_boot_capacity_all_20260809_cargo_folded_litre_486,jogger_extreme_7seat_hybrid155_automatic_boot_capacity_all_20260809_cargo_folded_litre,ordinary_litre,folded,,source_stated_total,,,,Pojemność przestrzeni bagażowej maks. po złożeniu kanapy (dm3) 1819 dm3 (2094 l)(5-m.) / 1807 dm3 (2085l)(7-m.)
487,cargo_context_jogger_journey_7seat_tce110_manual_boot_capacity_all_20260809_cargo_upright_vda_487,jogger_journey_7seat_tce110_manual_boot_capacity_all_20260809_cargo_upright_vda,vda_iso_3832,upright,,main_luggage_compartment,,,,Pojemność przestrzeni bagażowej min. (dm3) 708 dm3 (829 l)(5-m.) / 160 dm3 (212 l)(7-m.)
488,cargo_context_jogger_journey_7seat_tce110_manual_boot_capacity_all_20260809_cargo_upright_litre_488,jogger_journey_7seat_tce110_manual_boot_capacity_all_20260809_cargo_upright_litre,ordinary_litre,upright,,main_luggage_compartment,,,,Pojemność przestrzeni bagażowej min. (dm3) 708 dm3 (829 l)(5-m.) / 160 dm3 (212 l)(7-m.)
489,cargo_context_jogger_journey_7seat_tce110_manual_boot_capacity_all_20260809_cargo_folded_vda_489,jogger_journey_7seat_tce110_manual_boot_capacity_all_20260809_cargo_folded_vda,vda_iso_3832,folded,,source_stated_total,,,,Pojemność przestrzeni bagażowej maks. po złożeniu kanapy (dm3) 1819 dm3 (2094 l)(5-m.) / 1807 dm3 (2085l)(7-m.)
490,cargo_context_jogger_journey_7seat_tce110_manual_boot_capacity_all_20260809_cargo_folded_litre_490,jogger_journey_7seat_tce110_manual_boot_capacity_all_20260809_cargo_folded_litre,ordinary_litre,folded,,source_stated_total,,,,Pojemność przestrzeni bagażowej maks. po złożeniu kanapy (dm3) 1819 dm3 (2094 l)(5-m.) / 1807 dm3 (2085l)(7-m.)
491,cargo_context_jogger_journey_7seat_ecog120_automatic_boot_capacity_all_20260809_cargo_upright_vda_491,jogger_journey_7seat_ecog120_automatic_boot_capacity_all_20260809_cargo_upright_vda,vda_iso_3832,upright,,main_luggage_compartment,,,,Pojemność przestrzeni bagażowej min. (dm3) 708 dm3 (829 l)(5-m.) / 160 dm3 (212 l)(7-m.)
492,cargo_context_jogger_journey_7seat_ecog120_automatic_boot_capacity_all_20260809_cargo_upright_litre_492,jogger_journey_7seat_ecog120_automatic_boot_capacity_all_20260809_cargo_upright_litre,ordinary_litre,upright,,main_luggage_compartment,,,,Pojemność przestrzeni bagażowej min. (dm3) 708 dm3 (829 l)(5-m.) / 160 dm3 (212 l)(7-m.)
493,cargo_context_jogger_journey_7seat_ecog120_automatic_boot_capacity_all_20260809_cargo_folded_vda_493,jogger_journey_7seat_ecog120_automatic_boot_capacity_all_20260809_cargo_folded_vda,vda_iso_3832,folded,,source_stated_total,,,,Pojemność przestrzeni bagażowej maks. po złożeniu kanapy (dm3) 1819 dm3 (2094 l)(5-m.) / 1807 dm3 (2085l)(7-m.)
494,cargo_context_jogger_journey_7seat_ecog120_automatic_boot_capacity_all_20260809_cargo_folded_litre_494,jogger_journey_7seat_ecog120_automatic_boot_capacity_all_20260809_cargo_folded_litre,ordinary_litre,folded,,source_stated_total,,,,Pojemność przestrzeni bagażowej maks. po złożeniu kanapy (dm3) 1819 dm3 (2094 l)(5-m.) / 1807 dm3 (2085l)(7-m.)
495,cargo_context_jogger_journey_7seat_hybrid155_automatic_boot_capacity_all_20260809_cargo_upright_vda_495,jogger_journey_7seat_hybrid155_automatic_boot_capacity_all_20260809_cargo_upright_vda,vda_iso_3832,upright,,main_luggage_compartment,,,,Pojemność przestrzeni bagażowej min. (dm3) 708 dm3 (829 l)(5-m.) / 160 dm3 (212 l)(7-m.)
496,cargo_context_jogger_journey_7seat_hybrid155_automatic_boot_capacity_all_20260809_cargo_upright_litre_496,jogger_journey_7seat_hybrid155_automatic_boot_capacity_all_20260809_cargo_upright_litre,ordinary_litre,upright,,main_luggage_compartment,,,,Pojemność przestrzeni bagażowej min. (dm3) 708 dm3 (829 l)(5-m.) / 160 dm3 (212 l)(7-m.)
497,cargo_context_jogger_journey_7seat_hybrid155_automatic_boot_capacity_all_20260809_cargo_folded_vda_497,jogger_journey_7seat_hybrid155_automatic_boot_capacity_all_20260809_cargo_folded_vda,vda_iso_3832,folded,,source_stated_total,,,,Pojemność przestrzeni bagażowej maks. po złożeniu kanapy (dm3) 1819 dm3 (2094 l)(5-m.) / 1807 dm3 (2085l)(7-m.)
498,cargo_context_jogger_journey_7seat_hybrid155_automatic_boot_capacity_all_20260809_cargo_folded_litre_498,jogger_journey_7seat_hybrid155_automatic_boot_capacity_all_20260809_cargo_folded_litre,ordinary_litre,folded,,source_stated_total,,,,Pojemność przestrzeni bagażowej maks. po złożeniu kanapy (dm3) 1819 dm3 (2094 l)(5-m.) / 1807 dm3 (2085l)(7-m.)
499,cargo_context_duster_iii_essential_ecog120_4x2_manual_boot_capacity_all_20260809_cargo_upright_vda_499,duster_iii_essential_ecog120_4x2_manual_boot_capacity_all_20260809_cargo_upright_vda,vda_iso_3832,upright,,main_luggage_compartment,,,,Pojemność przestrzeni bagażowej min. (dm3) 453 dm3 / 513 l
500,cargo_context_duster_iii_essential_ecog120_4x2_manual_boot_capacity_all_20260809_cargo_upright_litre_500,duster_iii_essential_ecog120_4x2_manual_boot_capacity_all_20260809_cargo_upright_litre,ordinary_litre,upright,,main_luggage_compartment,,,,Pojemność przestrzeni bagażowej min. (dm3) 453 dm3 / 513 l
501,cargo_context_duster_iii_essential_ecog120_4x2_manual_boot_capacity_all_20260809_cargo_folded_vda_501,duster_iii_essential_ecog120_4x2_manual_boot_capacity_all_20260809_cargo_folded_vda,vda_iso_3832,folded,,source_stated_total,,,,Pojemność przestrzeni bagażowej maks. po złożeniu kanapy (dm3) 1545 dm3 / 1632 l
502,cargo_context_duster_iii_essential_ecog120_4x2_manual_boot_capacity_all_20260809_cargo_folded_litre_502,duster_iii_essential_ecog120_4x2_manual_boot_capacity_all_20260809_cargo_folded_litre,ordinary_litre,folded,,source_stated_total,,,,Pojemność przestrzeni bagażowej maks. po złożeniu kanapy (dm3) 1545 dm3 / 1632 l
503,cargo_context_duster_iii_expression_ecog120_4x2_manual_boot_capacity_all_20260809_cargo_upright_vda_503,duster_iii_expression_ecog120_4x2_manual_boot_capacity_all_20260809_cargo_upright_vda,vda_iso_3832,upright,,main_luggage_compartment,,,,Pojemność przestrzeni bagażowej min. (dm3) 453 dm3 / 513 l
504,cargo_context_duster_iii_expression_ecog120_4x2_manual_boot_capacity_all_20260809_cargo_upright_litre_504,duster_iii_expression_ecog120_4x2_manual_boot_capacity_all_20260809_cargo_upright_litre,ordinary_litre,upright,,main_luggage_compartment,,,,Pojemność przestrzeni bagażowej min. (dm3) 453 dm3 / 513 l
505,cargo_context_duster_iii_expression_ecog120_4x2_manual_boot_capacity_all_20260809_cargo_folded_vda_505,duster_iii_expression_ecog120_4x2_manual_boot_capacity_all_20260809_cargo_folded_vda,vda_iso_3832,folded,,source_stated_total,,,,Pojemność przestrzeni bagażowej maks. po złożeniu kanapy (dm3) 1545 dm3 / 1632 l
506,cargo_context_duster_iii_expression_ecog120_4x2_manual_boot_capacity_all_20260809_cargo_folded_litre_506,duster_iii_expression_ecog120_4x2_manual_boot_capacity_all_20260809_cargo_folded_litre,ordinary_litre,folded,,source_stated_total,,,,Pojemność przestrzeni bagażowej maks. po złożeniu kanapy (dm3) 1545 dm3 / 1632 l
507,cargo_context_duster_iii_expression_ecog120_4x2_automatic_boot_capacity_all_20260809_cargo_upright_vda_507,duster_iii_expression_ecog120_4x2_automatic_boot_capacity_all_20260809_cargo_upright_vda,vda_iso_3832,upright,,main_luggage_compartment,,,,Pojemność przestrzeni bagażowej min. (dm3) 453 dm3 / 513 l
508,cargo_context_duster_iii_expression_ecog120_4x2_automatic_boot_capacity_all_20260809_cargo_upright_litre_508,duster_iii_expression_ecog120_4x2_automatic_boot_capacity_all_20260809_cargo_upright_litre,ordinary_litre,upright,,main_luggage_compartment,,,,Pojemność przestrzeni bagażowej min. (dm3) 453 dm3 / 513 l
509,cargo_context_duster_iii_expression_ecog120_4x2_automatic_boot_capacity_all_20260809_cargo_folded_vda_509,duster_iii_expression_ecog120_4x2_automatic_boot_capacity_all_20260809_cargo_folded_vda,vda_iso_3832,folded,,source_stated_total,,,,Pojemność przestrzeni bagażowej maks. po złożeniu kanapy (dm3) 1545 dm3 / 1632 l
510,cargo_context_duster_iii_expression_ecog120_4x2_automatic_boot_capacity_all_20260809_cargo_folded_litre_510,duster_iii_expression_ecog120_4x2_automatic_boot_capacity_all_20260809_cargo_folded_litre,ordinary_litre,folded,,source_stated_total,,,,Pojemność przestrzeni bagażowej maks. po złożeniu kanapy (dm3) 1545 dm3 / 1632 l
511,cargo_context_duster_iii_expression_mildhybrid140_4x2_manual_boot_capacity_all_20260809_cargo_upright_vda_511,duster_iii_expression_mildhybrid140_4x2_manual_boot_capacity_all_20260809_cargo_upright_vda,vda_iso_3832,upright,,main_luggage_compartment,,,,Pojemność przestrzeni bagażowej min. (dm3) 517 dm3 / 594 l
512,cargo_context_duster_iii_expression_mildhybrid140_4x2_manual_boot_capacity_all_20260809_cargo_upright_litre_512,duster_iii_expression_mildhybrid140_4x2_manual_boot_capacity_all_20260809_cargo_upright_litre,ordinary_litre,upright,,main_luggage_compartment,,,,Pojemność przestrzeni bagażowej min. (dm3) 517 dm3 / 594 l
513,cargo_context_duster_iii_expression_mildhybrid140_4x2_manual_boot_capacity_all_20260809_cargo_folded_vda_513,duster_iii_expression_mildhybrid140_4x2_manual_boot_capacity_all_20260809_cargo_folded_vda,vda_iso_3832,folded,,source_stated_total,,,,Pojemność przestrzeni bagażowej maks. po złożeniu kanapy (dm3) 1609 dm3 / 1696 l
514,cargo_context_duster_iii_expression_mildhybrid140_4x2_manual_boot_capacity_all_20260809_cargo_folded_litre_514,duster_iii_expression_mildhybrid140_4x2_manual_boot_capacity_all_20260809_cargo_folded_litre,ordinary_litre,folded,,source_stated_total,,,,Pojemność przestrzeni bagażowej maks. po złożeniu kanapy (dm3) 1609 dm3 / 1696 l
515,cargo_context_duster_iii_expression_hybridg150_4x4_automatic_boot_capacity_all_20260809_cargo_upright_vda_515,duster_iii_expression_hybridg150_4x4_automatic_boot_capacity_all_20260809_cargo_upright_vda,vda_iso_3832,upright,,main_luggage_compartment,,,,Pojemność przestrzeni bagażowej min. (dm3) 348 dm3 / 400 l
516,cargo_context_duster_iii_expression_hybridg150_4x4_automatic_boot_capacity_all_20260809_cargo_upright_litre_516,duster_iii_expression_hybridg150_4x4_automatic_boot_capacity_all_20260809_cargo_upright_litre,ordinary_litre,upright,,main_luggage_compartment,,,,Pojemność przestrzeni bagażowej min. (dm3) 348 dm3 / 400 l
517,cargo_context_duster_iii_expression_hybridg150_4x4_automatic_boot_capacity_all_20260809_cargo_folded_vda_517,duster_iii_expression_hybridg150_4x4_automatic_boot_capacity_all_20260809_cargo_folded_vda,vda_iso_3832,folded,,source_stated_total,,,,Pojemność przestrzeni bagażowej maks. po złożeniu kanapy (dm3) 1414 dm3 / 1527 l
518,cargo_context_duster_iii_expression_hybridg150_4x4_automatic_boot_capacity_all_20260809_cargo_folded_litre_518,duster_iii_expression_hybridg150_4x4_automatic_boot_capacity_all_20260809_cargo_folded_litre,ordinary_litre,folded,,source_stated_total,,,,Pojemność przestrzeni bagażowej maks. po złożeniu kanapy (dm3) 1414 dm3 / 1527 l
519,cargo_context_duster_iii_expression_hybrid155_4x2_automatic_boot_capacity_all_20260809_cargo_upright_vda_519,duster_iii_expression_hybrid155_4x2_automatic_boot_capacity_all_20260809_cargo_upright_vda,vda_iso_3832,upright,,main_luggage_compartment,,,,Pojemność przestrzeni bagażowej min. (dm3) 430 dm3 / 496 l
520,cargo_context_duster_iii_expression_hybrid155_4x2_automatic_boot_capacity_all_20260809_cargo_upright_litre_520,duster_iii_expression_hybrid155_4x2_automatic_boot_capacity_all_20260809_cargo_upright_litre,ordinary_litre,upright,,main_luggage_compartment,,,,Pojemność przestrzeni bagażowej min. (dm3) 430 dm3 / 496 l
521,cargo_context_duster_iii_expression_hybrid155_4x2_automatic_boot_capacity_all_20260809_cargo_folded_vda_521,duster_iii_expression_hybrid155_4x2_automatic_boot_capacity_all_20260809_cargo_folded_vda,vda_iso_3832,folded,,source_stated_total,,,,Pojemność przestrzeni bagażowej maks. po złożeniu kanapy (dm3) 1545 dm3 / 1609 l
522,cargo_context_duster_iii_expression_hybrid155_4x2_automatic_boot_capacity_all_20260809_cargo_folded_litre_522,duster_iii_expression_hybrid155_4x2_automatic_boot_capacity_all_20260809_cargo_folded_litre,ordinary_litre,folded,,source_stated_total,,,,Pojemność przestrzeni bagażowej maks. po złożeniu kanapy (dm3) 1545 dm3 / 1609 l
523,cargo_context_duster_iii_extreme_ecog120_4x2_manual_boot_capacity_all_20260809_cargo_upright_vda_523,duster_iii_extreme_ecog120_4x2_manual_boot_capacity_all_20260809_cargo_upright_vda,vda_iso_3832,upright,,main_luggage_compartment,,,,Pojemność przestrzeni bagażowej min. (dm3) 453 dm3 / 513 l
524,cargo_context_duster_iii_extreme_ecog120_4x2_manual_boot_capacity_all_20260809_cargo_upright_litre_524,duster_iii_extreme_ecog120_4x2_manual_boot_capacity_all_20260809_cargo_upright_litre,ordinary_litre,upright,,main_luggage_compartment,,,,Pojemność przestrzeni bagażowej min. (dm3) 453 dm3 / 513 l
525,cargo_context_duster_iii_extreme_ecog120_4x2_manual_boot_capacity_all_20260809_cargo_folded_vda_525,duster_iii_extreme_ecog120_4x2_manual_boot_capacity_all_20260809_cargo_folded_vda,vda_iso_3832,folded,,source_stated_total,,,,Pojemność przestrzeni bagażowej maks. po złożeniu kanapy (dm3) 1545 dm3 / 1632 l
526,cargo_context_duster_iii_extreme_ecog120_4x2_manual_boot_capacity_all_20260809_cargo_folded_litre_526,duster_iii_extreme_ecog120_4x2_manual_boot_capacity_all_20260809_cargo_folded_litre,ordinary_litre,folded,,source_stated_total,,,,Pojemność przestrzeni bagażowej maks. po złożeniu kanapy (dm3) 1545 dm3 / 1632 l
527,cargo_context_duster_iii_extreme_ecog120_4x2_automatic_boot_capacity_all_20260809_cargo_upright_vda_527,duster_iii_extreme_ecog120_4x2_automatic_boot_capacity_all_20260809_cargo_upright_vda,vda_iso_3832,upright,,main_luggage_compartment,,,,Pojemność przestrzeni bagażowej min. (dm3) 453 dm3 / 513 l
528,cargo_context_duster_iii_extreme_ecog120_4x2_automatic_boot_capacity_all_20260809_cargo_upright_litre_528,duster_iii_extreme_ecog120_4x2_automatic_boot_capacity_all_20260809_cargo_upright_litre,ordinary_litre,upright,,main_luggage_compartment,,,,Pojemność przestrzeni bagażowej min. (dm3) 453 dm3 / 513 l
529,cargo_context_duster_iii_extreme_ecog120_4x2_automatic_boot_capacity_all_20260809_cargo_folded_vda_529,duster_iii_extreme_ecog120_4x2_automatic_boot_capacity_all_20260809_cargo_folded_vda,vda_iso_3832,folded,,source_stated_total,,,,Pojemność przestrzeni bagażowej maks. po złożeniu kanapy (dm3) 1545 dm3 / 1632 l
530,cargo_context_duster_iii_extreme_ecog120_4x2_automatic_boot_capacity_all_20260809_cargo_folded_litre_530,duster_iii_extreme_ecog120_4x2_automatic_boot_capacity_all_20260809_cargo_folded_litre,ordinary_litre,folded,,source_stated_total,,,,Pojemność przestrzeni bagażowej maks. po złożeniu kanapy (dm3) 1545 dm3 / 1632 l
531,cargo_context_duster_iii_extreme_mildhybrid140_4x2_manual_boot_capacity_all_20260809_cargo_upright_vda_531,duster_iii_extreme_mildhybrid140_4x2_manual_boot_capacity_all_20260809_cargo_upright_vda,vda_iso_3832,upright,,main_luggage_compartment,,,,Pojemność przestrzeni bagażowej min. (dm3) 517 dm3 / 594 l
532,cargo_context_duster_iii_extreme_mildhybrid140_4x2_manual_boot_capacity_all_20260809_cargo_upright_litre_532,duster_iii_extreme_mildhybrid140_4x2_manual_boot_capacity_all_20260809_cargo_upright_litre,ordinary_litre,upright,,main_luggage_compartment,,,,Pojemność przestrzeni bagażowej min. (dm3) 517 dm3 / 594 l
533,cargo_context_duster_iii_extreme_mildhybrid140_4x2_manual_boot_capacity_all_20260809_cargo_folded_vda_533,duster_iii_extreme_mildhybrid140_4x2_manual_boot_capacity_all_20260809_cargo_folded_vda,vda_iso_3832,folded,,source_stated_total,,,,Pojemność przestrzeni bagażowej maks. po złożeniu kanapy (dm3) 1609 dm3 / 1696 l
534,cargo_context_duster_iii_extreme_mildhybrid140_4x2_manual_boot_capacity_all_20260809_cargo_folded_litre_534,duster_iii_extreme_mildhybrid140_4x2_manual_boot_capacity_all_20260809_cargo_folded_litre,ordinary_litre,folded,,source_stated_total,,,,Pojemność przestrzeni bagażowej maks. po złożeniu kanapy (dm3) 1609 dm3 / 1696 l
535,cargo_context_duster_iii_extreme_hybridg150_4x4_automatic_boot_capacity_all_20260809_cargo_upright_vda_535,duster_iii_extreme_hybridg150_4x4_automatic_boot_capacity_all_20260809_cargo_upright_vda,vda_iso_3832,upright,,main_luggage_compartment,,,,Pojemność przestrzeni bagażowej min. (dm3) 348 dm3 / 400 l
536,cargo_context_duster_iii_extreme_hybridg150_4x4_automatic_boot_capacity_all_20260809_cargo_upright_litre_536,duster_iii_extreme_hybridg150_4x4_automatic_boot_capacity_all_20260809_cargo_upright_litre,ordinary_litre,upright,,main_luggage_compartment,,,,Pojemność przestrzeni bagażowej min. (dm3) 348 dm3 / 400 l
537,cargo_context_duster_iii_extreme_hybridg150_4x4_automatic_boot_capacity_all_20260809_cargo_folded_vda_537,duster_iii_extreme_hybridg150_4x4_automatic_boot_capacity_all_20260809_cargo_folded_vda,vda_iso_3832,folded,,source_stated_total,,,,Pojemność przestrzeni bagażowej maks. po złożeniu kanapy (dm3) 1414 dm3 / 1527 l
538,cargo_context_duster_iii_extreme_hybridg150_4x4_automatic_boot_capacity_all_20260809_cargo_folded_litre_538,duster_iii_extreme_hybridg150_4x4_automatic_boot_capacity_all_20260809_cargo_folded_litre,ordinary_litre,folded,,source_stated_total,,,,Pojemność przestrzeni bagażowej maks. po złożeniu kanapy (dm3) 1414 dm3 / 1527 l
539,cargo_context_duster_iii_extreme_hybrid155_4x2_automatic_boot_capacity_all_20260809_cargo_upright_vda_539,duster_iii_extreme_hybrid155_4x2_automatic_boot_capacity_all_20260809_cargo_upright_vda,vda_iso_3832,upright,,main_luggage_compartment,,,,Pojemność przestrzeni bagażowej min. (dm3) 430 dm3 / 496 l
540,cargo_context_duster_iii_extreme_hybrid155_4x2_automatic_boot_capacity_all_20260809_cargo_upright_litre_540,duster_iii_extreme_hybrid155_4x2_automatic_boot_capacity_all_20260809_cargo_upright_litre,ordinary_litre,upright,,main_luggage_compartment,,,,Pojemność przestrzeni bagażowej min. (dm3) 430 dm3 / 496 l
541,cargo_context_duster_iii_extreme_hybrid155_4x2_automatic_boot_capacity_all_20260809_cargo_folded_vda_541,duster_iii_extreme_hybrid155_4x2_automatic_boot_capacity_all_20260809_cargo_folded_vda,vda_iso_3832,folded,,source_stated_total,,,,Pojemność przestrzeni bagażowej maks. po złożeniu kanapy (dm3) 1545 dm3 / 1609 l
542,cargo_context_duster_iii_extreme_hybrid155_4x2_automatic_boot_capacity_all_20260809_cargo_folded_litre_542,duster_iii_extreme_hybrid155_4x2_automatic_boot_capacity_all_20260809_cargo_folded_litre,ordinary_litre,folded,,source_stated_total,,,,Pojemność przestrzeni bagażowej maks. po złożeniu kanapy (dm3) 1545 dm3 / 1609 l
543,cargo_context_duster_iii_journey_ecog120_4x2_manual_boot_capacity_all_20260809_cargo_upright_vda_543,duster_iii_journey_ecog120_4x2_manual_boot_capacity_all_20260809_cargo_upright_vda,vda_iso_3832,upright,,main_luggage_compartment,,,,Pojemność przestrzeni bagażowej min. (dm3) 453 dm3 / 513 l
544,cargo_context_duster_iii_journey_ecog120_4x2_manual_boot_capacity_all_20260809_cargo_upright_litre_544,duster_iii_journey_ecog120_4x2_manual_boot_capacity_all_20260809_cargo_upright_litre,ordinary_litre,upright,,main_luggage_compartment,,,,Pojemność przestrzeni bagażowej min. (dm3) 453 dm3 / 513 l
545,cargo_context_duster_iii_journey_ecog120_4x2_manual_boot_capacity_all_20260809_cargo_folded_vda_545,duster_iii_journey_ecog120_4x2_manual_boot_capacity_all_20260809_cargo_folded_vda,vda_iso_3832,folded,,source_stated_total,,,,Pojemność przestrzeni bagażowej maks. po złożeniu kanapy (dm3) 1545 dm3 / 1632 l
546,cargo_context_duster_iii_journey_ecog120_4x2_manual_boot_capacity_all_20260809_cargo_folded_litre_546,duster_iii_journey_ecog120_4x2_manual_boot_capacity_all_20260809_cargo_folded_litre,ordinary_litre,folded,,source_stated_total,,,,Pojemność przestrzeni bagażowej maks. po złożeniu kanapy (dm3) 1545 dm3 / 1632 l
547,cargo_context_duster_iii_journey_ecog120_4x2_automatic_boot_capacity_all_20260809_cargo_upright_vda_547,duster_iii_journey_ecog120_4x2_automatic_boot_capacity_all_20260809_cargo_upright_vda,vda_iso_3832,upright,,main_luggage_compartment,,,,Pojemność przestrzeni bagażowej min. (dm3) 453 dm3 / 513 l
548,cargo_context_duster_iii_journey_ecog120_4x2_automatic_boot_capacity_all_20260809_cargo_upright_litre_548,duster_iii_journey_ecog120_4x2_automatic_boot_capacity_all_20260809_cargo_upright_litre,ordinary_litre,upright,,main_luggage_compartment,,,,Pojemność przestrzeni bagażowej min. (dm3) 453 dm3 / 513 l
549,cargo_context_duster_iii_journey_ecog120_4x2_automatic_boot_capacity_all_20260809_cargo_folded_vda_549,duster_iii_journey_ecog120_4x2_automatic_boot_capacity_all_20260809_cargo_folded_vda,vda_iso_3832,folded,,source_stated_total,,,,Pojemność przestrzeni bagażowej maks. po złożeniu kanapy (dm3) 1545 dm3 / 1632 l
550,cargo_context_duster_iii_journey_ecog120_4x2_automatic_boot_capacity_all_20260809_cargo_folded_litre_550,duster_iii_journey_ecog120_4x2_automatic_boot_capacity_all_20260809_cargo_folded_litre,ordinary_litre,folded,,source_stated_total,,,,Pojemność przestrzeni bagażowej maks. po złożeniu kanapy (dm3) 1545 dm3 / 1632 l
551,cargo_context_duster_iii_journey_mildhybrid140_4x2_manual_boot_capacity_all_20260809_cargo_upright_vda_551,duster_iii_journey_mildhybrid140_4x2_manual_boot_capacity_all_20260809_cargo_upright_vda,vda_iso_3832,upright,,main_luggage_compartment,,,,Pojemność przestrzeni bagażowej min. (dm3) 517 dm3 / 594 l
552,cargo_context_duster_iii_journey_mildhybrid140_4x2_manual_boot_capacity_all_20260809_cargo_upright_litre_552,duster_iii_journey_mildhybrid140_4x2_manual_boot_capacity_all_20260809_cargo_upright_litre,ordinary_litre,upright,,main_luggage_compartment,,,,Pojemność przestrzeni bagażowej min. (dm3) 517 dm3 / 594 l
553,cargo_context_duster_iii_journey_mildhybrid140_4x2_manual_boot_capacity_all_20260809_cargo_folded_vda_553,duster_iii_journey_mildhybrid140_4x2_manual_boot_capacity_all_20260809_cargo_folded_vda,vda_iso_3832,folded,,source_stated_total,,,,Pojemność przestrzeni bagażowej maks. po złożeniu kanapy (dm3) 1609 dm3 / 1696 l
554,cargo_context_duster_iii_journey_mildhybrid140_4x2_manual_boot_capacity_all_20260809_cargo_folded_litre_554,duster_iii_journey_mildhybrid140_4x2_manual_boot_capacity_all_20260809_cargo_folded_litre,ordinary_litre,folded,,source_stated_total,,,,Pojemność przestrzeni bagażowej maks. po złożeniu kanapy (dm3) 1609 dm3 / 1696 l
555,cargo_context_duster_iii_journey_hybridg150_4x4_automatic_boot_capacity_all_20260809_cargo_upright_vda_555,duster_iii_journey_hybridg150_4x4_automatic_boot_capacity_all_20260809_cargo_upright_vda,vda_iso_3832,upright,,main_luggage_compartment,,,,Pojemność przestrzeni bagażowej min. (dm3) 348 dm3 / 400 l
556,cargo_context_duster_iii_journey_hybridg150_4x4_automatic_boot_capacity_all_20260809_cargo_upright_litre_556,duster_iii_journey_hybridg150_4x4_automatic_boot_capacity_all_20260809_cargo_upright_litre,ordinary_litre,upright,,main_luggage_compartment,,,,Pojemność przestrzeni bagażowej min. (dm3) 348 dm3 / 400 l
557,cargo_context_duster_iii_journey_hybridg150_4x4_automatic_boot_capacity_all_20260809_cargo_folded_vda_557,duster_iii_journey_hybridg150_4x4_automatic_boot_capacity_all_20260809_cargo_folded_vda,vda_iso_3832,folded,,source_stated_total,,,,Pojemność przestrzeni bagażowej maks. po złożeniu kanapy (dm3) 1414 dm3 / 1527 l
558,cargo_context_duster_iii_journey_hybridg150_4x4_automatic_boot_capacity_all_20260809_cargo_folded_litre_558,duster_iii_journey_hybridg150_4x4_automatic_boot_capacity_all_20260809_cargo_folded_litre,ordinary_litre,folded,,source_stated_total,,,,Pojemność przestrzeni bagażowej maks. po złożeniu kanapy (dm3) 1414 dm3 / 1527 l
559,cargo_context_duster_iii_journey_hybrid155_4x2_automatic_boot_capacity_all_20260809_cargo_upright_vda_559,duster_iii_journey_hybrid155_4x2_automatic_boot_capacity_all_20260809_cargo_upright_vda,vda_iso_3832,upright,,main_luggage_compartment,,,,Pojemność przestrzeni bagażowej min. (dm3) 430 dm3 / 496 l
560,cargo_context_duster_iii_journey_hybrid155_4x2_automatic_boot_capacity_all_20260809_cargo_upright_litre_560,duster_iii_journey_hybrid155_4x2_automatic_boot_capacity_all_20260809_cargo_upright_litre,ordinary_litre,upright,,main_luggage_compartment,,,,Pojemność przestrzeni bagażowej min. (dm3) 430 dm3 / 496 l
561,cargo_context_duster_iii_journey_hybrid155_4x2_automatic_boot_capacity_all_20260809_cargo_folded_vda_561,duster_iii_journey_hybrid155_4x2_automatic_boot_capacity_all_20260809_cargo_folded_vda,vda_iso_3832,folded,,source_stated_total,,,,Pojemność przestrzeni bagażowej maks. po złożeniu kanapy (dm3) 1545 dm3 / 1609 l
562,cargo_context_duster_iii_journey_hybrid155_4x2_automatic_boot_capacity_all_20260809_cargo_folded_litre_562,duster_iii_journey_hybrid155_4x2_automatic_boot_capacity_all_20260809_cargo_folded_litre,ordinary_litre,folded,,source_stated_total,,,,Pojemność przestrzeni bagażowej maks. po złożeniu kanapy (dm3) 1545 dm3 / 1609 l
563,cargo_context_bigster_essential_mildhybrid140_4x2_manual_boot_capacity_all_20260809_cargo_upright_vda_563,bigster_essential_mildhybrid140_4x2_manual_boot_capacity_all_20260809_cargo_upright_vda,vda_iso_3832,upright,,main_luggage_compartment,,,,Pojemność przestrzeni bagażowej min. (dm3) 667 dm3 / 702 l
564,cargo_context_bigster_essential_mildhybrid140_4x2_manual_boot_capacity_all_20260809_cargo_upright_litre_564,bigster_essential_mildhybrid140_4x2_manual_boot_capacity_all_20260809_cargo_upright_litre,ordinary_litre,upright,,main_luggage_compartment,,,,Pojemność przestrzeni bagażowej min. (dm3) 667 dm3 / 702 l
565,cargo_context_bigster_essential_mildhybrid140_4x2_manual_boot_capacity_all_20260809_cargo_folded_vda_565,bigster_essential_mildhybrid140_4x2_manual_boot_capacity_all_20260809_cargo_folded_vda,vda_iso_3832,folded,,source_stated_total,,,,Pojemność przestrzeni bagażowej maks. po złożeniu kanapy (dm3) 1937 dm3 / 2002 l
566,cargo_context_bigster_essential_mildhybrid140_4x2_manual_boot_capacity_all_20260809_cargo_folded_litre_566,bigster_essential_mildhybrid140_4x2_manual_boot_capacity_all_20260809_cargo_folded_litre,ordinary_litre,folded,,source_stated_total,,,,Pojemność przestrzeni bagażowej maks. po złożeniu kanapy (dm3) 1937 dm3 / 2002 l
567,cargo_context_bigster_essential_mildhybridg140_4x2_manual_boot_capacity_all_20260809_cargo_upright_vda_567,bigster_essential_mildhybridg140_4x2_manual_boot_capacity_all_20260809_cargo_upright_vda,vda_iso_3832,upright,,main_luggage_compartment,,,,Pojemność przestrzeni bagażowej min. (dm3) 609 dm3 / 660 l
568,cargo_context_bigster_essential_mildhybridg140_4x2_manual_boot_capacity_all_20260809_cargo_upright_litre_568,bigster_essential_mildhybridg140_4x2_manual_boot_capacity_all_20260809_cargo_upright_litre,ordinary_litre,upright,,main_luggage_compartment,,,,Pojemność przestrzeni bagażowej min. (dm3) 609 dm3 / 660 l
569,cargo_context_bigster_essential_mildhybridg140_4x2_manual_boot_capacity_all_20260809_cargo_folded_vda_569,bigster_essential_mildhybridg140_4x2_manual_boot_capacity_all_20260809_cargo_folded_vda,vda_iso_3832,folded,,source_stated_total,,,,Pojemność przestrzeni bagażowej maks. po złożeniu kanapy (dm3) 1877 dm3 / 1960 l
570,cargo_context_bigster_essential_mildhybridg140_4x2_manual_boot_capacity_all_20260809_cargo_folded_litre_570,bigster_essential_mildhybridg140_4x2_manual_boot_capacity_all_20260809_cargo_folded_litre,ordinary_litre,folded,,source_stated_total,,,,Pojemność przestrzeni bagażowej maks. po złożeniu kanapy (dm3) 1877 dm3 / 1960 l
571,cargo_context_bigster_expression_mildhybrid140_4x2_manual_boot_capacity_all_20260809_cargo_upright_vda_571,bigster_expression_mildhybrid140_4x2_manual_boot_capacity_all_20260809_cargo_upright_vda,vda_iso_3832,upright,,main_luggage_compartment,,,,Pojemność przestrzeni bagażowej min. (dm3) 574-626 dm3 / 648-673 l
572,cargo_context_bigster_expression_mildhybrid140_4x2_manual_boot_capacity_all_20260809_cargo_folded_vda_572,bigster_expression_mildhybrid140_4x2_manual_boot_capacity_all_20260809_cargo_folded_vda,vda_iso_3832,folded,,source_stated_total,,,,Pojemność przestrzeni bagażowej maks. po złożeniu kanapy (dm3) 1803-1884 dm3 / 1891-1977 l
573,cargo_context_bigster_expression_mildhybridg140_4x2_manual_boot_capacity_all_20260809_cargo_upright_vda_573,bigster_expression_mildhybridg140_4x2_manual_boot_capacity_all_20260809_cargo_upright_vda,vda_iso_3832,upright,,main_luggage_compartment,,,,Pojemność przestrzeni bagażowej min. (dm3) 523 dm3 / 648 l
574,cargo_context_bigster_expression_mildhybridg140_4x2_manual_boot_capacity_all_20260809_cargo_upright_litre_574,bigster_expression_mildhybridg140_4x2_manual_boot_capacity_all_20260809_cargo_upright_litre,ordinary_litre,upright,,main_luggage_compartment,,,,Pojemność przestrzeni bagażowej min. (dm3) 523 dm3 / 648 l
575,cargo_context_bigster_expression_mildhybridg140_4x2_manual_boot_capacity_all_20260809_cargo_folded_vda_575,bigster_expression_mildhybridg140_4x2_manual_boot_capacity_all_20260809_cargo_folded_vda,vda_iso_3832,folded,,source_stated_total,,,,Pojemność przestrzeni bagażowej maks. po złożeniu kanapy (dm3) 1754-1791 dm3 / 1891-1948 l
576,cargo_context_bigster_expression_hybridg150_4x4_automatic_boot_capacity_all_20260809_cargo_upright_vda_576,bigster_expression_hybridg150_4x4_automatic_boot_capacity_all_20260809_cargo_upright_vda,vda_iso_3832,upright,,main_luggage_compartment,,,,Pojemność przestrzeni bagażowej min. (dm3) 444 dm3 / 556 l
577,cargo_context_bigster_expression_hybridg150_4x4_automatic_boot_capacity_all_20260809_cargo_upright_litre_577,bigster_expression_hybridg150_4x4_automatic_boot_capacity_all_20260809_cargo_upright_litre,ordinary_litre,upright,,main_luggage_compartment,,,,Pojemność przestrzeni bagażowej min. (dm3) 444 dm3 / 556 l
578,cargo_context_bigster_expression_hybridg150_4x4_automatic_boot_capacity_all_20260809_cargo_folded_vda_578,bigster_expression_hybridg150_4x4_automatic_boot_capacity_all_20260809_cargo_folded_vda,vda_iso_3832,folded,,source_stated_total,,,,Pojemność przestrzeni bagażowej maks. po złożeniu kanapy (dm3) 1675-1712 dm3 / 1799-1856 l
579,cargo_context_bigster_expression_hybrid155_4x2_automatic_boot_capacity_all_20260809_cargo_upright_vda_579,bigster_expression_hybrid155_4x2_automatic_boot_capacity_all_20260809_cargo_upright_vda,vda_iso_3832,upright,,main_luggage_compartment,,,,Pojemność przestrzeni bagażowej min. (dm3) 546 dm3 / 612 l
580,cargo_context_bigster_expression_hybrid155_4x2_automatic_boot_capacity_all_20260809_cargo_upright_litre_580,bigster_expression_hybrid155_4x2_automatic_boot_capacity_all_20260809_cargo_upright_litre,ordinary_litre,upright,,main_luggage_compartment,,,,Pojemność przestrzeni bagażowej min. (dm3) 546 dm3 / 612 l
581,cargo_context_bigster_expression_hybrid155_4x2_automatic_boot_capacity_all_20260809_cargo_folded_vda_581,bigster_expression_hybrid155_4x2_automatic_boot_capacity_all_20260809_cargo_folded_vda,vda_iso_3832,folded,,source_stated_total,,,,Pojemność przestrzeni bagażowej maks. po złożeniu kanapy (dm3) 1754-1851 dm3 / 1809-1912 l
582,cargo_context_bigster_extreme_mildhybrid140_4x2_manual_boot_capacity_all_20260809_cargo_upright_vda_582,bigster_extreme_mildhybrid140_4x2_manual_boot_capacity_all_20260809_cargo_upright_vda,vda_iso_3832,upright,,main_luggage_compartment,,,,Pojemność przestrzeni bagażowej min. (dm3) 574-626 dm3 / 648-673 l
583,cargo_context_bigster_extreme_mildhybrid140_4x2_manual_boot_capacity_all_20260809_cargo_folded_vda_583,bigster_extreme_mildhybrid140_4x2_manual_boot_capacity_all_20260809_cargo_folded_vda,vda_iso_3832,folded,,source_stated_total,,,,Pojemność przestrzeni bagażowej maks. po złożeniu kanapy (dm3) 1803-1884 dm3 / 1891-1977 l
584,cargo_context_bigster_extreme_mildhybridg140_4x2_manual_boot_capacity_all_20260809_cargo_upright_vda_584,bigster_extreme_mildhybridg140_4x2_manual_boot_capacity_all_20260809_cargo_upright_vda,vda_iso_3832,upright,,main_luggage_compartment,,,,Pojemność przestrzeni bagażowej min. (dm3) 523 dm3 / 648 l
585,cargo_context_bigster_extreme_mildhybridg140_4x2_manual_boot_capacity_all_20260809_cargo_upright_litre_585,bigster_extreme_mildhybridg140_4x2_manual_boot_capacity_all_20260809_cargo_upright_litre,ordinary_litre,upright,,main_luggage_compartment,,,,Pojemność przestrzeni bagażowej min. (dm3) 523 dm3 / 648 l
586,cargo_context_bigster_extreme_mildhybridg140_4x2_manual_boot_capacity_all_20260809_cargo_folded_vda_586,bigster_extreme_mildhybridg140_4x2_manual_boot_capacity_all_20260809_cargo_folded_vda,vda_iso_3832,folded,,source_stated_total,,,,Pojemność przestrzeni bagażowej maks. po złożeniu kanapy (dm3) 1754-1791 dm3 / 1891-1948 l
587,cargo_context_bigster_extreme_hybridg150_4x4_automatic_boot_capacity_all_20260809_cargo_upright_vda_587,bigster_extreme_hybridg150_4x4_automatic_boot_capacity_all_20260809_cargo_upright_vda,vda_iso_3832,upright,,main_luggage_compartment,,,,Pojemność przestrzeni bagażowej min. (dm3) 444 dm3 / 556 l
588,cargo_context_bigster_extreme_hybridg150_4x4_automatic_boot_capacity_all_20260809_cargo_upright_litre_588,bigster_extreme_hybridg150_4x4_automatic_boot_capacity_all_20260809_cargo_upright_litre,ordinary_litre,upright,,main_luggage_compartment,,,,Pojemność przestrzeni bagażowej min. (dm3) 444 dm3 / 556 l
589,cargo_context_bigster_extreme_hybridg150_4x4_automatic_boot_capacity_all_20260809_cargo_folded_vda_589,bigster_extreme_hybridg150_4x4_automatic_boot_capacity_all_20260809_cargo_folded_vda,vda_iso_3832,folded,,source_stated_total,,,,Pojemność przestrzeni bagażowej maks. po złożeniu kanapy (dm3) 1675-1712 dm3 / 1799-1856 l
590,cargo_context_bigster_extreme_hybrid155_4x2_automatic_boot_capacity_all_20260809_cargo_upright_vda_590,bigster_extreme_hybrid155_4x2_automatic_boot_capacity_all_20260809_cargo_upright_vda,vda_iso_3832,upright,,main_luggage_compartment,,,,Pojemność przestrzeni bagażowej min. (dm3) 546 dm3 / 612 l
591,cargo_context_bigster_extreme_hybrid155_4x2_automatic_boot_capacity_all_20260809_cargo_upright_litre_591,bigster_extreme_hybrid155_4x2_automatic_boot_capacity_all_20260809_cargo_upright_litre,ordinary_litre,upright,,main_luggage_compartment,,,,Pojemność przestrzeni bagażowej min. (dm3) 546 dm3 / 612 l
592,cargo_context_bigster_extreme_hybrid155_4x2_automatic_boot_capacity_all_20260809_cargo_folded_vda_592,bigster_extreme_hybrid155_4x2_automatic_boot_capacity_all_20260809_cargo_folded_vda,vda_iso_3832,folded,,source_stated_total,,,,Pojemność przestrzeni bagażowej maks. po złożeniu kanapy (dm3) 1754-1851 dm3 / 1809-1912 l
593,cargo_context_bigster_journey_mildhybrid140_4x2_manual_boot_capacity_all_20260809_cargo_upright_vda_593,bigster_journey_mildhybrid140_4x2_manual_boot_capacity_all_20260809_cargo_upright_vda,vda_iso_3832,upright,,main_luggage_compartment,,,,Pojemność przestrzeni bagażowej min. (dm3) 574-626 dm3 / 648-673 l
594,cargo_context_bigster_journey_mildhybrid140_4x2_manual_boot_capacity_all_20260809_cargo_folded_vda_594,bigster_journey_mildhybrid140_4x2_manual_boot_capacity_all_20260809_cargo_folded_vda,vda_iso_3832,folded,,source_stated_total,,,,Pojemność przestrzeni bagażowej maks. po złożeniu kanapy (dm3) 1803-1884 dm3 / 1891-1977 l
595,cargo_context_bigster_journey_mildhybridg140_4x2_manual_boot_capacity_all_20260809_cargo_upright_vda_595,bigster_journey_mildhybridg140_4x2_manual_boot_capacity_all_20260809_cargo_upright_vda,vda_iso_3832,upright,,main_luggage_compartment,,,,Pojemność przestrzeni bagażowej min. (dm3) 523 dm3 / 648 l
596,cargo_context_bigster_journey_mildhybridg140_4x2_manual_boot_capacity_all_20260809_cargo_upright_litre_596,bigster_journey_mildhybridg140_4x2_manual_boot_capacity_all_20260809_cargo_upright_litre,ordinary_litre,upright,,main_luggage_compartment,,,,Pojemność przestrzeni bagażowej min. (dm3) 523 dm3 / 648 l
597,cargo_context_bigster_journey_mildhybridg140_4x2_manual_boot_capacity_all_20260809_cargo_folded_vda_597,bigster_journey_mildhybridg140_4x2_manual_boot_capacity_all_20260809_cargo_folded_vda,vda_iso_3832,folded,,source_stated_total,,,,Pojemność przestrzeni bagażowej maks. po złożeniu kanapy (dm3) 1754-1791 dm3 / 1891-1948 l
598,cargo_context_bigster_journey_hybridg150_4x4_automatic_boot_capacity_all_20260809_cargo_upright_vda_598,bigster_journey_hybridg150_4x4_automatic_boot_capacity_all_20260809_cargo_upright_vda,vda_iso_3832,upright,,main_luggage_compartment,,,,Pojemność przestrzeni bagażowej min. (dm3) 444 dm3 / 556 l
599,cargo_context_bigster_journey_hybridg150_4x4_automatic_boot_capacity_all_20260809_cargo_upright_litre_599,bigster_journey_hybridg150_4x4_automatic_boot_capacity_all_20260809_cargo_upright_litre,ordinary_litre,upright,,main_luggage_compartment,,,,Pojemność przestrzeni bagażowej min. (dm3) 444 dm3 / 556 l
600,cargo_context_bigster_journey_hybridg150_4x4_automatic_boot_capacity_all_20260809_cargo_folded_vda_600,bigster_journey_hybridg150_4x4_automatic_boot_capacity_all_20260809_cargo_folded_vda,vda_iso_3832,folded,,source_stated_total,,,,Pojemność przestrzeni bagażowej maks. po złożeniu kanapy (dm3) 1675-1712 dm3 / 1799-1856 l
601,cargo_context_bigster_journey_hybrid155_4x2_automatic_boot_capacity_all_20260809_cargo_upright_vda_601,bigster_journey_hybrid155_4x2_automatic_boot_capacity_all_20260809_cargo_upright_vda,vda_iso_3832,upright,,main_luggage_compartment,,,,Pojemność przestrzeni bagażowej min. (dm3) 546 dm3 / 612 l
602,cargo_context_bigster_journey_hybrid155_4x2_automatic_boot_capacity_all_20260809_cargo_upright_litre_602,bigster_journey_hybrid155_4x2_automatic_boot_capacity_all_20260809_cargo_upright_litre,ordinary_litre,upright,,main_luggage_compartment,,,,Pojemność przestrzeni bagażowej min. (dm3) 546 dm3 / 612 l
603,cargo_context_bigster_journey_hybrid155_4x2_automatic_boot_capacity_all_20260809_cargo_folded_vda_603,bigster_journey_hybrid155_4x2_automatic_boot_capacity_all_20260809_cargo_folded_vda,vda_iso_3832,folded,,source_stated_total,,,,Pojemność przestrzeni bagażowej maks. po złożeniu kanapy (dm3) 1754-1851 dm3 / 1809-1912 l
604,cargo_context_spring_essential_electric70_automatic_boot_capacity_all_20260809_cargo_upright_vda_604,spring_essential_electric70_automatic_boot_capacity_all_20260809_cargo_upright_vda,vda_iso_3832,upright,,main_luggage_compartment,,,,Pojemność przestrzeni bagażowej min. (dm3) 288 dm3 / 308 L
605,cargo_context_spring_essential_electric70_automatic_boot_capacity_all_20260809_cargo_upright_litre_605,spring_essential_electric70_automatic_boot_capacity_all_20260809_cargo_upright_litre,ordinary_litre,upright,,main_luggage_compartment,,,,Pojemność przestrzeni bagażowej min. (dm3) 288 dm3 / 308 L
606,cargo_context_spring_essential_electric70_automatic_boot_capacity_all_20260809_cargo_folded_vda_606,spring_essential_electric70_automatic_boot_capacity_all_20260809_cargo_folded_vda,vda_iso_3832,folded,,source_stated_total,,,,Pojemność przestrzeni bagażowej maks. po złożeniu kanapy (dm3) 975 dm3 / 1004 L
607,cargo_context_spring_essential_electric70_automatic_boot_capacity_all_20260809_cargo_folded_litre_607,spring_essential_electric70_automatic_boot_capacity_all_20260809_cargo_folded_litre,ordinary_litre,folded,,source_stated_total,,,,Pojemność przestrzeni bagażowej maks. po złożeniu kanapy (dm3) 975 dm3 / 1004 L
608,cargo_context_spring_extreme_electric100_automatic_boot_capacity_all_20260809_cargo_upright_vda_608,spring_extreme_electric100_automatic_boot_capacity_all_20260809_cargo_upright_vda,vda_iso_3832,upright,,main_luggage_compartment,,,,Pojemność przestrzeni bagażowej min. (dm3) 288 dm3 / 308 L
609,cargo_context_spring_extreme_electric100_automatic_boot_capacity_all_20260809_cargo_upright_litre_609,spring_extreme_electric100_automatic_boot_capacity_all_20260809_cargo_upright_litre,ordinary_litre,upright,,main_luggage_compartment,,,,Pojemność przestrzeni bagażowej min. (dm3) 288 dm3 / 308 L
610,cargo_context_spring_extreme_electric100_automatic_boot_capacity_all_20260809_cargo_folded_vda_610,spring_extreme_electric100_automatic_boot_capacity_all_20260809_cargo_folded_vda,vda_iso_3832,folded,,source_stated_total,,,,Pojemność przestrzeni bagażowej maks. po złożeniu kanapy (dm3) 975 dm3 / 1004 L
611,cargo_context_spring_extreme_electric100_automatic_boot_capacity_all_20260809_cargo_folded_litre_611,spring_extreme_electric100_automatic_boot_capacity_all_20260809_cargo_folded_litre,ordinary_litre,folded,,source_stated_total,,,,Pojemność przestrzeni bagażowej maks. po złożeniu kanapy (dm3) 975 dm3 / 1004 L
612,cargo_context_spring_expression_electric70_automatic_boot_capacity_all_20260809_cargo_upright_vda_612,spring_expression_electric70_automatic_boot_capacity_all_20260809_cargo_upright_vda,vda_iso_3832,upright,,main_luggage_compartment,,,,Pojemność przestrzeni bagażowej min. (dm3) 288 dm3 / 308 L
613,cargo_context_spring_expression_electric70_automatic_boot_capacity_all_20260809_cargo_upright_litre_613,spring_expression_electric70_automatic_boot_capacity_all_20260809_cargo_upright_litre,ordinary_litre,upright,,main_luggage_compartment,,,,Pojemność przestrzeni bagażowej min. (dm3) 288 dm3 / 308 L
614,cargo_context_spring_expression_electric70_automatic_boot_capacity_all_20260809_cargo_folded_vda_614,spring_expression_electric70_automatic_boot_capacity_all_20260809_cargo_folded_vda,vda_iso_3832,folded,,source_stated_total,,,,Pojemność przestrzeni bagażowej maks. po złożeniu kanapy (dm3) 975 dm3 / 1004 L
615,cargo_context_spring_expression_electric70_automatic_boot_capacity_all_20260809_cargo_folded_litre_615,spring_expression_electric70_automatic_boot_capacity_all_20260809_cargo_folded_litre,ordinary_litre,folded,,source_stated_total,,,,Pojemność przestrzeni bagażowej maks. po złożeniu kanapy (dm3) 975 dm3 / 1004 L
