configuration_code,family,page,text_chars,render_ok,sections,text_sha256,render_sha256
sandero_iii_essential_tce100_manual,sandero,1,321,true,summary,2ac8abadd68718c9cf20826362c33c0b531c642dac80c19d9d94f45ebb700ea8,992a2c7cd28a7a89d7037cc95f9812ed01015080c385ae56026a4c18f0859ba8
sandero_iii_essential_tce100_manual,sandero,2,573,true,summary|design|legal,14dec6ba0109967576a1be8de447ff7ddc11fa214aeddfaff83b8f98f88c1cf6,39ea9703e818e7bf2c0bf07d1ae4a09c4c7581bc810dde3ee3dc6652f2bf6665
sandero_iii_essential_tce100_manual,sandero,3,1657,true,summary|design|standard_equipment,683a5472919602ce005526cf6839bcbba62beaca21f7f669c8f817daefd7e230,d2d8674d6377010c1fbcb22152bcd65866e05ca4cef7ed3fc26b58224d4ae5cf
sandero_iii_essential_tce100_manual,sandero,4,1581,true,summary,abee159d72daef9b37b71cd1829917771620f444cd5273dfde1ca9139c76a1da,768621edf7817de68d7a3f5f83ac37feba04003abe70593c2cec396b5d2601ae
sandero_iii_essential_tce100_manual,sandero,5,1073,true,summary|technical,e4d05d0a4d4adc9f7c2f3f3bb191e8cf681f5f4ede5d795788bbb64f76260df2,bdb015f580b3ee8e6c0f74be64910684864e4c8d117ef20b1d2df81aba40d444
sandero_iii_essential_tce100_manual,sandero,6,1433,true,summary|technical,a354823e3211fb1545fe28f47bc537888137c7a1d566c47f2e062970aecd5796,3c506a12fd083a6226e75a942eb5b9273400ff55f0d80a3dc0bfe4c00e86d8b7
sandero_iii_essential_tce100_manual,sandero,7,403,true,summary|technical,21f1d11b217066910c4730ad33c13dea653a6fa30a17bdb37802e0b70a697d2f,e2bd479f8b1c7e5a6917e924cdc6a6ee3a1c3e58e54c2bed31c4fa155616e671
sandero_iii_essential_tce100_manual,sandero,8,758,true,summary,0c54da32146265b3477d0c1c392bd95f7d5c3c3902cb61b866aa18e9c1de2bec,d4de6ca792a7a713e5fbfde5c57336ec7d8ea37a7cdd887e0f226c95a067296a
sandero_iii_essential_tce100_manual,sandero,9,1030,true,summary|legal,8c1d948ec1c79d000b124b62c761e27b15d24aef79981f2448b722a86595f01a,1a7df44520adb7a90bcf4a4b9b031340cc3bf9675ed4f81b953a47ee756912bb
sandero_iii_expression_tce100_manual,sandero,1,322,true,summary,d658e27a24046c6d4f3acb498dad36584186419851a5c2f0c17e1347fff41b9a,605ce0f67102232e0396f2d5e515f1bf6fb3d3240c9202638ee54421e8f69257
sandero_iii_expression_tce100_manual,sandero,2,576,true,summary|design|legal,8c1ba6bdbdeb734ae6c55953ddf84204a77cf8bee0e94831b1ecb7b6517656d7,6521433cad3228f62af3cd2e799b6c79aac2dee67479bf3db97e3a9c4e121597
sandero_iii_expression_tce100_manual,sandero,3,1850,true,summary|design|standard_equipment,fd8fbb15423f2b5979efbf9a783ad4071711a5624a387ea7ebf2fd0b495bfc99,67fcaa497f8e7bec255386ccbfd2b6857bf33547444f9a27820376943be2d335
sandero_iii_expression_tce100_manual,sandero,4,1582,true,summary,e4e3b9c939c3ee58914bb8d89f2311ec6fa295e4b6ebed94896c0b8655ca79cf,5e5a9d3ef09720679e33d9c49d7146f303ad9070a776ad7768e82822b3e33fed
sandero_iii_expression_tce100_manual,sandero,5,1073,true,summary|technical,936f83dd0a42dd5de607e4bff811b6eb849d6497e81c948cc11550b2efb72cd4,3a0cfea1a9adc55fb438271d3aabe963e9adae35d1b3b5d3f43a17d3654d5316
sandero_iii_expression_tce100_manual,sandero,6,1433,true,summary|technical,9f9beff98b0d42360412e4ae0171c8c4803877ea4c3e18264c103be0a868811e,bdb8648935461bbff4313e13a2ff6c96fb62c004cf90f6ec6a9b05b2987d3502
sandero_iii_expression_tce100_manual,sandero,7,403,true,summary|technical,a648cdcc1dad76e396d828549e4eef9d371c81e2a730af19060b0776f12e01ad,16852ab8a77ce877dad4c71085fe8ca340396e19568662ab7eb831c057e4fcde
sandero_iii_expression_tce100_manual,sandero,8,758,true,summary,9ac7ed443b25f686b6ada18a8394ce56100055bcb0569e94407c37ae1f68e896,aaa4d2b43fb8e5203edf856da478d27fc87bbe51825d9cf0cdaf90f7d9fcb13d
sandero_iii_expression_tce100_manual,sandero,9,1030,true,summary|legal,69ebe60d01d732b11a3b89b1aa7f8de1294e09f5e8955e9f960ddb019215aa3f,9edd020d3b2dd9b32abc1805f1dd9e2bc232fdfcaea07e5dfb55451df8bb6f62
sandero_iii_expression_ecog120_manual,sandero,1,330,true,summary,a383db33ea9e728bbc6839cb767c70b68880a2b42fadd2edcd853f6790bdcf46,ce1faa7a7075391f370dccc961a917b07da3b9d163a2d94d0a268af9eabc28fb
sandero_iii_expression_ecog120_manual,sandero,2,578,true,summary|design|legal,b80515230dd93f3f226ebf679e842b43c9cd9942ade7dda50b1d7904685dedd1,545ec8e439b16199d590183deaadf53d0be2fa1098ecac1971185e6cf53b80dc
sandero_iii_expression_ecog120_manual,sandero,3,1850,true,summary|design|standard_equipment,d0978b9c651a991cfdae1145771ce7f812f066cdb3b0aab9bc093dcd26538579,51bc07cc27d4715ba1fe5572de1f0f43201da985495f186005dda955779c0f55
sandero_iii_expression_ecog120_manual,sandero,4,1614,true,summary,43c7070b7a6f5137a0ddb1942dab7acfae25cb595d3e1c8105661cd7251b5bfc,83600964336d20c0b81d7d0aa6982ed71a43425ad6f448c7c39f2a6997866901
sandero_iii_expression_ecog120_manual,sandero,5,1198,true,summary|technical,962639e9ced2743aa393a4de737235e7e4899fe4d5a464e99129b63cb016419c,a448f7e0997a0e60cf1d6886976478f410d73d2b7835d96beff7ee504aeb84ef
sandero_iii_expression_ecog120_manual,sandero,6,1483,true,summary|technical,8888cbc39f96b50cf23748b8ae2b404a8e355bc2a93d02316ede01d6e757ca32,682ac289bb65984bfc3a38e9e1a8863fa628ed383980e318204b94a3b0b20f54
sandero_iii_expression_ecog120_manual,sandero,7,500,true,summary|technical,b1bd856333fd5d51d5d492f47777ef6452bb8546d7da98f1d6ed5721d3f0c8ea,88c33e16162b05ed9a912000102b92bc32ab6566096418a3874e4f365596af3d
sandero_iii_expression_ecog120_manual,sandero,8,758,true,summary,6e308b33508684a94988f27911ca90bd3c9b7da233bd6b14497c2937f44b1acc,d2ff950fbe02fad60c1e918426320173c8214c84b777e8719315641e696da34c
sandero_iii_expression_ecog120_manual,sandero,9,1030,true,summary|legal,b2a45aad235c3cf1758f87b8125a7a28e3a57fd52f25a9aab7220c038249c069,3e8882ab9fac69ae1d44eab06bf8f363d328c80a59ad3452362850c2167b519c
sandero_iii_expression_ecog120_automatic,sandero,1,339,true,summary,99065530aebae17b4e9cd3d1326c5fb1bcc10d6cbef89881bf088d04db4db04e,e990bb75aa241f62bb574c770158b635edb1c6c832b763cfb306f90bc6c2097d
sandero_iii_expression_ecog120_automatic,sandero,2,583,true,summary|design|legal,29f3511f50e975de6df0cc4806698046fde6c648ffd2933ad53ff2d3561c9c3e,f1c3787c56571f2d4ee9bfb3203c1523b305a750cf77d7d30f7749b105ab070e
sandero_iii_expression_ecog120_automatic,sandero,3,1855,true,summary|design|standard_equipment,ee66387f086a7be66bdbf46eaae8a271769c62a4bb0fc8ccfc60b78319e3b7e0,5ba5fad238a85c6de0ab610d866c63663ec3da0c4839d1e00d0407bc8d6fc772
sandero_iii_expression_ecog120_automatic,sandero,4,1584,true,summary,87b1fed24ec166d76b4401418980c31e2ed59fc35e5c88b547aba4c86a31afe2,e3a16b6ea672038100dd1714678785fb0f7b6ece576571fd27b3637b5d8298e5
sandero_iii_expression_ecog120_automatic,sandero,5,1197,true,summary|technical,9f7cebb37159bf3f77a3cf5deb5200f649d1e1d50190d89e1165d68b8928d71a,e942f1a57660d9031f5c8983a15f12bd510546fd51a035c6920a6fe5c2ba0c20
sandero_iii_expression_ecog120_automatic,sandero,6,1487,true,summary|technical,37a71c24a03499836f7aec0e1fb859820103c86afa58869964fc7c04e6444ba9,c8dbb144146d6885b1cbedeec83ff88a5de26effcc82632b7567a2f72685d55f
sandero_iii_expression_ecog120_automatic,sandero,7,500,true,summary|technical,af500bcc6df0280381065751720d7aded39df6565c33cf3100a076df005cc00a,b28eca26d09a8c23f2bcbb8f1dfa32bb2bfd873933b74249aca3123edd4c2c26
sandero_iii_expression_ecog120_automatic,sandero,8,758,true,summary,237be10a06065db74c3e05a8575383ceef1ab7d4dcd3324a9b09e56055dd9f3d,efba569c6576b68b4d7ff636d4ee554b02cbb9c35a7ca7d40a5892b0844b9846
sandero_iii_expression_ecog120_automatic,sandero,9,1030,true,summary|legal,9344641674146c5c43559a38eb9b82edae7559d9bcada8fe73d8ab6ddc3ec539,20a18d00444f7da5995d78f27e377c8a1d59e0304fe4ec79fe2ce489e63f54d1
sandero_iii_journey_tce100_manual,sandero,1,319,true,summary,5261804ee6648880de6f0c3c78613afad2bcf3e8c31e28d418cac45eb98646bc,9880c26b537e315886c4fb4da3553cc2a8df7f6d836e886a7bc1984b57b95246
sandero_iii_journey_tce100_manual,sandero,2,574,true,summary|design|legal,75f1297773463efcd352b5a40dd42a226743fe8aa9783edec2e673d1931671b4,f2e9a6aab7d55637f787d95c7e5e2eff11f7c74c36d5ca8517bade81c5d00be1
sandero_iii_journey_tce100_manual,sandero,3,1601,true,summary|design|standard_equipment,b24e0178e8f9e1d75e179977c61523be9405613da13bd1ff7e2ca9c0ac3679a2,96ddcfa24daf0b26a66dac88cfcd2bcf2d0124e8c9fcc6fcc53ea229a970cbf2
sandero_iii_journey_tce100_manual,sandero,4,1884,true,summary,16dbe9197680477bef3b49564b1cb11d85aee9b9a13abd3534f9f703279b08b8,32d5e7608b9fe4bfb806984b315b79cb9bbb917d02d0d70c3d6e63f5e8f1426f
sandero_iii_journey_tce100_manual,sandero,5,1073,true,summary|technical,9e1c6c83407a3e18d0d1b963a239867df765fa5e83a2447f91b81de41cb3d6b9,93cb12cc2fb46aeeea98543234017ceba38aeca654499ad2c8f6749d08ed48aa
sandero_iii_journey_tce100_manual,sandero,6,1433,true,summary|technical,3a5652eb8a6aeae423d72a5a1db3a8d4f0cddf10816a247d632fa995ece5a03d,c37ad33df61cf4e408e7c3e4fe66c6c94222f16d8529c2220544e99eeab562b6
sandero_iii_journey_tce100_manual,sandero,7,403,true,summary|technical,74a9119e05640697b78c1653bc8064f40cb8ba6ce112c375ef97deab8eb7feb2,6a8b9283c4bc21aaeabdeb21122245b13bbc62071c50c90f1798f7ec442fc5e9
sandero_iii_journey_tce100_manual,sandero,8,758,true,summary,06568c49dd3bf822cdbb81a4ad38aa163f7f0484514d1ac0d72b241c90bbf068,a15fb8280bc033e65332c3faef024651edee528c63c8caa5b7568864b0535535
sandero_iii_journey_tce100_manual,sandero,9,1030,true,summary|legal,71f9db7345cc2a9eb0e5d5114fae28022854c6aefaeb99aaa49c36a4b9447dcd,70ab8e9bc203cdb386c03916e0cfb450818e4389af3956bbc5c9e50a50edbe85
sandero_iii_journey_ecog120_manual,sandero,1,327,true,summary,5cbc6ba20fbb3d0a89cdaf0962bd00be67fc97d72c6954396d9c6dc06825fdb5,4edf3c898e5b072a0824f2ccfc538a902bd1e5e661b8ec44d3b240fd709c1a1f
sandero_iii_journey_ecog120_manual,sandero,2,576,true,summary|design|legal,37477b15d9c7a68a2a52d3ab5fcdb40e9f7bdd2d6a42b68773859e0b0554fd07,6012b03964d86fa1fa17b10ab006b4083f9352ab660f47170259907301aad718
sandero_iii_journey_ecog120_manual,sandero,3,1606,true,summary|design|standard_equipment,e08538933a8411b733dcc0c4dfd0f1d32ee915719024a44bc17f856aae96420a,c4cc46d71c39413115a7f56e7205193b475ae20d0f0ccbdde00516f469259367
sandero_iii_journey_ecog120_manual,sandero,4,1916,true,summary,1700cafcb9170216c737a80cd47f5a64f32224c6b37a8400afadeebe569b478a,e274543173bd22e26b2eb6e456e1d8c2124e685350cb4b6f3a20cadb3f54d585
sandero_iii_journey_ecog120_manual,sandero,5,1198,true,summary|technical,6c850a52886bd5da81b26533e04358dd4f0c97e62411361d8d04743447c2a7d3,c53c5b726fdae856de39446aba372f0bd745c2f3d797331b3bd2ff7b6008c50c
sandero_iii_journey_ecog120_manual,sandero,6,1483,true,summary|technical,165d06809e202bc9dccb7e5c73e99dd48c2875ed02f0d59bd4a91708acc33aef,eea65b9e6c035e5a9860d48353ef2c44c1e6c761604edac252b06f75f0fcd23b
sandero_iii_journey_ecog120_manual,sandero,7,500,true,summary|technical,8f4abdfa6ff2f544e8e07727c6388935c9a29af0135c556d0b47e7fc0f033858,00e4fc9cc8784eaf41f95afabc2917e8f776c4d6fd524c9a134546d47d339f16
sandero_iii_journey_ecog120_manual,sandero,8,758,true,summary,0af0c5c54e12ef107dee9b791e36e25d34408476c2cc01a7088b8a6412a19a39,73952a4649a307b0007d0a63bcf22342bfcd211fd15d5c9ecbf12b2c642b0bf2
sandero_iii_journey_ecog120_manual,sandero,9,1030,true,summary|legal,f79f06068bb4c613b17909c0f102370b49426f0b2706e4809b68c7d6ddced4c2,871269a16c892c52d9198aadf734866cb929299a21fb101678be44334768968f
sandero_iii_journey_ecog120_automatic,sandero,1,336,true,summary,e55ba87efd3369b857a9696a08e1a69102edd32e4b2436a318a806672eac3e9c,abbdb23585c8c979e5e49379b14fe50d675ff0e66cf2aa30faab6bf25c387e9d
sandero_iii_journey_ecog120_automatic,sandero,2,581,true,summary|design|legal,9e9d3cfdf9222c84c929c9f0fc90610b29e79ffb3a6757cab551679fa44ee2f8,48e06c833995e51674417278ded8ed5967acd2862b2c0e0198ce7f982627197f
sandero_iii_journey_ecog120_automatic,sandero,3,1606,true,summary|design|standard_equipment,519d4051448baa49c622e4fa2ccdf4fe0e9fdf2677982a341981846759d315e0,4a0e5a6f3765ad103ccf45273ab7e9eacd6fc1c577b1be6883e9a8d0187ab502
sandero_iii_journey_ecog120_automatic,sandero,4,1893,true,summary,dd4f9da9953c1cd20c4ddc4ad90ec2e01ef121cae8049511558956e7928e4bb3,c561fc87f157c6ac613976c245d6a5eef5925513cdb9e37074fb54e986e12b12
sandero_iii_journey_ecog120_automatic,sandero,5,1197,true,summary|technical,9e864205862fee235425f68d1ab109e08464a5e3d31fee41c868b1f2c13efba3,fdabdbadf3265e166de628e3cd21d5c99bed59943598c433968daee624fb14b6
sandero_iii_journey_ecog120_automatic,sandero,6,1487,true,summary|technical,18e8b8fdd4457bc1c7d145443c0cee4ac79d3b65ea7e3f1d0dfeb525e6b119e9,992cbd255f4212d3d99b8839c9ce75124d243135d4f4adac2b483377dda85ae0
sandero_iii_journey_ecog120_automatic,sandero,7,500,true,summary|technical,6b69f1bf2510a2867b6c370ac9bd1a1f2a588279502bd9c183334cf1d0bbebae,5646d70e37bbe73d6bec7525dc53fee19c025fce70564b45fec3c297d6843a83
sandero_iii_journey_ecog120_automatic,sandero,8,758,true,summary,0a4c5521c3a4a2c13d6d02d05ca92e39be5caeded1f11fe3dfb9f103fb471b9b,cc021ebffd41c1c8aa4b0612a6f7bb835dd6d62a66d7433850dc2952f6ed6c1c
sandero_iii_journey_ecog120_automatic,sandero,9,1030,true,summary|legal,baff11edcd31dc48316baf3adb544ab27e790c9af189c6b5307cc0d28f9cc633,c973935ef8ddc7f078ac3a757cd70e3be264f65841364548ede9a2241baf2792
sandero_stepway_iii_essential_tce110_manual,sandero_stepway,1,337,true,summary,f85730ff097d486484ae542f9e2929967609d44de89520f69d57358f13349ad5,763ba8c63b0bded764c71c3fcdff95e62cc8d1b3ccec0a0eadffbe1ae2023140
sandero_stepway_iii_essential_tce110_manual,sandero_stepway,2,571,true,summary|design|legal,ab758717de2a4b692c31f17ac0d1b136642a5e5129cb2c2de471491cd65e470d,7a04397439821e6e928e168e1c1b36a3c37cb113a205c7e3b47f82273e42119c
sandero_stepway_iii_essential_tce110_manual,sandero_stepway,3,1685,true,summary|design|standard_equipment,4057f842ee93f3a4cbc57b5c5cd83a71c18616ab912fc423bb657005a03867b8,83aa0b3132ff0d65c36a49a851a08587a289f0b266b23de344f09ca64360cda8
sandero_stepway_iii_essential_tce110_manual,sandero_stepway,4,1562,true,summary,9f0fd82b8e40994b7aa37dcc0b69d3763b36fac1e9624d0e99c36e89120c1bca,96f363ffff8e29bea30e7a41b4e5f114635c58f30b4ee0d151dbffcd3e73d2dd
sandero_stepway_iii_essential_tce110_manual,sandero_stepway,5,1127,true,summary|technical,84a2ba3d5cb492f4b91fc25ef1ce44bbb84419ec799099dc480d06315a4bd988,11e80122a00fcf371d4a5f4900db0e9745914311c2e37e9f3a18ca02031100a4
sandero_stepway_iii_essential_tce110_manual,sandero_stepway,6,1433,true,summary|technical,7700ccf09f7a9d25285271d9b9fa1c25503536bdd053c7e19eabdbe269ce67b3,423c5f6cef12953256515aefe45da66ce0db8563e91131bc7e673bc14d411fd2
sandero_stepway_iii_essential_tce110_manual,sandero_stepway,7,455,true,summary|technical,025a5f8556dbd46a78d65eda90f3e01688af533237e50acd06d6609ff4c3ad14,b1ece3b3d0898044078e860d105bb8b4f55be2d0442d0a61a9d18d9ebe774f6f
sandero_stepway_iii_essential_tce110_manual,sandero_stepway,8,758,true,summary,a44360e99955af23257facb6674c16e09a118bd887e0f2f84595bf3c80ce5575,52e73ffe8304d249596681ba27ee7e9a1f87c27606093d03b71a1f49d8e47102
sandero_stepway_iii_essential_tce110_manual,sandero_stepway,9,259,true,summary,8fc17bb74ec63dfc92e9bcfce17703de34c854f9b240aa23151aa35f2a8343d1,c646833e320bac3c1b403d222f87f422d005dd0cfe3897c749fc5b323b1f6f4f
sandero_stepway_iii_essential_tce110_manual,sandero_stepway,10,1031,true,summary|legal,d8fb46fa5cf232fb18d7481142905bc1816db5f4e98841eec34ea543415b64bd,5be33779e6689b067a89d881fdb8e4ca26990e739db9b4f466436c162b0ab06f
sandero_stepway_iii_essential_ecog120_manual,sandero_stepway,1,345,true,summary,c57a161adc601514cc0ae638a35632d3e85b35e63bf5a5cc3b889057f90af588,6d9f213ed1b317b7e7dac62540fa12446d1776ce0c2b3a5edb3c63b62493c71c
sandero_stepway_iii_essential_ecog120_manual,sandero_stepway,2,573,true,summary|design|legal,3f0047e1902c7a456c92903acec2af76c0660130e3f83a12bc11deae34ee8add,fa332a5c7021fb24e0c7d2631aecd14822187b1c642c6475d81a505f58bea863
sandero_stepway_iii_essential_ecog120_manual,sandero_stepway,3,1685,true,summary|design|standard_equipment,264d70e75b1c716cd15d1faed7aaadcf192f074c8af34dc8e68afeade58e46f3,177fded2931ba8b4027fdadf0c1ef9479ba3d24e502fe25bffc4dd0306967657
sandero_stepway_iii_essential_ecog120_manual,sandero_stepway,4,1594,true,summary,7e27754a59e94575d43f2a338b3e6d4e3568b784464ed1520777fd0daab6f69a,279c8ec75b78341972deb6fb0b7a02ad8a8fd29eedc2b30effcfd2ed2da5565f
sandero_stepway_iii_essential_ecog120_manual,sandero_stepway,5,1198,true,summary|technical,bafb99b40f4789a8b4c9fc2bc73c854f0d4333d331f73cc74bb24c520295b4bd,5cb525ce29bd86172dd73720f3de56192eae21f5b14d3e7e3492c600479319aa
sandero_stepway_iii_essential_ecog120_manual,sandero_stepway,6,1483,true,summary|technical,14256dd1c474ff70f56b83ddf33fc1f2ab21137c623d1804aac6a14d6d40ed04,7d4f3562427095f2b18734dfa1ac99e7e779c4b2e5a0d3153e268fc0473a1d3a
sandero_stepway_iii_essential_ecog120_manual,sandero_stepway,7,500,true,summary|technical,ab21ff1b387f5295e0b223598690fc8ccf276e32fb1c479b4280e37ad1fc2e72,0b85f9b1663e41662526879499854afbebc2031fe7a3826daa19fad4cae5bd5f
sandero_stepway_iii_essential_ecog120_manual,sandero_stepway,8,758,true,summary,a87570f26f65a2c07975454cb091e969d83910f19fa240f0db2281c6de40d288,b1402675736ca36b21530c8018dde5a2e840a1860d9f3cdb2cf9888b06a93ed9
sandero_stepway_iii_essential_ecog120_manual,sandero_stepway,9,259,true,summary,2798e3d7d5f940742d5f84c1679aabc5a4874fab8897dff4b11f06c1888afb18,3ed3c71e1497ecc41120baf782bb50da993989394cf7d6145acb9330100fde0b
sandero_stepway_iii_essential_ecog120_manual,sandero_stepway,10,1031,true,summary|legal,835427cb30b851965ad5bacf993bc9ecfb80a7eba451d80db83ac6699c02cb99,2b955035d54ada9dd53ddd4c8c9542f32660d981fe6c576e87da6eda7ca94995
sandero_stepway_iii_expression_tce110_manual,sandero_stepway,1,338,true,summary,9cb0be9b2ca25571233a90977b20a75e995f3e9e216f5597261b6bbdd07ef7a1,5abe88c4accae1b3d1710c8bb90ae7e2a33f1c0be068fde42a9eecc7dc73710c
sandero_stepway_iii_expression_tce110_manual,sandero_stepway,2,572,true,summary|design|legal,75d0f10b293dc11d5752dcd8c5cf2dd8c7d0886bf83ce3c4e23bf4d50b0e42e4,3181496493b5233d3f4d1f9ae9a5899f180bf3c6748f44cb180b9f556740a8e7
sandero_stepway_iii_expression_tce110_manual,sandero_stepway,3,1862,true,summary|design|standard_equipment,6029c1814e87b05dcc62cc45efe17b52d7c8dfbb6408ba027b6a07be95eb036e,5f275d36bee67a7434a0916bf9741e6fdbbb6dc8e3640d8e7ce665b432e15f3c
sandero_stepway_iii_expression_tce110_manual,sandero_stepway,4,1582,true,summary,41f31b7d4281f3d5bbdb4fe7a9ce9f6c0be10d12c99b2e14672ddf62541a2fde,87c7bfe6b85ee248241037a808cb68f2ab4df1e0755223cd5e4c43d5758369db
sandero_stepway_iii_expression_tce110_manual,sandero_stepway,5,1075,true,summary|technical,82690dbbd2d0b5edc3111b2d470a112616a376905d086a74f67a7a50f68edad5,675ec809a8ab6ff16010b56382fef164d238e0f3cf6ba67426b9306a32419b79
sandero_stepway_iii_expression_tce110_manual,sandero_stepway,6,1433,true,summary|technical,28d87961bb2d03d2acf1aea4ac285137f74b01d5a10e17606487a03f041b4ba8,61c443f4f3679d5ccf254448576b0355177aede93fb980232ff46977edd4e9b7
sandero_stepway_iii_expression_tce110_manual,sandero_stepway,7,403,true,summary|technical,b1d0c2acdc5c9205cb5219028bb4528b5b210641a3a8f271056c9e8381e6728e,33e1db6042f79be4027d2fe7884f8d020a858636457fa0a41bdb5214565f290a
sandero_stepway_iii_expression_tce110_manual,sandero_stepway,8,758,true,summary,bf8297b88f36b87528fb74e1ffc9168641224ed6177f720cea15d90082224635,b861528cc4bce749f9ceb602b27a46cb052c7db4356032a17c90aa0815abd833
sandero_stepway_iii_expression_tce110_manual,sandero_stepway,9,259,true,summary,f26db3ed63e1ae8b223a1695f73af345bdb8e8307d534abbad0c5026756de403,f93da84747f631549b4df6c716bc99b21e881c5fca4f09621b442d3224452511
sandero_stepway_iii_expression_tce110_manual,sandero_stepway,10,1031,true,summary|legal,2fbbe90efe3a722bab9403bd3c6cd0bcac8a06338725346eef429987fc155e0c,e9f3bf7e10dc1027040e5c658a800947e83e40e6ef1b1739a2b994ab30fc95f2
sandero_stepway_iii_expression_ecog120_manual,sandero_stepway,1,346,true,summary,043e9088ca70b53c9dd30910b8223f7cf3794edda98ae8f8a581b2134e934be7,e0346992feddd23c1ff25d7b9d8ba3abeaae5bc8efa11d8257a74631af6aa465
sandero_stepway_iii_expression_ecog120_manual,sandero_stepway,2,574,true,summary|design|legal,03d53aca0b237a031e616e34983e09d20e7f1a206d075e3a7aa6f15ea6ac9354,92288a814233e27849c71ecac862c65a061b3dff70103c55ec8bc47db3d589f8
sandero_stepway_iii_expression_ecog120_manual,sandero_stepway,3,1862,true,summary|design|standard_equipment,462ccb4a444b5bbe1f3b7c15d10f85c1a6dd91641ae3c25f1832ff339c2948b5,6d6ffbb1a5d9fd4281fd4a1f35fe9bafec4d045f6079c34a7168690b153daefa
sandero_stepway_iii_expression_ecog120_manual,sandero_stepway,4,1614,true,summary,f0b828802cd85bed6beef221a1e52d2369ab934e1818671c4e3b0770b36c3f87,2be9bbd5867e381582ae21619522fcbf1a3a8f6dccf6554ea7e91acac341ba6d
sandero_stepway_iii_expression_ecog120_manual,sandero_stepway,5,1198,true,summary|technical,75ddb61701e1ac1da60f7d00fbf07e70095b61b5d9f52333f9ad26b1fca1decb,d308b79d5d3b728f310eec2dca1a7cbfbf0457c12fa69fb22794f5891176eaf8
sandero_stepway_iii_expression_ecog120_manual,sandero_stepway,6,1483,true,summary|technical,52e328e15a815081a1d7e2756b8732e610ec840847f6a2636b97910b731c5a90,4610a86cff6d8de8897f50ddd9b5b2562632e6057c9dd460fd64e8a802cb7a4e
sandero_stepway_iii_expression_ecog120_manual,sandero_stepway,7,500,true,summary|technical,8a49aeec17bea95b7650daab86bd5f112753307e9107b278396e38c3f9dbb643,a6fd3aeb849f005caa4eea787e1d6cbca58db9584f6095ab6bb23c04c57ea341
sandero_stepway_iii_expression_ecog120_manual,sandero_stepway,8,758,true,summary,9d196d2440f428f124a65aa5fd383f82c5e8265fdc6828cf1159ccf27c2b5a14,975e37491a5cb8408f480cd0daa8e18ddbbe8ecc5e6f324baf752aafab0bfc1d
sandero_stepway_iii_expression_ecog120_manual,sandero_stepway,9,259,true,summary,d6e1d3f86dd1a43177345182f96f6691da4d31020e2048064072f2a867afc423,ba533931a6f021b0ca20de007253285482bfaa412122ded0c41ea776b0476d5e
sandero_stepway_iii_expression_ecog120_manual,sandero_stepway,10,1031,true,summary|legal,9d9153805c1dde2e782bd31c58cd285f9f995373644450d6c8eef1dd898386b1,7c7adc8a7a8e1a574f2484c8f8ffbed70404a322c1e435d411f499babda53bc5
sandero_stepway_iii_expression_ecog120_automatic,sandero_stepway,1,355,true,summary,69c7ddcf150837ea5143235610ba6204db7eff526969d7923a77b8f56d37e072,c28a2f31b72e5a0452c17568501e53a5143ad8ae480a1d403d22cfe1bdd15abf
sandero_stepway_iii_expression_ecog120_automatic,sandero_stepway,2,579,true,summary|design|legal,cdbcae58ad259b0ab4d016f1246c39df488fb72df6109c21c15425c442146342,aa712141be423fc998e6c6deb572248f3d7ac1d2c615ee73aec2b0d0170b5f51
sandero_stepway_iii_expression_ecog120_automatic,sandero_stepway,3,1867,true,summary|design|standard_equipment,4e1b16fca1bfe0d33681eb75a6a42c4a2758ff90741953119ba6bb77dc66c081,bdaaa798628c1a02803b8045f0f9ae7b9466e2a6a3fd5cc10d5ad1a41225a470
sandero_stepway_iii_expression_ecog120_automatic,sandero_stepway,4,1584,true,summary,6b3ff16b6403871d9f61f3d0eb6c8e690038fe10017246b68653924c556fe9d1,cddb9bcea3b4db15625c8741a6b4de17bfe306639fdefc49897c9008b527b3c0
sandero_stepway_iii_expression_ecog120_automatic,sandero_stepway,5,1198,true,summary|technical,70873af031ff76b6b3f52e0e01ebb773d170479d2bd69e52d5c1609201ac674f,0b1631b0dafd8159d8c2dd30fb786ba252e5f16fd192f95d6a0fc20f091b205f
sandero_stepway_iii_expression_ecog120_automatic,sandero_stepway,6,1487,true,summary|technical,e4af12fafc8130cf960936721f0456c17aa23024d9cd70d52fe397b18f16dc92,6a8a68d466ccc9ea4b825cb0afb3d08f51e3c2e599df5613984d9623bce48c14
sandero_stepway_iii_expression_ecog120_automatic,sandero_stepway,7,500,true,summary|technical,c3d72f1982cc7394782686a495d722e88d477b39e07d3ebf4e781283edd30c35,87c94e6b3fee660dc0a6fe1943dadd892af2d4912284257577d1d8fd4c926b53
sandero_stepway_iii_expression_ecog120_automatic,sandero_stepway,8,758,true,summary,74a4b141a4ef97bc714e329f114f9a3f47def04639217856e4d12a8c66ba7f0f,6d3ceedfcb64cf24aa7947fbe3720c9c75f0e8fd527c16bcffaeb753aaeac5df
sandero_stepway_iii_expression_ecog120_automatic,sandero_stepway,9,259,true,summary,32d291e71dab79fee20ce41e4121bb685fa6c62d8ca99e0785d1234c0861afea,e772ff5a933a9af6b00a0fe9d2a902b7c1761ee6eaadf03500cdf3691293d85b
sandero_stepway_iii_expression_ecog120_automatic,sandero_stepway,10,1031,true,summary|legal,aef190aa6806e7e9acca34272c07e0b33cc436964eba2180e77460332bafc47e,f94fb1e1d8a101987dded5e3a4548cf8b18358f1f7dd3a2b5a176c15b8b27f37
sandero_stepway_iii_extreme_tce110_manual,sandero_stepway,1,335,true,summary,cfca4ae963eb9ece8cbc986907848beba7db424e95a51595bd4044843f7863f7,633779f06dd1998d6d4323f89e9d6bc5df1705304d5dfaa1237b259df12d14a9
sandero_stepway_iii_extreme_tce110_manual,sandero_stepway,2,606,true,summary|design|legal,589ff8469cb15e4167098fbcb7132a8eeecc19ee0f52d69f31b8360745bd0125,12fe8fe346da08fa602ff80aaf1194fe7915d46d1f2014d641e7810e269e7bef
sandero_stepway_iii_extreme_tce110_manual,sandero_stepway,3,1573,true,summary|design|standard_equipment,e4462480627ca15b0bc416c3f87f004cf1259cdc212a9cd27dad566c24e08d6a,d7e9e6c9500c80c56847b68408b09a9032526b1d8f09cfbc6df09b27419f8dd5
sandero_stepway_iii_extreme_tce110_manual,sandero_stepway,4,1979,true,summary|design,8b557b3be0a308d4ca9600edacef6c8f5ddba78b9935aaf15754f24992961c7a,b60140217b4d70c494184793c2965573cbd2a54d1deebf9fbe4f6f17cf5a8f39
sandero_stepway_iii_extreme_tce110_manual,sandero_stepway,5,1075,true,summary|technical,134693878b7c2bac5eb0ae570a25a5c014edb4b2c4eec2ad594e26b23057a0fe,9383ac9c317232c59ad9c4c615e156af35fc9cb4d2103301af4870ce19b70583
sandero_stepway_iii_extreme_tce110_manual,sandero_stepway,6,1433,true,summary|technical,5544a6ea5fe3e49e0bb1be71fe94e898b330f7335238ef060b8df3390922b410,de5be414809f4ce50c372b90929b5d855675f34f74f366ecf470513cdbf3955c
sandero_stepway_iii_extreme_tce110_manual,sandero_stepway,7,403,true,summary|technical,c16eee2a510c0eed809fc2131fce2b15cb9380118bc59bcea0747c6740a44b91,481e69920ca9935bc157120ae7dfc345822ec2738e0fd1596ef9e0275ce374c2
sandero_stepway_iii_extreme_tce110_manual,sandero_stepway,8,758,true,summary,df64f7a92fcb3ff4bb25de233f17a4ade45869919c193565dbf07fae56dfd342,8038177d31cba3b257bd422f8e56a26c5c5d442b214d3ac06f7f5e0d3454a86e
sandero_stepway_iii_extreme_tce110_manual,sandero_stepway,9,259,true,summary,199acf906ae7d86ea233862c69e18ab846c03d05c626a6de1de828007309dbbd,69a26ae5350de4b381d78a7bf7549a9968fbb31068580f16e40ed9506ffcf76d
sandero_stepway_iii_extreme_tce110_manual,sandero_stepway,10,1031,true,summary|legal,6e97df7d009bfd2f376ce073e235a7b21df78b13360799ef2c40079e7b838415,5a182f6d97c6ab817d37822900f40e843e35f0445b81f571bbf19b93eb67905a
sandero_stepway_iii_extreme_ecog120_manual,sandero_stepway,1,343,true,summary,f020f8486da4b60eba8abe0f04ff095eda21562e612901937abed69ac34c978f,1362e057cb743a3a022df22a995d596ebba8749b8b08d1a8b6647d919cf62361
sandero_stepway_iii_extreme_ecog120_manual,sandero_stepway,2,608,true,summary|design|legal,480ffc88d058edba39e6f7262c63673d0bbacb5173bc70417b4de4c7cd075460,2b4b6cd98003a280a5d6dc2dbcd60d519fb12b1ec546da0d47be5d4429c74cbd
sandero_stepway_iii_extreme_ecog120_manual,sandero_stepway,3,1578,true,summary|design|standard_equipment,a83bcdb93cd00556016d6ecc361c8e3009ed8089e0d2cda2313292dc5fd17b43,d1762477729f829402709bdd49e50a92ccb5822e6fab8c1dcf9a7ef67c1d9d1c
sandero_stepway_iii_extreme_ecog120_manual,sandero_stepway,4,2011,true,summary|design,986871340fb0e652a498665699c0b446eff6adf660e017f2563635e35c550880,de1e9396d4079435e1d93c2536bde2b9a6aa0d2bfbc84d17facfca81cf94d9af
sandero_stepway_iii_extreme_ecog120_manual,sandero_stepway,5,1198,true,summary|technical,0494e111097675661c1b0494f54cfade221744fd0d6956ef57e0e676fb9d8338,36ce2de1d11c3efe8ff3dec34d7a1b29d8efd5b2a7bd53782bbdc491f470d02c
sandero_stepway_iii_extreme_ecog120_manual,sandero_stepway,6,1483,true,summary|technical,f763801f5700d68e33e99be173b7277d604ed52dcaed9b4ae8903d2e29acabfb,534142f7af9624439736ff87589dace768e172cf35b39b4d4ef8ced7e56f3e64
sandero_stepway_iii_extreme_ecog120_manual,sandero_stepway,7,500,true,summary|technical,1451e581da305175ace1f6d404c17e829461d8d90d890e67a44c0aabe5fa821c,777e90fdf030d62b5df8846d8454cf4c5b310b44162ff69b222bf08a12cd2469
sandero_stepway_iii_extreme_ecog120_manual,sandero_stepway,8,758,true,summary,48493569bb82b61190f540ef24226f95f0d292833e0f7c87c3cb69fef258b322,28042203bf442c95634cb8fc1934be90274cb5795fab14d3e538dcaffa74bddb
sandero_stepway_iii_extreme_ecog120_manual,sandero_stepway,9,259,true,summary,88f8182c1decda0bdddca9c0f74a8586cbdb22265faeefae8fab7610527ee676,0cbc022bca96979d7ecf479a84da2ac136a0e6fbffd14df3bf69ecb48dcab37b
sandero_stepway_iii_extreme_ecog120_manual,sandero_stepway,10,1031,true,summary|legal,7e40ef6c243883a5a19c4f4bdb4f8c7469a488528834a43c8851f1c1ea7ad1cd,1a879d6724070abdabe85466e108678ca0dde33448a63045cd54aa6b2608019e
sandero_stepway_iii_extreme_ecog120_automatic,sandero_stepway,1,352,true,summary,3f5549e8174d1ad72ef80844235f4971a7a8f70f8332c96dd681ff73f588e682,9d28db95195a8913152010eda94becec67f7db72eb5fa688feb5eb44929c7535
sandero_stepway_iii_extreme_ecog120_automatic,sandero_stepway,2,613,true,summary|design|legal,b266b15a11eb7396c1541f7c7f6d8d60a7199c512984f201e7a21e8bbb2e716d,9bd8a50963d0fb0b16f1f3ccaf801f2a49070695fe0277dccd2b9b8ad72fb21c
sandero_stepway_iii_extreme_ecog120_automatic,sandero_stepway,3,1578,true,summary|design|standard_equipment,58bef5391fd0020fb27d4505961b53b1a2ae40f747415b56b1adc0f48be0cf2b,28cb78aaa7696b4c32a6e1a5d9edf2263fb644161ce760ec69e6a29cedf52a7e
sandero_stepway_iii_extreme_ecog120_automatic,sandero_stepway,4,1988,true,summary|design,4e55ea3f0a0542a9706c98e891ffc660a4f5760dcd22413a24064f11dea68bb7,3db80ba37905597a0a58ef5cac82133b859be07b51c89b19551922f4677003f7
sandero_stepway_iii_extreme_ecog120_automatic,sandero_stepway,5,1198,true,summary|technical,3142ac44d1b8111798f7a7dc461b9fdd9e598d4c5d2b50d83202e6ef07d9a801,d542157c05fe3d68ccd8f051b3751b2e2550ca1cba61b4fbb9e49793805b3eb4
sandero_stepway_iii_extreme_ecog120_automatic,sandero_stepway,6,1487,true,summary|technical,0dfcc1d1c71f63fa861f744d2ced9bf4a067b90ea003f8e72773495103313c42,2254628f5a5d608c45b283580df16a7ec01f7947d41da106ef4b2f9040a4f51a
sandero_stepway_iii_extreme_ecog120_automatic,sandero_stepway,7,500,true,summary|technical,dbf2ff77fc14526a3922e206bd19a83ea59b4cd2522f55883737cfb4884ba835,fc6c76a3c591469534f682657a8dba22966a1d3f7c74470bfb09239376899c36
sandero_stepway_iii_extreme_ecog120_automatic,sandero_stepway,8,758,true,summary,dd53943d1e981443b1be9d2b45e389cf97474408e0084a7344f2624581a1ace0,770043524090af451c1de8c4f14b67e1106b9bbbab5cde81118f70a94b7c1a23
sandero_stepway_iii_extreme_ecog120_automatic,sandero_stepway,9,259,true,summary,5929bc0ae28d09830070dd8975fe5a726655a8f0d256468bd6e0237538fdd398,edc59c4a1eddc43d15e4de92f0990e1ce9be6c163c16941450d5d6b09cc2aa4c
sandero_stepway_iii_extreme_ecog120_automatic,sandero_stepway,10,1031,true,summary|legal,a065fb72853e23b50cf299bdb55242126a4810b11e392581c42c0616a01f5db3,1c3f51521dff5b77975781228420dc5ca53c3d8edfd283e344673e861effe0d2
jogger_essential_5seat_ecog120_manual,jogger_5,1,333,true,summary,f7775951975c91843ea7b541adaef8e6c5333b43d1f90a676d8014ca6739d521,c2600cee3386450a37e3ef214d73a39003164dbb6822af10b6684c3a6de01e12
jogger_essential_5seat_ecog120_manual,jogger_5,2,574,true,summary|design|legal,1f461df2bef462d1eaa52ce79affc47d476a3bfd2057980f5f637fad30c8f1a9,b19e3ae6ebfa4933216501926e70fa8d82c3c227751abbcedeca8653f207f6ef
jogger_essential_5seat_ecog120_manual,jogger_5,3,1617,true,summary|design|standard_equipment,586d0e887cf5bc3f3b995d1b2f5db559d370c2cc31e3ea2a02c482e7d8438279,c2cf69b1fafb465eb7c0e9b94fbab930fd988ccd69e7d074e4eabdeeb6bf2538
jogger_essential_5seat_ecog120_manual,jogger_5,4,1813,true,summary,1ec576898f3d475b6f1fcafcd3aa3169441f486ef8345e3c5b868dc257db88f7,62d84e012c066c2abeda0eebf85f78a641ea567ef7801ea78721a15f9c683f0f
jogger_essential_5seat_ecog120_manual,jogger_5,5,1167,true,summary|technical,af117657df84114e95939e07e8836bcbbe23745d788b207fd23f540e40408272,e48e7554d225e4bdd8ae6aab4442136782c4e368cbd2197d9bd50e380b24d27b
jogger_essential_5seat_ecog120_manual,jogger_5,6,1399,true,summary|technical,0fc70c523e77032792ca64b162af9df2403738fb462bcf49a7fc8b5ec8511026,6989cdbfd0d7e44b7dc29951d87ed835c706acac70197ed6731928034ed22ca4
jogger_essential_5seat_ecog120_manual,jogger_5,7,500,true,summary|technical,e113e6eeeb6e4d51908f33f75e65594d494fbbe27d9cb75ad700e449c2e11219,41cba8b147f8d6047d4d06f726e537ac5eab6546f2d733605c716211361bda39
jogger_essential_5seat_ecog120_manual,jogger_5,8,758,true,summary,ce374c566bb203fbe0793872731df0a4b29fb0b543be7732adf4ff7814f6cbb9,f55b148a0af696003d60a390f6a29a45b22ba7fa2f5ddf5ac92b57edf8043cb1
jogger_essential_5seat_ecog120_manual,jogger_5,9,259,true,summary,7be0e17b4ad91f02a7e291baf5067ca58f4e47ca4992860ac35a1fd8873a280c,e664c99263b11c4e52cf88445da3d23c449c46189ff0a5386f818e343749461b
jogger_essential_5seat_ecog120_manual,jogger_5,10,1031,true,summary|legal,e107224cc435845fdb5cac05fdfe23d3a1456de07ff4472c060fec50ac3fb710,92710899c6e65a9fffb6de7578d131dc224bbd439c8609ab5d06809d70123fe8
jogger_expression_5seat_tce110_manual,jogger_5,1,326,true,summary,8a6a7a6f75a4cdafd72ad2dfbe6bdda0e3b5180bce7342f6fdd0180c7fc8d1bd,8b8db18b065ae54c4638ea9b15208e089b4fc032bab664069797d341dc23387b
jogger_expression_5seat_tce110_manual,jogger_5,2,574,true,summary|design|legal,b552e6ab49e1308e6070790f9f3d04d701b01e7ea8718749381d08eb5221b181,2f26a3bf598ab11dbd7de6f481e28d9971449833ccb8be856d72e02a98179899
jogger_expression_5seat_tce110_manual,jogger_5,3,1664,true,summary|design|standard_equipment,ac7e574aba309bfecdcf0dedcfbde60ca27513d6d54b8103d53af1e1c2fafd0e,7e3b8884f61c8faf364e701ba1a9c84cb21b77b8a12a47e85f07d70cc31bbfcb
jogger_expression_5seat_tce110_manual,jogger_5,4,1835,true,summary,9b6a38d98e81ae37593726ea414275f50487f629827b2e4bcaa4e97c8f4d5300,cbbaff2a2186dbc439e53ec941abded4b4d79509e416650ad2d2bf5d7be2e4d5
jogger_expression_5seat_tce110_manual,jogger_5,5,1070,true,summary|technical,6d17e6e86a588338837b8a785732bf723cd7c825efc1e8be6220bc4225d204f7,a9a57b6ad94959e6326fb1eadaf985dc04e029360c02231bef628108ebb07556
jogger_expression_5seat_tce110_manual,jogger_5,6,1360,true,summary|technical,3ea06dcb17394577510348651419ea132a7de3b5f47efffda3e829c064e98701,eec9f443b7703dabf451c6c0966ece34a8fe94de2574f9568d9bc68920803e65
jogger_expression_5seat_tce110_manual,jogger_5,7,403,true,summary|technical,73dfeeb5a50b7b20b056f259f5d12eb2c923cac12a4af052a32f3f6a8c1d8e31,ee4332bb0583ca3605367ab629f8d35bd5d7a73e474d7051cca4bca8bb3ca89f
jogger_expression_5seat_tce110_manual,jogger_5,8,758,true,summary,70e407150c4f413c8f85f3aaa28481d57849b8fd571da7d3af0848cdf40a8be9,547c403fc1e8028321e0d9c60892f939c6e2719591dbe03e82e0bf6ef71f1beb
jogger_expression_5seat_tce110_manual,jogger_5,9,259,true,summary,028519a5a22328dd5c529ab11cad9f69002b92e4b089083d0da4fb461c0e648b,8a1f79a904fd019ae94a1a7f6f9bacbffea7112c9006ff62a0f30b76d0a32b75
jogger_expression_5seat_tce110_manual,jogger_5,10,1031,true,summary|legal,6a87fd6d32bead79bc841c3c058fd0340ff4daf4202a9f96d0fdcd67570ab95d,9ae19cc9375c860a8e29e7f6d71466d9f1778111cbd7afa8a64a2f1ef8650d85
jogger_expression_5seat_ecog120_manual,jogger_5,1,334,true,summary,2d0b66440ad3ee9682b4b91e244b32589dbd5792b0a634b00ce35ac56d12eed2,1877a8500a0f9e056e1d6e39eba7f1995dab58575703c33a340f2a85a9d91578
jogger_expression_5seat_ecog120_manual,jogger_5,2,576,true,summary|design|legal,75a8b870693676b58515f9524c493d044f8e5a8aefcfe51de31cfaa6149ff764,d3cf4fa75fa18d21507851afb037a78cd33d214f645934339f56806752a59660
jogger_expression_5seat_ecog120_manual,jogger_5,3,1664,true,summary|design|standard_equipment,0ad5d59d3e8bab55f80b57a0ff57d99387c5fca97444782c153970d8c0d14651,cb3545cf60e820cd9c2408c80ebbcc7ca31c481264640c1bdc6fe04262af9abb
jogger_expression_5seat_ecog120_manual,jogger_5,4,1867,true,summary,af16594790eff8849f93552563e8c1acf771c867fb54431cc554702f273a367f,ac6bd7caf51926a364513164122349696792d1474debdf72ff87b92b423edca7
jogger_expression_5seat_ecog120_manual,jogger_5,5,1167,true,summary|technical,520ea1b4876778f5eafded1c5ac2e378d98c3aa257259d4221d72da2ad4b2122,b7404e3e3be573f1f9ade620f8d02e142ba9b1899af4b987a18e91fc8d6f3975
jogger_expression_5seat_ecog120_manual,jogger_5,6,1399,true,summary|technical,63e96dd59bd6bd217954da651c2e2149d648bf1ba1c3d043b14987ec7b780405,a16650302bca84a32cbb9588c973b94c7e74e3ceda8434de241e7bc9d5bed4db
jogger_expression_5seat_ecog120_manual,jogger_5,7,500,true,summary|technical,26cfe27adeefa170934fd156c6c11e05498938cad130e2e6e3d41de30c971817,127b474c7ca48b6258389b032ee88bab78cb7a978422a1c5b8e02c8331a47074
jogger_expression_5seat_ecog120_manual,jogger_5,8,758,true,summary,d07b72637f84fb90ba1845cab10d934b66abfc9ffc5c15be18aac2d7a9ebb3d6,80d546aa89953cbb92c58341bde0050ba6745e5ab2a85cdb06ebe9682ab4115d
jogger_expression_5seat_ecog120_manual,jogger_5,9,259,true,summary,0dad9161069e8c417c176825b3f11a6056eb069a45eef77e7ec04a5e437b9fa5,c631c4ec43799e635d74a654a1379de5c6bc8f62e9724450c89545829f30e741
jogger_expression_5seat_ecog120_manual,jogger_5,10,1031,true,summary|legal,e55af91b7d149ae278ec4bc3ca277db675234aedbf0d6908f82be9fdc0712f19,9473d6d23db878b8224d650dc36de9d36d67cae2b5225ec674c21e9681037ae6
jogger_expression_5seat_hybrid155_automatic,jogger_5,1,345,true,summary,c709b2ddd8e1136f6d7c8b6fe5ecdbfcd21a107ca997cd929771e95dc5ba6585,b9a6d360f10c9b97fded1d013eeb83fd8dca2ca2a5d5eb0bdda90604f75a6529
jogger_expression_5seat_hybrid155_automatic,jogger_5,2,579,true,summary|design|legal,021b8c4e0b0590dbc22042e53f162cdc70fdc37684b1a9ab6660a29c06d07b4e,c5168189483cd23ac5e3a7ab69d8d53c492484ac172f3b2757e0c889233ac3f0
jogger_expression_5seat_hybrid155_automatic,jogger_5,3,1637,true,summary|design|standard_equipment,a100a3760e35c524ef6ee5a37a3a36c29eb2073abc8c0517262b5f863b152b9e,7250b2b3071015d992f5e3c70a9a02f06cb1d261a7843ca90b67098b45fb30c4
jogger_expression_5seat_hybrid155_automatic,jogger_5,4,1867,true,summary,5c954148c22237f5d5e2e6f6743388804744249cbdb17a6b33fee5e28c6fc933,74f64065f5dbad0e479127a56f8a9050189c23b503d64dcc94e660c3d0d5097d
jogger_expression_5seat_hybrid155_automatic,jogger_5,5,1081,true,summary|technical,af9793078b14019c9cba7ffaadd27a79aaae6cb023a62e5849b8dbb5fba4ec6d,6c49e3269b490a5c904de1f2321719620d0e695037c0f17b51ba07c443bd7e16
jogger_expression_5seat_hybrid155_automatic,jogger_5,6,1401,true,summary|technical,7a175d17ea228e00905bf6ff1ae6105983ff9e2f375a5330cc4344a4f777d206,e726eb1bd3416b90327fcfb561f8b30af3003a9736251cc0344ae4db223724d3
jogger_expression_5seat_hybrid155_automatic,jogger_5,7,403,true,summary|technical,f7a7accfa72660276af77994833c31d9ffa8adbee8063ced3c0d4056a319a45f,8a9db5e593ad393bbbfaea5434fdcca82895d23f4ff12128f37530908d961715
jogger_expression_5seat_hybrid155_automatic,jogger_5,8,758,true,summary,a1a4145f5dc82c41daae221127fd9fea28c8c82b9431be231494129b2b350dfb,4c4c21dee725759d27670d4bf31574e06ef41ff815c73eadcd557198a9a6d975
jogger_expression_5seat_hybrid155_automatic,jogger_5,9,1030,true,summary|legal,09d80fdcfd8aa7d0fe9ea6942480c0104e40b77c261b7d1dc5e0da68de31c5c6,61619cdaae25332139ad770d542d5185dd60fbad1006322f04ad4ee33800b4e3
jogger_extreme_5seat_tce110_manual,jogger_5,1,323,true,summary,b3036a451e7180caf51d4ec98217f3d36c43e68352b23dda6527f224389ed084,7ec37e56b19762963c2d48f8dffd56a1f3c2117454962e8e1d24b5704fb4e8f2
jogger_extreme_5seat_tce110_manual,jogger_5,2,581,true,summary|design|legal,d659eb24e81b94bd64a280b70d2e5ddb47a21f68c51eee6356ff8eee46686288,13025b7ccdf5bc29ef0ac9929ebee8ee0964f07d05491ce79f4f97e0a4c0d212
jogger_extreme_5seat_tce110_manual,jogger_5,3,1735,true,summary|design|standard_equipment,273cdf380da03894e8b881311a0b554c7d30c0c8a3d07eaffd4de43319ea1af7,b0e62377717be9f4a2bc1395a22960dc265ce0c9f4c26d1681bf8316119c3c94
jogger_extreme_5seat_tce110_manual,jogger_5,4,1968,true,summary|design,faa2ef1bf2903ba97601f9f63f5be982b5c0d2c843f733e61aa5608a9d06dc15,18bfc853834d58fa502369bae4445100fd26c073ac3791f1e8206f6bf3109df9
jogger_extreme_5seat_tce110_manual,jogger_5,5,1070,true,summary|technical,46bd76d58ae99767b809fe39de6bd76795e5e942d64a862319c08972d10213ff,c1429a19400547249880f4dcd4fe5ee4fc0e5489ee236b46122fb3c6f88b2a1b
jogger_extreme_5seat_tce110_manual,jogger_5,6,1360,true,summary|technical,35750ec36d96c52359e72fac1743a86f329dbb9727af019cab2bfc0ed57c960b,b6e7e326affe8ea3bc710c45beab898626af4a07721959a1ea71caad712d3077
jogger_extreme_5seat_tce110_manual,jogger_5,7,403,true,summary|technical,c5ecd757c31e20f1b5867dea85235af67df9a445ad35d476df7d494609400375,6746be7f1a1af03340f452011969de6699f0cb9b02aa8dca76a2d9e8b6797e6d
jogger_extreme_5seat_tce110_manual,jogger_5,8,758,true,summary,de1f24a1ea4c4170205add925e7585f946358ea5ee50a1729c0d46aef77671f0,32f9720f42b21a9f5ec05efa2a7ce9fea208234427d2348027a51220af147e72
jogger_extreme_5seat_tce110_manual,jogger_5,9,259,true,summary,4ae8149e29fc374e39c1b56db3709b23da311afc8f474c22625d319222595c1d,8c10f55a5f18e83472f3cf3613dc048262e25fb0706d130c95ba7e5ff841cce0
jogger_extreme_5seat_tce110_manual,jogger_5,10,1031,true,summary|legal,27b39f8b805e8a863804ee2eda6beb7394cef51bf9ab0fa0f290e450d0f73c2d,4d9a864d738d5368d1210548b6bc66f89214cfdc94533909683e59a0aea4bb90
jogger_extreme_5seat_ecog120_manual,jogger_5,1,331,true,summary,7fb3f905c560db70590379c443ca455a2e26cc2a913df7ea5e15c1c882463011,5a8986e509d3f5b578ab87b2f76d99202b9bb8c9c0bfa3049fb55bb8138fc93c
jogger_extreme_5seat_ecog120_manual,jogger_5,2,583,true,summary|design|legal,e9d1c304a4100a6445a8e3a715c7327ce830d9425ca18a579df3fcd6072f04c1,a76847966023355f8e2816af6dcd09529dcb52cf24735416cea0174b57ca5b3c
jogger_extreme_5seat_ecog120_manual,jogger_5,3,1735,true,summary|design|standard_equipment,7420dda8e1688c85f29cac10ed8c1d64f7877fc1c8a44b0bae5d4d4963957066,3cdeda2d2bba4c0ef55024f516d7630201246f48397a6770ef57efb888f611f3
jogger_extreme_5seat_ecog120_manual,jogger_5,4,2000,true,summary|design,6378106d7239e00d5f89cf748fe004d75b1140a735da5d37353e32a665b06de4,15c8343579db25fb0eb5820ae1d7468c192fd020f4ab2218ae4405c0185efdfd
jogger_extreme_5seat_ecog120_manual,jogger_5,5,1167,true,summary|technical,09d88acaa4d340bcb6d2533eda38a5129afe384a967a33fb0d7b2fb66c965f22,2ecf017d25c73eb17c7b0eaec8557074a9b06e8b9cf49739378fe61e890a7798
jogger_extreme_5seat_ecog120_manual,jogger_5,6,1399,true,summary|technical,fcf297aa3d4920a617035bb4c79b8056399975308a4a0ed8c7ca996fb83ce70d,c5d5482f9dc8ff86edd206d14988faacb0fa76ce86acfa05dbbf3780c223947b
jogger_extreme_5seat_ecog120_manual,jogger_5,7,500,true,summary|technical,c27be7d4f939c32c2ac26995fa19348c8d3217b2efb772726a43a65b60e27fb0,36e042ebdc10c027d70491d9f3b9c53835248feece883a6e88aedb7678b997a3
jogger_extreme_5seat_ecog120_manual,jogger_5,8,758,true,summary,639e0f3762ad91065346c261726dd405a7cd64f88f7f772f424017c10fb7e494,9383487c2c0c416d585266a44740ee33f33a4a7e50acc5bf9a3ade3bee16d473
jogger_extreme_5seat_ecog120_manual,jogger_5,9,259,true,summary,c5c1173dfd6e811b808c13a4a9ba9c7cf8bde89a01717efaad2e9168a7d13cc0,2244c9fdb63ac135d8dc562ad9d05fc52bbc6b2027f6c4b9d2173bacd7233890
jogger_extreme_5seat_ecog120_manual,jogger_5,10,1031,true,summary|legal,5b30a5414803b3ad2deb9161de7a66f1159051e7239e267b63f034b1c84ab974,a78781454416689797c97e847d5655278fe5b8f7cf6b699568ae3bf42271dfe4
jogger_extreme_5seat_ecog120_automatic,jogger_5,1,340,true,summary,a9328be732a8078c475de466dede975bde59b1a20e8ce56e05bb748371480ae7,99053689036e0cfd5ce044a718c92746e238f4e1f3a97948acb43cf1ad8d18d7
jogger_extreme_5seat_ecog120_automatic,jogger_5,2,588,true,summary|design|legal,f6469022009ef479d98c77405c6e4c02bc6319b396011156e4d5b8ca36b1a502,d2a59435bce791eb89bb4f9eb572afcde0b20c1932d873e77a3af9f8acd611d4
jogger_extreme_5seat_ecog120_automatic,jogger_5,3,1763,true,summary|design|standard_equipment,46f3573ac8afc24b970cb1f769957fc347ea58e9214171d01e8b388d8370b897,be52eda85cf3b5bc6fef86faec680eb38b288d8d168f65ebadbf1972a68c4268
jogger_extreme_5seat_ecog120_automatic,jogger_5,4,2000,true,summary|design,a6061830b0ac179f41a96c0d6b43c94b8700715d33d75ced43ad1022da111aa9,d289cff6829ff7095d01b7ab5a8c1d0864989757bf9081fc004412457bd0438f
jogger_extreme_5seat_ecog120_automatic,jogger_5,5,1167,true,summary|technical,195b96777cecbdb2193f6457571dd913231063f6d98fe25ac8b0f7df93eda9b1,09346a68db441c476fe0bc0212dcb16f1037fb49300dbebf47999bcec479be0f
jogger_extreme_5seat_ecog120_automatic,jogger_5,6,1403,true,summary|technical,c3dd8514c263949dacf59e7f1f4e7f32c50961936865a4c2b3b7a833f2520954,92c9a563780614c8c9230a26f495545499c2b97663bb3b161353cc054eb6b372
jogger_extreme_5seat_ecog120_automatic,jogger_5,7,500,true,summary|technical,2b983f6d9cd846cbd0e4fe4e8d2eae121eb7e991a6119fb2ca555d8a3b5e8f1b,0d8402d14c97b3053e5e05b696f9be4137c1ac5c4f201b2879c344b936319691
jogger_extreme_5seat_ecog120_automatic,jogger_5,8,758,true,summary,3b499462810bc1fbe406dac6b40c6e7719adae6bef55b219542dab569660315a,8329bc1a22c66b8bf63a62377c9c81a0c59809a21c12ebb96db768d00331850e
jogger_extreme_5seat_ecog120_automatic,jogger_5,9,259,true,summary,dcc68acd357980fc7a019008382cb67a39b76b9747272e1356d587880cdea77e,484b9ba790fb564476934143b1e7bafdd4c90d084d91e138aafd6ae594f4fd3a
jogger_extreme_5seat_ecog120_automatic,jogger_5,10,1031,true,summary|legal,ef44cfbdfefbac26089f5a8cacde35501bc872fbe9c7deabe1699f10125aa873,82f99026d6e1ce1836326958d88cdcac4e7b06b1e9b22bf5fa34637c899b9a69
jogger_extreme_5seat_hybrid155_automatic,jogger_5,1,342,true,summary,83941bb2e71e773006d09436cecc35c91fbfdd9919560d20136457c59bc09786,9c8f39f4b3932c2aa1ab7ba1d5138a3e1e3badc1116838ad3f5943027c2177c0
jogger_extreme_5seat_hybrid155_automatic,jogger_5,2,586,true,summary|design|legal,50994940bf2bb5800bb0f00ebf12c3342f3f9b18a52b0785db034ed826c60b4a,6df9c0e1cd34cdbd38380f81a8d3b481fbcac6fe48e2a1b5c0189f3fcb910135
jogger_extreme_5seat_hybrid155_automatic,jogger_5,3,1677,true,summary|design|standard_equipment,5f675a52431491fc82a152ccf39df930ce7d2c0bd529d037b4205b4b617a2486,2b221846d30d9635e5cea53c5888d3401e44074ae589cd278e4b81fa07aac872
jogger_extreme_5seat_hybrid155_automatic,jogger_5,4,2000,true,summary|design,b93c0cf7d498542c09e9abc02e6a3683f21b3db821d022543980d7113e157255,74b1f9cc410fb922e42ccbb4bcc773c9465a3f44b281340d0392f6d538641a49
jogger_extreme_5seat_hybrid155_automatic,jogger_5,5,1081,true,summary|technical,d6cf4bbe8d790b70be03b1da57d71faa26615f6ed54038561741a15f3496f742,e0d1db2229f443331dfea76d8b830e8c37defae90735783b1d3f4f5e127b4f4f
jogger_extreme_5seat_hybrid155_automatic,jogger_5,6,1401,true,summary|technical,ae5c3255abd9dbe945b227771d7ded5d7e6f7ef9f119b105a73fff8ade0a84ce,4550128eb1abaf224b8ae692086326799a2297370f3b244d3295137b1ac09f84
jogger_extreme_5seat_hybrid155_automatic,jogger_5,7,403,true,summary|technical,ce4afda2d92dda143a185ea1c90cf842eaea57a163f0a11057ab8c968442802c,8a256d7d5081fd5ad90be3dc5b1bc966795211a71ffff23f8c19ea040374810d
jogger_extreme_5seat_hybrid155_automatic,jogger_5,8,758,true,summary,6a4a727010d9f2af524718ac0ad7218f0cdba51873210b8b985ebca427f46d69,5395dda9328472386287908f31ee978f14eeca0c47b4f8ba9173332c6b3be775
jogger_extreme_5seat_hybrid155_automatic,jogger_5,9,1030,true,summary|legal,9277d4cd8f8f11b28234349e1bbefdd4255e1fc5ccb3388d78c00e9a1bcba7fb,355615dc6d46e8e4fba231af8b8de02e7717d315e82e06cce6a9b8261de95870
jogger_journey_5seat_tce110_manual,jogger_5,1,323,true,summary,f54214f89449a573efdb0ed4a934809f274b1c5784eeed070a243584cc819560,fdda706a3177f3ff452bc981ae5a93dbe9eba5b2aaa37a10a61403e7e706e2e8
jogger_journey_5seat_tce110_manual,jogger_5,2,572,true,summary|design|legal,3f421348af57e2718d12713ab419d68c55a2a496ad170da5823a9ec42b71e1bb,af9bf1ea9691af756fd81a46cd8a9759d22a874a417e21dc3390ee50d7daddf5
jogger_journey_5seat_tce110_manual,jogger_5,3,1801,true,summary|design|standard_equipment,bd0ebfa6a75687fce93ce5c957f9af1417a9efe97e0a0986cc8b3f7f60bf3942,b2794638db9643dd5147d954b07adbc5ca27126f27989fe0a49d3ab70678f144
jogger_journey_5seat_tce110_manual,jogger_5,4,1941,true,summary,a7b81370fa73254876036ee62e4d6649ce11423fb91d16923f4683fb60d4035d,606bb90ff6117df648383290068deaefa7c0f9ff03802bc8fc80d84bef5477b8
jogger_journey_5seat_tce110_manual,jogger_5,5,1070,true,summary|technical,d0e70bda610b32b34e4bf79402add5b4b0081427362e5f4493602c2f56a12861,82e9bab8f36379bfc1cb96cc5763c58baeed32e8b4272c0293583ba087cb38ac
jogger_journey_5seat_tce110_manual,jogger_5,6,1360,true,summary|technical,71160da1dc723feca30d5643a2b6b5a95be3cc39073f8aeafb16208a6faade90,fe41cb61986d5dffe6de61c64e324f36a6f1297d2fa716d1a9038d39d693aabc
jogger_journey_5seat_tce110_manual,jogger_5,7,403,true,summary|technical,aff538393e9e00dae22dd6bffc056da075af28bb1203f4255ba4a8460d94601d,db55c6c467c847f8340df3142a70160c439246cd95fcf2971137b4ddeee20c95
jogger_journey_5seat_tce110_manual,jogger_5,8,758,true,summary,42602dd2829074b42efd142b8f4cae2dd1baba985a1c8dc960673ec566203750,923deaa43be7df29a82f26b4075fcb08af8ca93776058515fa9e470c50cc6b33
jogger_journey_5seat_tce110_manual,jogger_5,9,259,true,summary,87523402e59380fb00461bc2bf91392ffc7d80e59be742708456589d6ca27243,4eb707baa789d1c28000a6cb06c2dc285762c0edffd5ba6aa3006907b5a4caf7
jogger_journey_5seat_tce110_manual,jogger_5,10,1031,true,summary|legal,edbce8211b3f739cf707f729ebd8c05ad5947ab149dbe95d4238b0c12d8221a0,b6d7f4ade4fde3a7348b0a0ac3126e78bae7c577b9305fa0cd7259a008da7ac7
jogger_journey_5seat_ecog120_automatic,jogger_5,1,340,true,summary,f19b6b47f0d91d1297da1082a89141f852d07042ba28dc6923816e0e8d265c08,06545c94c48cd9b478b3f4b38667408ca4541ddad3b9047ce8215e00050216c4
jogger_journey_5seat_ecog120_automatic,jogger_5,2,579,true,summary|design|legal,e7024861ae0a3e617f2b86e30a55cbfe9541e46da35f992b4cfae6b2b57d6b5f,d1321de95c9a804a4823a07e55f24ab717762f9c5ac0a159a2f364187481a19f
jogger_journey_5seat_ecog120_automatic,jogger_5,3,1829,true,summary|design|standard_equipment,04a032633ceaa0c08dd21e2997ccbb2a5bd90da9c6e7b698a7481cf244508c34,d2caace7a893a1a50d53d10ebd73c6d8b54a386d7dac91ccc26e07f8c9d35213
jogger_journey_5seat_ecog120_automatic,jogger_5,4,1973,true,summary,69b39ee75b5d8e2e16ab9893c9e76fcb101dbbefa047137ed10f2b07635fd808,c38963eff11721cb9aa6ff88053ef97bf78f8abc98b95a53fd29d06fda177fac
jogger_journey_5seat_ecog120_automatic,jogger_5,5,1167,true,summary|technical,b35823c7d5f3aa9c24e2ace14b788e248e30403f2b4002b2e208e297cf0af7b7,12d2dfc4e71086a345d46005b2e91258fef63cda43e66239674c266771175bba
jogger_journey_5seat_ecog120_automatic,jogger_5,6,1403,true,summary|technical,9b9cfab1289452d1dcc2490f57d932404489d1ca462c166b413609aee581bfa0,f5e54a3cd73d7944aea866b1b32aa8f7f94cb8c75471323e58f825430b002055
jogger_journey_5seat_ecog120_automatic,jogger_5,7,500,true,summary|technical,8565d5be8ec69a11374d55cd5f1e877715148dda32ab0b07f3750fcac2c211b6,6a9ca016e86a337b63e2e2eb2011e9fed3139038bbabec3f89012f8688257a69
jogger_journey_5seat_ecog120_automatic,jogger_5,8,758,true,summary,f5e2377fcba257c0fbec96c34bb913c5bf8e8207f703f5a65254851c21b85cee,e7b1714f67f38f6c1f71597fcf2e718451101d5fd5477d5e0a04259009970fc2
jogger_journey_5seat_ecog120_automatic,jogger_5,9,259,true,summary,5a9ff5eb35e6f36830c3ca4820c14961431f8d3dabd47e9fd1eef23bc96eb574,d6ccfb14b237ae6965de114b9fdcb34a3a8e801e8ae533f717f359cdb7f24ebf
jogger_journey_5seat_ecog120_automatic,jogger_5,10,1031,true,summary|legal,26d65524061811b81f122aa3dc691e136d72e216faa5679df8f11024e2b19fa9,c64ac672423dda812b99bffe4867fadbbf1c74c75512d0f0b022bc9f01db5cad
jogger_journey_5seat_hybrid155_automatic,jogger_5,1,342,true,summary,8a8b68510134d8825fec11576e6d6b4bbd5a29ceddd39892cf61271461102c33,6137266b7b3370197e1d1ac08e34dab452c2c9cee4fbcbe2eb46ac73cedd663c
jogger_journey_5seat_hybrid155_automatic,jogger_5,2,577,true,summary|design|legal,7e2a211090077fd21157cefc2b883d72eec5625a501c26b8f7e50ad777daca51,a9d58292d5612c4fe54c6b93ab1b98a6f7dde1652dc37df008f7031f70d8ddab
jogger_journey_5seat_hybrid155_automatic,jogger_5,3,1743,true,summary|design|standard_equipment,f6a0efe95c662d45e23c90cf30cffe2c5d0be1a054eb9cd36997dddd952aecdf,7a18801a47c12aaffbc4e241fef983e01da9548a945432c75e90eeedddeeb710
jogger_journey_5seat_hybrid155_automatic,jogger_5,4,1973,true,summary,39be0739a1fec19b2163ac7eb4ff28829f6d17ee09c0454a8b6878d22d5cd613,4f76eca947f1b5e0915ecf860d125162d15b8c2d385e13e284aa0bfb0b32b728
jogger_journey_5seat_hybrid155_automatic,jogger_5,5,1081,true,summary|technical,933c200f69301da54258c55395b069d4379483c6a2b1204b5246093277cd4f83,ce4a023c81f68c285cdaceff39744d7e48ffd972706abeb8d762fd7954a4c1c6
jogger_journey_5seat_hybrid155_automatic,jogger_5,6,1401,true,summary|technical,dd8eac00b53a72134a9e2acdff26162b99cf875eeeba42ce2e3aff7de586b72a,077b3d8aae9d8280b134051dca82d247194b6f897230d1bdde96dca7390be01e
jogger_journey_5seat_hybrid155_automatic,jogger_5,7,403,true,summary|technical,56cbf0bd6817084d4b2f763da0b3435bd9d849f23346643253de18a590847ba0,665570c218247572d718dbd5580199ea304067bfe39edebfa7189c24c05b4d1a
jogger_journey_5seat_hybrid155_automatic,jogger_5,8,758,true,summary,7692962c3572c469a88dbfc7fc31e7da29f4b1fdabb58b8886137755cfa43977,0372834f9ae4c63153292491be5cc27abc98bba998e92f09040aebb89e5ec575
jogger_journey_5seat_hybrid155_automatic,jogger_5,9,1030,true,summary|legal,0ff032bb6bcfda2d4a967fa37e1f0bb03c49f38a6ac28e0630c7a4a960de461d,967397ac1423c71f6cfc2b399d6fd4417efae3a85d0f2a0c977377e6d601f6f0
jogger_essential_7seat_ecog120_manual,jogger_7,1,328,true,summary,4e6791dd271a0eac19d66a922ee642d0ae5fc9e5e97991e8035fb1b73bb18371,4d64fc4c5f29880e2abe54defc344bf29aaeb47492042898e0880b63a425f4e5
jogger_essential_7seat_ecog120_manual,jogger_7,2,498,true,summary|design,ca3f82fe66636ba25a82ee24803fdd117f193228d486d44b0bafd2ac9b1f32ef,5ea0d7fab83699ec5f805a8df28fec983c589b7cf827306d19dacbc539292c36
jogger_essential_7seat_ecog120_manual,jogger_7,3,1636,true,summary|design|standard_equipment,ea67b5ca80e7d8e1be060797879818c01ede9242fcf580f78f69e3241d39109e,2bdbb20ff0432a3f5f7f2718b68cd6bd42b0928dd8b9680cd32c358786c834a2
jogger_essential_7seat_ecog120_manual,jogger_7,4,1813,true,summary,e2a79a0b6f881c2a9b6ec20dff93359dc165cdb845d3b65f3958ba4623868006,90743bba8677e03f6f0ba261463342ce580436307ed541209cf581be6d8dabee
jogger_essential_7seat_ecog120_manual,jogger_7,5,1167,true,summary|technical,7927d6596b399fcfbe54788a17f8f141097fde43163db91cd7859ef1656ee57b,f1163a4b2937e095e594cff9f3409440412b9b9698bbc6243d7e7f02df4df665
jogger_essential_7seat_ecog120_manual,jogger_7,6,1399,true,summary|technical,4c89b4c89d94498a54ca41f7ddb606bfb474675abe7c2b1a2ccf1bb49624cd02,7f258556f1cf6c032cf64a907ddaef4fd25670ab7d12c9a881eb5f61320e1ec8
jogger_essential_7seat_ecog120_manual,jogger_7,7,500,true,summary|technical,e1ed6c730e853aa381204964fb8022ea54f0bdc2b86b4f80ab5361e60845f262,21d9a8d228056d50cc05b0c1541f2457f4ea9b5126d9012ddf797576c11323f7
jogger_essential_7seat_ecog120_manual,jogger_7,8,758,true,summary,8075433e778668dc5ab89beb2e73fa63330350349d7f96925aea89fd733b0ca9,f9268c2478f4edcb059142a84c990ec19da786840aac239ff6ad2257d7282524
jogger_essential_7seat_ecog120_manual,jogger_7,9,259,true,summary,fb0c7909d5187bb7d9e37286895b8536c40407ddbe9ccbbe5ef867fd9a420f46,4369611201141961d715eedbd5154eda8367e1f99934958275c116d157ee5893
jogger_essential_7seat_ecog120_manual,jogger_7,10,1031,true,summary|legal,b7a06a2d3dff3c6c150bc562511aacd73e8ed0e76d5f65c96a66aa26ed541927,c58564c86585a7bfe1d41267eff5878a967e27639ec122e31e1bf5ff325c3a12
jogger_expression_7seat_tce110_manual,jogger_7,1,321,true,summary,5f118bfb0dd18c5dc18de1040af4618aecc5050460570c26827fd7ad327d055b,09d20a88625dab3b9c29550f82dd61c9b3aa4acd48725a06c67a6dedef9a04f1
jogger_expression_7seat_tce110_manual,jogger_7,2,498,true,summary|design,3197d17087b63c2c81a11a653bcb978ced72b3c8b566dd4928ad21fc51f448a8,2321d6804a9ecfcabeaeebdb111697fb43aec36dde6fdecaf9e8c7612499f0f0
jogger_expression_7seat_tce110_manual,jogger_7,3,1683,true,summary|design|standard_equipment,8eeff8626ba3b77ce1dc423edddbb46080b1b1a2130462175cf9c2fe592081a1,093420f30e76f25f0bc255d9625de78e6835f9d39707298d9c71bb23266163d5
jogger_expression_7seat_tce110_manual,jogger_7,4,1835,true,summary,4254544fe22f2681e05c1d935e35cb9478f1c5eb41e14e64f6d0ff9462497de6,b61c45bfe6afe0657e02d9f9c9d15535ac2c82e9ba40a522cdbf173f174c1e41
jogger_expression_7seat_tce110_manual,jogger_7,5,1070,true,summary|technical,c036d15711507b79cdfc7c960bcbbf8ce987993a1c0cddd27a491fa6c44f5614,40360930199af496dcf00e8edfa7de5adda93c4ca4f91b02cb32209093917b4f
jogger_expression_7seat_tce110_manual,jogger_7,6,1360,true,summary|technical,e4ab0c649f4e6223d8db5e6791034fc8ec8d68d0fdc30db42d64e556ae8bb943,57621b581c009933fcd18b2de6b199ace864270f22e05c958dc0298ada2b4d05
jogger_expression_7seat_tce110_manual,jogger_7,7,403,true,summary|technical,ef3fd4c2536c8b88842366ddcdac290307460fbcfba6be9f746ca6851e35fda6,1fd1a7198d2a92268d25f811f2d8739d0e2c7039b5fda790f52c7aadd5f9f89b
jogger_expression_7seat_tce110_manual,jogger_7,8,758,true,summary,be4752468c1560f4f20c38a57ec16c2b8117f0463660dc16cd4e314351f30fd4,8034687f10e89f5f2a25f7999f086c4799f877b433738b6c6f89f15d13a94437
jogger_expression_7seat_tce110_manual,jogger_7,9,259,true,summary,1cb2dcf8f514b8db93637ee823a90c32e1c9b60e89304479097715099b36d31b,f465b323e1c88909f58aa00c5f250eab6c41538c9c31b073b5d021e468a66406
jogger_expression_7seat_tce110_manual,jogger_7,10,1031,true,summary|legal,9c4896a9ee000cdc0c28082e3b1f6c44bf6883cf6affd478cb407a58289683b4,f6cc6f6403b18653d78d97592a1f4162a111f5d979f1491c2a105f0d126d2359
jogger_expression_7seat_ecog120_manual,jogger_7,1,329,true,summary,7b013153faf2970264a2c12542666fe5e0736638f677857fc0c7382aa942a540,842b0acdabe1083ccd4c4a7e85a04b2e3ac366dc301c619f879760c0be4cbe90
jogger_expression_7seat_ecog120_manual,jogger_7,2,500,true,summary|design,f4736d318a4ee5396bc94416f963f803a3a54f602dac087ec561c6a410cac18a,d70c15c8c02313dbb083ea1c433a85f43e029cd27ead7563c48bc73ad891e9f6
jogger_expression_7seat_ecog120_manual,jogger_7,3,1683,true,summary|design|standard_equipment,4978c2671e296bd36f727515647fb73416f9894f95eaedade6263767a4e6541f,430e62785e144b0caf1954cb10de14325b22145798b964a7a32ff66fa9eb3c85
jogger_expression_7seat_ecog120_manual,jogger_7,4,1867,true,summary,fa4ff9a7b6e854d5e0adeed695361207ecd7e120e1988238a4e1969432bc3579,142b48adcd6b55a1fee2ae531c5abedfc0bfb18bab3595ee8a7ef0b8fa90a18d
jogger_expression_7seat_ecog120_manual,jogger_7,5,1167,true,summary|technical,8583c4b575e4649c6520f07b1502d517899a911b5c8adeecfb12a7a06b5f384f,463dc3fb74cf4fb69d699b4d489d90d66ecdb8ebae72c1ac095488d3bb92584c
jogger_expression_7seat_ecog120_manual,jogger_7,6,1399,true,summary|technical,ae60017dbb898399eed93c82ce462c53bd0d9e756cef5d29ce1163be5e722dab,052af0a3549ea89bba7314b0e0dca80be94068776af1e19fe57f474b96e82fc0
jogger_expression_7seat_ecog120_manual,jogger_7,7,500,true,summary|technical,5be1f7ec7f5ffb68230adae962b994a619a44412ea81e8846228d9af6483cb2d,ed91a22867b38a4ade3698503352d8cc8bbc57743c4023f259b98354ffebc504
jogger_expression_7seat_ecog120_manual,jogger_7,8,758,true,summary,1c11e66ff442ada2a0f57c6d42d5c813c5f3724da5e6cadd9bd3e27fac435ad7,9e54cba9fb26e1af1a0229544be4884c56efd85dc7408c51b282e4d7d3a11398
jogger_expression_7seat_ecog120_manual,jogger_7,9,259,true,summary,350937bc6b069bd16822ff0879b817be077a7cbacf8a7c8cd216cac53f6ecfaf,95c8b164efbf0ed2acefe4f383cb2a0e5d1a847c0d27908e9329e88662069738
jogger_expression_7seat_ecog120_manual,jogger_7,10,1031,true,summary|legal,f0dcb979d1db645324d1dec4b895f4b44562849063ab89ba8809e4eedbc4e7ca,fb8753a9fd6c8f3d6d4c694001f6ef8058475ab4d5c2133a8531c2ab39939faa
jogger_expression_7seat_hybrid155_automatic,jogger_7,1,340,true,summary,4945b0d3a101129a3156bff1a64843bc0e95040d48ee86e441b1804965baf332,cf7b6a29d0ea7fc2d8bab9d740e47155879be711c56f3932a4a3023819ebe511
jogger_expression_7seat_hybrid155_automatic,jogger_7,2,503,true,summary|design,e91ceba0b73fa4f7d012994cbb39cc3c51d00f5d25ae8f601c4466b386588b7e,da792eb5b1211dfd7d06127f47263df6132717ac086d086be9df8554d286ef89
jogger_expression_7seat_hybrid155_automatic,jogger_7,3,1656,true,summary|design|standard_equipment,4f94a9bff57d461f2157d6e163ba2b9cf538407633cafc23ddd2fcc2a9694686,8771567a222501469e4fa967c5275346c2fa7ba5e939ae66a92a135434903a56
jogger_expression_7seat_hybrid155_automatic,jogger_7,4,1867,true,summary,09f0378355ee0c164c4fc379a484d6b903980565e8703acfee6463551f20c60c,12075458a78e708cd42b291e7f1306ad2ed204e874cc493e2321fadcda93df47
jogger_expression_7seat_hybrid155_automatic,jogger_7,5,1081,true,summary|technical,13f81473aa4485824a8f6132cd342808e10714d9019562ea5b2e7d4a69c707eb,f293cfebc821d371bac329a3c723cda5a261bf4fac3f42421df53d8e3cc3ee3b
jogger_expression_7seat_hybrid155_automatic,jogger_7,6,1401,true,summary|technical,c240ee786cf4b56059252319fad6a19aa81d187eb26f00cde0b146e518bd043e,e3ae40ffe663e7acb9c80d8de1cce7cf04cf76fc4d505b1f2d585014efee77e0
jogger_expression_7seat_hybrid155_automatic,jogger_7,7,403,true,summary|technical,4e9e509e1bd11fc3c5065cbb2f05be344465179bb10a9925aec5cfcd78826ff7,e48a0752f59f5554b4e4625ce41fea3d97ab8f1276a09e878d415bee217b941e
jogger_expression_7seat_hybrid155_automatic,jogger_7,8,758,true,summary,af6fd2cbcacc590ea8dd749d343bd253172e3ceb2788b37cc741c7ff46aeb7d3,9de90e701103e5e0a8e12a4986a68a65ce1d098131552250bac9f318b595fd30
jogger_expression_7seat_hybrid155_automatic,jogger_7,9,1030,true,summary|legal,acc9064fcebc2c7205c6a06600d5e2127862ae81940f8e81995305d399e7d37f,36b80a24d0c019d48f4ee2575aea728aacf7bf4401caaf8b1d64db80ba6f01c9
jogger_extreme_7seat_tce110_manual,jogger_7,1,318,true,summary,d379d2b876e7c864735fbfd29fbad72e2412cec49330c0bf862f39a949e089c4,04a3530960016aec08e37b9968a18dafffedb760b241d89591c494d2b212118d
jogger_extreme_7seat_tce110_manual,jogger_7,2,505,true,summary|design,acaf00a777397d1cbda008541afa54d9a43d78019d007e8a93e10be54141d803,d944b3da000811fa0afca88dd2d03cedec036ca9ddb649f7b99e715505dc0943
jogger_extreme_7seat_tce110_manual,jogger_7,3,1754,true,summary|design|standard_equipment,302f98d9186b7f3a902e74f79033682008894a9c0d797659730bd861bb2ead7b,0db0ce1001f043ed595efa1e53902c14f2fc7765ea3efcdfe24a61946f26caaf
jogger_extreme_7seat_tce110_manual,jogger_7,4,1968,true,summary|design,516ce06812a433809c329de67ecff6ccd41a75a69d1acdbb7c550f87055c1832,f223272df3f86dfbd1cd4b44a8c641622e3c322fb601bc0255093e477cfe71c4
jogger_extreme_7seat_tce110_manual,jogger_7,5,1070,true,summary|technical,ea8e9c8d46daf10ee7228099c0ff869f2e2f23efb4efea186951636b46ebd81a,476abe85b10542231a8dcb2f7a20705f04aefba44e85c872b16260f9c69dad42
jogger_extreme_7seat_tce110_manual,jogger_7,6,1360,true,summary|technical,8fbaad15569abd703230dda2a25846f55b6ea8da3212735d7a4c02c161345cbb,0d5103f82432a8aa1e3c99c598acc2b0c08d69a6f6d0747140f3405179c79ec4
jogger_extreme_7seat_tce110_manual,jogger_7,7,403,true,summary|technical,a3863a1fa4057cf895fba4127aa600b3cd36834f09e3d19acb0a40066a9d4de0,e72877734e6cab4592924beb32816c724a6bd0d80c2a341a2ac868f40afffc0e
jogger_extreme_7seat_tce110_manual,jogger_7,8,758,true,summary,41f02278c6ba0b1aa8192380c52412f67ab5f41c241961dc45636d5f0190f825,84a9cc547cdb5ccdb3a57694c054512355718afb032e6d2857be02a82707b411
jogger_extreme_7seat_tce110_manual,jogger_7,9,259,true,summary,0d1f954fb0ade85ea7e8a82f45f1217db2b3612ba92e4ad28551c92bffaadcd6,afc4a81ee22ba229b871a2e96bc5c06706eff26df1c9f2c55f338f97e5f2392f
jogger_extreme_7seat_tce110_manual,jogger_7,10,1031,true,summary|legal,548793bc456cdd72ca3309b1393de0d9e787a47970923ffc4f438c44dd1eaec3,18354eb7bb40f10bfe5c4138af1fa01e66e54a656a98382af84866fd7c6285f9
jogger_extreme_7seat_ecog120_manual,jogger_7,1,326,true,summary,c6c43ed47cf446e8ef99125d5f4cbafde552f6eaaf0cb8ade2316b3303847e0b,8a86d89431f2ffd354e9b9afc4a8e7cfb1644a45cadb9f76a8cfda1b9a0ccc09
jogger_extreme_7seat_ecog120_manual,jogger_7,2,507,true,summary|design,363366d2cce2cd0d522c9c4fcd2a46db9f4fe40e64fba6b331ed2841e93c8f3b,83cfa18a292e4c71f20e68fecd37fe67105ff97ef8c422b6f1d1d03f455e33d6
jogger_extreme_7seat_ecog120_manual,jogger_7,3,1754,true,summary|design|standard_equipment,7a77431ec27265016e29399bd37cb5e7184de7292d589839c6ee7912f88ebb5a,395a99e8e778123720e4bd6c81ff185650ace638ed42dcb910328f03e2d42f6b
jogger_extreme_7seat_ecog120_manual,jogger_7,4,2000,true,summary|design,e96a21e8df43600b723d9f7e63f78bfe7db7b9da098e5651e778bf3bb7841cb9,ae3462e6014374480952544228e465ef26060cb75c5b471ebf332b8bdeb4707c
jogger_extreme_7seat_ecog120_manual,jogger_7,5,1167,true,summary|technical,ee0a4a2b4e2acc0590b691e52e85f70a6b4b5ce323cb57f52287abdc4f62d7fc,29623c817d2efea3f846ad0ad5e5b0089bb0fc2bd839fd37ee418449871759c4
jogger_extreme_7seat_ecog120_manual,jogger_7,6,1399,true,summary|technical,63768724b809e8c379bd90152a81b2839292a595ff7d6dcb81ed8858abedf5ac,1d7341819de27f1526be483dd817e8d2e8a90a322d8b8fe2562e59ca17671135
jogger_extreme_7seat_ecog120_manual,jogger_7,7,500,true,summary|technical,fc94dcea4624468231d840809d8e2ec7f0d18df31248ca83aed4b77e0a0b984b,468e60ccea7d05c87f8f9b4a2e87403ae81528e6cc259f78c1403337ec0b3d94
jogger_extreme_7seat_ecog120_manual,jogger_7,8,758,true,summary,4107c44278d6ada630171053a8f6db22dc0dc564ac36e76c6d4a487ac9347bfa,93c374fdde4dcade38e1783a91df33d2c1fd1a09226466c4d7c12c338ce05acf
jogger_extreme_7seat_ecog120_manual,jogger_7,9,259,true,summary,99f5dc2322b13912665369690dc0b884b0f5e6af91e7900f083440f752e4e1c2,79c868ab3d5ea4c5e63d79d8c6ca1380812be1663b22ff8ad962d957a71b7dc0
jogger_extreme_7seat_ecog120_manual,jogger_7,10,1031,true,summary|legal,15991717cc1d1d4103dca70ac64331ffa2f2524f27da8b854ef75093080f8dc1,6023400757a1708a43c039f348cc90f33d13d733fd7c66e82718bfec938c7b14
jogger_extreme_7seat_ecog120_automatic,jogger_7,1,335,true,summary,619fd265a9f7dee8bf3f650753a965ded5845e977e153528a24072e629f196ed,cde6951278b9a4723e7ba6ad66f42094270452c26a4df2bcaef702527289b699
jogger_extreme_7seat_ecog120_automatic,jogger_7,2,514,true,summary|design,6ad75ec4b939c7e1477c26e09c52bd7546822ba7aba4ea16d5d5975559ef9a31,4da6f467f5e011aea388a6a0bcf0cb03c8914454df676ad307eccfc0adcd678d
jogger_extreme_7seat_ecog120_automatic,jogger_7,3,1782,true,summary|design|standard_equipment,7602ce12a7da9b3840807303e92b806d6367839c616e407ff9fcfa0865873e53,67a19dda97d0117ee67a44b5cd8d0f44e16ed6bad447f4b582d13154c1c760ff
jogger_extreme_7seat_ecog120_automatic,jogger_7,4,2000,true,summary|design,d31d4c68d85479d20ff8f11340eaf3ecf0b0e6e392c3ed59847c4d586fc16e55,bf975036c6b2b4e7b6fc06ce9a961781367ccc413f75b4fb52ad427688bc8cd8
jogger_extreme_7seat_ecog120_automatic,jogger_7,5,1167,true,summary|technical,08e155db0d126bfd4e08988b0d29ada36fa1f0bebabbb03f6c6af1c086f8681e,239445bf9f7b9ca9963791555ee45dd3aef81d447ff7b55dc81fb41dff166a0f
jogger_extreme_7seat_ecog120_automatic,jogger_7,6,1403,true,summary|technical,69d98d1d3bbd3245ebeaa57fc07e28f1e1a84e26ed4c843fb2aefbe34ca523c2,67e341cc63c8e8fc265a68d6a7dd7ea9d52a40241bbc2e5c40971f362dbb3da7
jogger_extreme_7seat_ecog120_automatic,jogger_7,7,500,true,summary|technical,ed385916c9fede9325d9383fb2ff2780b36d38ebc78e1e986c47db4fd73b4466,65ea9d0c3809dd4491a942b3602f22acf70f162d3e0e95c9213adc5b3fb1151f
jogger_extreme_7seat_ecog120_automatic,jogger_7,8,758,true,summary,e168c741f8b28cc4880d6bc70d6047ca0afd46f80b0b48004afaa268eeb50e3c,ad831a3259690fb4e00edaf5dc442f3b75b3f835b9e12dc51e59cb236afff330
jogger_extreme_7seat_ecog120_automatic,jogger_7,9,259,true,summary,dcbd19c7a9d9de0cc1f3306d35ea86d38ea1882791d1ad950a3ee5b3a07d448c,1bc194005dda37344fbf96a92c8e1d13d06a4cb965415df01af63d8f11f1a760
jogger_extreme_7seat_ecog120_automatic,jogger_7,10,1031,true,summary|legal,b7cf61a9b57a663711f1068f27602965fde69e35382a79e8844f36478de9aa0b,1dedf446e5b2887241232fdbee0443af66224b9947fd7057b37ae815b2785a5c
jogger_extreme_7seat_hybrid155_automatic,jogger_7,1,337,true,summary,5789a92245ad1f57260bd1078a1726e6d27c66e1c85bd7531278eb3bee5a4057,9c10e964f06267ace7bccd3220b7c0ba12b69e6ed27016e4d901d9ac09e1f5cb
jogger_extreme_7seat_hybrid155_automatic,jogger_7,2,510,true,summary|design,321e7e9444213a400c585eebfad59504f18b6ca5b9b16ea839664b3736f409a1,47c0d57c0b76eb7151e8ed7397def80bb9b45fd08749d41f9367625c4c5430ec
jogger_extreme_7seat_hybrid155_automatic,jogger_7,3,1696,true,summary|design|standard_equipment,58b75634b2047a8b4aa85797fe6a19f9dab3a2a5971ce1d582ccde32b430a990,068beebf182fc49e665c62038323760c310625369c609ebba4615029bdc2897f
jogger_extreme_7seat_hybrid155_automatic,jogger_7,4,2000,true,summary|design,bce4399aaca63fe5a5a35f54ec02b70e4dbc2e40c64c2030be5101855e1e7055,35f0903394edbbdb2dbf88dd0dce359d50ef7cbe2a69bf9e0e2166b29dbe09a5
jogger_extreme_7seat_hybrid155_automatic,jogger_7,5,1081,true,summary|technical,6e36cb902aef5bc214c481e414e9f04febfa91b1f5b5ced89e97d910b453dd9f,7a4e0e7eebc88b2a9ed8efafd041a6f15e7ba7cf31b3caabbbb8b625dcf54fd8
jogger_extreme_7seat_hybrid155_automatic,jogger_7,6,1401,true,summary|technical,3c6788166e467cb0b152844cd4da9289820060d990ca446bf26a31c5afa2d71e,9da46b6a3f5272eb8484ea12e55e296899c1785a34be4a105f56f237b07427a7
jogger_extreme_7seat_hybrid155_automatic,jogger_7,7,403,true,summary|technical,abdaf52b950b41a6dd5e8b0d4e7205d785957d95afcca79aa921e9217e821a19,ed9fbf309d3342902cbbc326a683b2daf13976cfa574f054022979d13ff0ba8c
jogger_extreme_7seat_hybrid155_automatic,jogger_7,8,758,true,summary,245a1c2df1b512bc2a26b6ddfc3a507d24f83448fd0ff69d37b369b4c9d10b33,68c893c73a48f52b8e018674ccef731b0ec1fece64e0febb20aae406bd2cd9ac
jogger_extreme_7seat_hybrid155_automatic,jogger_7,9,1030,true,summary|legal,7c2ca3bac2590289d0251dcc1888c4397b68df184ebdbc120626439ff20244f4,e47a90bb8b0dcee7a7a74b58245685cea7680d2bb099bb3c38ab5cb0ca77a6d5
jogger_journey_7seat_tce110_manual,jogger_7,1,318,true,summary,80ebaef0d93550e6f924ee5034111dd3a5d6930f04e24637c869149a7d0a6e07,78cd0c6118d52ebdd455315ef26973dcf00f6b88e73d3235b6a1f3920249983f
jogger_journey_7seat_tce110_manual,jogger_7,2,496,true,summary|design,d3c3e4b5f407c469d6249cceadb8548a58aa0d51bbf42d47912851dfddb0a1ee,0feb18ae3d30e26ea476753f94fa14be3443d3eeeba82250e43a3e6a3ffba28f
jogger_journey_7seat_tce110_manual,jogger_7,3,1820,true,summary|design|standard_equipment,efca913ddc27fe0229d52a757800fab6d369cce69a74897d4c7b659070f43edb,9b2635c0f6d17ddd7291f16b7b871ebbc69eb8fb34549b588885311b9386e961
jogger_journey_7seat_tce110_manual,jogger_7,4,1941,true,summary,9c004f68e104f788f39c72c9a55b5f3cf4994aba6b42019d209e842cdc059ca3,3879b4437474e80009a4344932f042fc64937a1b07cbf382973906c94323981d
jogger_journey_7seat_tce110_manual,jogger_7,5,1070,true,summary|technical,fe5e87a6bd00be81b7bb8a593c72fc2e567bd866536609669b4c0a6ca6c73501,9a783b5a9d868ae6e889fb402d63ad9d6f8d29a9df2839438f0c847af3e8f837
jogger_journey_7seat_tce110_manual,jogger_7,6,1360,true,summary|technical,3ec5d6ca33ea497f668824213ec717a07950d0e767f53bf333648c2dda7be22b,e2abb662c56940a2127d8a210fe0e7da83c59610927b9ca28fefa33e972ce6e3
jogger_journey_7seat_tce110_manual,jogger_7,7,403,true,summary|technical,e33762ebd7e43ea1a9ce0e18d89d1bd2159cad8105bd4dacda6e80c58c91d41b,a7480caade8fa56cc6045668cd982b338a4c2a1cd7658136dedbe182faf1266d
jogger_journey_7seat_tce110_manual,jogger_7,8,758,true,summary,03686ed51bd457215519dc9e18017f2db97fb8727729236228739a431734e7e7,bc3322561a6e2662f4d0a7038d9936ffd033f1d3941398860eea2c45882fe219
jogger_journey_7seat_tce110_manual,jogger_7,9,259,true,summary,cdce537a307b19f622cadff01a32fe851d62e18853675d6148f66f208a401140,88464b3a78fbef1d261d0480e0e0619f071b66e47fca77e7be701d1ff52bf591
jogger_journey_7seat_tce110_manual,jogger_7,10,1031,true,summary|legal,1411b1e412bb705ebb9e81682c2ea336d5bb44e13e140f0c6b5d9d07f5a753b3,2104e32f2ef1e27df37847a606a1c3e63e5e6ca7f1243ef21f0f47fed2cbd20b
jogger_journey_7seat_ecog120_automatic,jogger_7,1,335,true,summary,7b02b6b53e55a859598d7a7464b55b06c8599d7a17026985ddedcbe823362ad3,75487810bf175a96db5268afe2f6fbf4af0d9760daabd55402864c94b0d3df95
jogger_journey_7seat_ecog120_automatic,jogger_7,2,505,true,summary|design,a68eca6dffafaf1726de410c8b6bb3ef258eb25a68939554a15b3641e6e40bc9,4eeb6ef6ed501b2abcac5acbcbc9db2facfeb5159f9edee42a5c4e8c1fdf4556
jogger_journey_7seat_ecog120_automatic,jogger_7,3,1848,true,summary|design|standard_equipment,781e6831d48bae97a2c592a0b4d7f17c91d9d2d2e967931c66b21df8527d7c81,ab385075dfd812be88b257e6251a991709d643dea0afa32b093e2582dcb285f9
jogger_journey_7seat_ecog120_automatic,jogger_7,4,1973,true,summary,cc6b1604fffa0addb3f1d18413a20225489b87078fafc60a50079f6eef9f8210,75aaca46567a6b4a92ea8c64ba2d94aa65b77919551d292c2c4cc6263c3c49da
jogger_journey_7seat_ecog120_automatic,jogger_7,5,1167,true,summary|technical,8c6b05a4c34cf022813d0e5f0f1d2e903199f1cbf9d2f9bfaafd6020d149ceca,0a868b9509e7499c276e733c4eaa041eb4473ed184eb167f86a52f0b3ac4ba65
jogger_journey_7seat_ecog120_automatic,jogger_7,6,1403,true,summary|technical,15ec27972c2ea55288ff7c7b55f4fbd3a5b06a9000bb2e3626cbc261a882f37b,961323632cf252d0d459d6a6e313860b3c42b4e07ae6a78270a85266b24c6d11
jogger_journey_7seat_ecog120_automatic,jogger_7,7,500,true,summary|technical,3a6de944e635d6dbd5c95ccd353386de51e71e45ff5c73451a623dac028a7573,9a8949c91f45483afe3753c8a702555b1df7588a00b1a30b940bb716217855f3
jogger_journey_7seat_ecog120_automatic,jogger_7,8,758,true,summary,28b3ea0be99213b63730127e6bda574ce49722165c1b76f43225dad2b73b0d19,f162a2a3329a12c84e400ceb00ac0659dfd9b80feb19cb3e0d9916145db9e1b4
jogger_journey_7seat_ecog120_automatic,jogger_7,9,259,true,summary,b5a3a8fa52c3d3be9b5ee3a6814cb12028ca28e460407e795c542931acb69e75,9dc29306d6e0a33092cee7f928a803b117ddd9bcec3eea1c12eb71bdf268bb35
jogger_journey_7seat_ecog120_automatic,jogger_7,10,1031,true,summary|legal,544e5145594f6c9fca9c8f995eb25dec4b7eaa9c57244035167c848a76ba5eaa,9fc796b4ff0e99efb5cfcb195ac8301f8f97d6ba637997015ca8bc46fc87a3dc
jogger_journey_7seat_hybrid155_automatic,jogger_7,1,337,true,summary,f1849432130958d54338ae058c089c0787cd6604c235de088a6220c21813e6b9,6492cd0727d858a540c05d05eaa7e86f3fc7665d0647663e5fa108fef4dbdacc
jogger_journey_7seat_hybrid155_automatic,jogger_7,2,501,true,summary|design,c382c405ebf54bb8e47dcb5b8bbda45269252d9775da83c54dc8fbcf0970b0e6,72aff862a7cbc61c0925b6068de5a7ad0d896dc491af217e9291927f76399226
jogger_journey_7seat_hybrid155_automatic,jogger_7,3,1762,true,summary|design|standard_equipment,209b76f20987007cb7c9ec10a7d481f98902c0c08ba5acf481d980e3243a2c94,16b4cb76572a68b39426f9c6969ff412d006e347c219cf81d1e7d4a7cc4af8f7
jogger_journey_7seat_hybrid155_automatic,jogger_7,4,1973,true,summary,c5cd5dbfc46aef6f65a017e97d86eb87304c05cdff9d3fee00368c449dbb7592,53f20370d5f944419f2626c43c845c71401a132ffb201949927b450e36806d5b
jogger_journey_7seat_hybrid155_automatic,jogger_7,5,1081,true,summary|technical,51de7910c1a41102ae9e8f1d030d3b3539aa5aa5c9e3aa322cb1d76414e665ba,a42105b4fd09505d37f9df30c8cd5f3ee3d7ab8e0df2d9269fb3367478bed421
jogger_journey_7seat_hybrid155_automatic,jogger_7,6,1401,true,summary|technical,61acde8e106645fb9aa71218c44d0d1d63d54633daed5e3323d05cf23c52b894,12c401410b6a4cfca061d6b83da9041d4fbbad00c434f43349695ed41c805c7b
jogger_journey_7seat_hybrid155_automatic,jogger_7,7,403,true,summary|technical,25d47120605b5d6cc9cab8a2b8d8cdd05ca3de605c7cdc2efe2fb5b3a8d775f8,5795746c3108aeb0a11de9506efb2f85559fc28f2b050d74a1ddee2d7da67bf2
jogger_journey_7seat_hybrid155_automatic,jogger_7,8,758,true,summary,37d4536875d1b4f58083e9def681e34092242c58ff33ca019de98407fbd6ab4b,d263b2a4220db7f398e3f3178002d437faf495e6fc28367e55d8464e844cf662
jogger_journey_7seat_hybrid155_automatic,jogger_7,9,1030,true,summary|legal,462a5daff65507edb97e0e1ed2e8be0ac8c41fcba0e98389fd104a5d75f8dc68,8ebf38112cbe71fc3cc85af706123f423035dcf8ae72dcbfd49408d858a09045
duster_iii_essential_ecog120_4x2_manual,duster,1,319,true,summary,87aa8ce53421cf31fe6f936d90589e65ff37aba0ff078fa7ec2996f7aa394fd6,664104483d8fb87d8d62e49ca011a59f600c23505ac3b3d6279df8c9aab0f67a
duster_iii_essential_ecog120_4x2_manual,duster,2,552,true,summary|design|legal,8d3d1ed8dc9cad1129a9dfbbc6455c4aef37aa5a60c6fe2cd6652c0ddebc5b77,2c2c478b0c17243c5c190f7e0a209e7cb4cb80d9b29d59703f302d9ffda4b0ca
duster_iii_essential_ecog120_4x2_manual,duster,3,1353,true,summary|design|standard_equipment,ca661219947a8be69696ab6b3bb9caa14464d2c5ee319da91dbb7715ea50e582,b7c669fcd05992f66bb34716a7fada900e2cdf764ead8b8587e9fa78d356e2e9
duster_iii_essential_ecog120_4x2_manual,duster,4,1446,true,summary|design,1533af78ff2f9b916b45406676e0263edde10e1fe9515810c8ba08d0392bba27,17caa806cfcb371817eef54f7891008ba876610719a5d279f597e468feaa5ea3
duster_iii_essential_ecog120_4x2_manual,duster,5,1201,true,summary|technical,f50ae05190e993c19f8c5c9e60f8738cac9a6f2d5a3d14f3058df9d7e47ea23c,3555c82e23ecad5889511487fa104fc04aa65da266ea784b917d29e90829b390
duster_iii_essential_ecog120_4x2_manual,duster,6,1307,true,summary|technical,d3de10a0b53e5947d415e967c84bf258e5a6ddedf3d6d0b7d7320733089bee14,917a627263435c8b279477ff582864471ecdde6c22acf388e8032939c7d9e47f
duster_iii_essential_ecog120_4x2_manual,duster,7,500,true,summary|technical,f9c438e35d1400a780187e49dbc7db1fa825fd9c9430a29e9b0209697b0b5c22,f6fd7a3459ad578db728c55f680a964b6ee2ccda5eedd5d161cbdedc294ff231
duster_iii_essential_ecog120_4x2_manual,duster,8,758,true,summary,34511e3e29d1c1d1ea9185c004ea54b4110cde00372610a83f931cc56a5a080c,85012a31f1f34fec3ae324d6b60931c4e4c16c64f1babfb0b99d67621ea310a3
duster_iii_essential_ecog120_4x2_manual,duster,9,1030,true,summary|legal,2b8cccf3649edc7f354a410e5897eb35ac6fff521d1addab6c6ca531fbbea028,9661ac0b5a4287bdb41fb71c34cbd6f74ada7a629d409f2a9313c872c9814634
duster_iii_expression_ecog120_4x2_manual,duster,1,320,true,summary,dcc097b4aba4eb008ad957d83213b99d93864831e540b492376abaee1e787e4c,0600160ff925c9e34761c9faccceaaffb11bb6d0c2ace8767857a3c644c0cc53
duster_iii_expression_ecog120_4x2_manual,duster,2,568,true,summary|design|legal,4747188149de7329a4a5efe05009b92f6a04613591e276da5837181ba7b353e5,941a0ec3611bb9b35573425a6dac67c086fd70af3feebddebe0f136427d00749
duster_iii_expression_ecog120_4x2_manual,duster,3,1436,true,summary|design|standard_equipment,191535ea91ec2283ef82a597c519b4fc4def489855fbae4455aaeecd1bf811a9,8f9a09143f071c34880edca46b8c494ca716847d83c49f74f8da98b85625d7d7
duster_iii_expression_ecog120_4x2_manual,duster,4,1454,true,summary|design,7c7ddd5ee04c71ffc5a1b6fbe27d45bedb07c777f0822b6cadc291a208ee3e10,22535bee82bcc6858ef8a5ea6e9173f90e9eff61ab9542e7c41b50e19c43675d
duster_iii_expression_ecog120_4x2_manual,duster,5,1200,true,summary|technical,e8d2670a5cf2ffa0edf05ea118360d23ff7c0cf39c2debb8ac7d57a51a38a982,844a3069b1896c87f0bee89b4c7c609127ecd05fbef8f074cfc06e10775eaf32
duster_iii_expression_ecog120_4x2_manual,duster,6,1307,true,summary|technical,6a61c2aea0ef87a89892cd3ff4a51c0bc661a243907c51130eb95fa80066dee2,8d0b2188991e53fd92404d2a8d86c76c6e39e67c12b1b7be9c6d8889f9dff5bd
duster_iii_expression_ecog120_4x2_manual,duster,7,500,true,summary|technical,ff396321aee2cc9e6d7d6231eb088491e2b5ba0d4e6d32fc3ef2dcea37fcdf40,85f0cc208611285a100db53b56e5fd865b9f13d93957dc918168361a167b055a
duster_iii_expression_ecog120_4x2_manual,duster,8,758,true,summary,c2cc3c9ef9e8e766c5c73ffb6a24430c11b58736643346ce7ddd5d4e99c9759e,38d304bb4fb28f26c8c482ecdc2f6aec0ec0e72f55782e24be04b4b2f6255d6a
duster_iii_expression_ecog120_4x2_manual,duster,9,1030,true,summary|legal,c02eab7ed1916c97e20708874bf24189a9121648186bc0c20414fd7b92c39a18,dd66b5fb6e6998502677784682ae0c49aeeb20057eb10963233a349794bfba0a
duster_iii_expression_ecog120_4x2_automatic,duster,1,329,true,summary,f06d94156558acc9f51a71294e925cef24ac055b595c562713c1f7953526de47,0363da4ed3f8473a04b31262d6326c15744596e9767406b63d735f8267adf87d
duster_iii_expression_ecog120_4x2_automatic,duster,2,573,true,summary|design|legal,97713d3a3e3aed574e8a28be283626143abff8c1a52d368d2be785e37c99154f,0c3af5625fb0c9d1ab7e94d460133671465813d9d38336e0dfdc5d57061bc40e
duster_iii_expression_ecog120_4x2_automatic,duster,3,1436,true,summary|design|standard_equipment,0450aecf99e8efdb5e7beb607be186739ddc29b45f84d501402e21b39852ce32,971c89042b73c51cf6c890e6d46c2fef97ffdebf139c0df6e861d002a5f936f6
duster_iii_expression_ecog120_4x2_automatic,duster,4,1454,true,summary|design,efd56832b77a261334bae91553b6768cc6b1c4d0f688df08e515598923854924,7a99fec4281489fc20ccd26613688ffd0785704c2bd1158ef1e1d28cf05f0c08
duster_iii_expression_ecog120_4x2_automatic,duster,5,1200,true,summary|technical,d525a943d627c1c3ec9acae464d3706d5fc803637b6ca92a0ab31f109739a251,72786818b99230fad3fb07340d93b0ebb29094f08684c72bcaca56a895611e99
duster_iii_expression_ecog120_4x2_automatic,duster,6,1370,true,summary|technical,64312cd324612f13a2ca478f2b93462892ee73c80e52a11bfe006bdd9db24e88,da836163b1093ad429b2380340eb7bbb6c1eda9d89962e52d254b8562e3c2df8
duster_iii_expression_ecog120_4x2_automatic,duster,7,500,true,summary|technical,86893083b1f3aa5d4c12dd7aff8d1ed72c98fe696854b6008b6eec37bff66528,c28b5dcfa5ae1fb4cd9250fa9753a050a960e01c8edac31038b3001a3a4077fe
duster_iii_expression_ecog120_4x2_automatic,duster,8,758,true,summary,5c9497745c96c76c34a923907712db3c3f8ded33778941804516d86291016e98,d762b0a32f444b621e2adfdb4e203c25e9137b8a8689161ea4aadf350ff16fc0
duster_iii_expression_ecog120_4x2_automatic,duster,9,1030,true,summary|legal,fbd84e04910ca8b5a4cb5fe982d15cbc2b61013ea1607b6ae8079c05ee37e551,e9b900f119cdd36d28d975f28995909b2f454c38021f6ff8983c5046ecefede0
duster_iii_expression_mildhybrid140_4x2_manual,duster,1,332,true,summary,349656f13ea403dde7a5fdf541ebb659d98d4c709fd15cb214f49a63669e428e,24b0736db88d4e30d1493e4e14ee371baa30e64a07ce4d0076fb262cb8e05437
duster_iii_expression_mildhybrid140_4x2_manual,duster,2,574,true,summary|design|legal,e12498d41075ae65fc01caf3a046c4f77d1759ae645ab52fc431b210fc5851d8,d0a5f8e2b0b16f38b842199610f813f134c0788bb64cb50695717da59e4c7834
duster_iii_expression_mildhybrid140_4x2_manual,duster,3,1436,true,summary|design|standard_equipment,c02c8becd6a459a8443d38eec4ad66b8db7f385bdf467efc30cb25a8b328f34a,5e019d57f7304581bf78fbc8152ac41eeefeaa2e6a61437dbb822504493bafb4
duster_iii_expression_mildhybrid140_4x2_manual,duster,4,1454,true,summary|design,992d591b5e63707e679d8b8da7b2b3c370b09c81bdc03d2ad451779854512a73,31ab209c564dc87f45bc085cffe4c4292b89d7237edcc6b8681512a559235eb1
duster_iii_expression_mildhybrid140_4x2_manual,duster,5,1258,true,summary|technical,5dbdbed859629f5cca66a22c0701cc0dc2c9a5113d2fdfae47814363664161a1,c9c163c748b45d746435fb61abadd16973b1f98cf0465518921d9d70b015ec11
duster_iii_expression_mildhybrid140_4x2_manual,duster,6,1282,true,summary|technical,f6119b7f4a784f161ca8b4e3d6793adb0f17d1645704520bd16b3e1b7ce68588,1ac171c04ae2d2fd2c1e5b3e15ba3faa837c8e3176c7ffbaeb43a4ecde813b99
duster_iii_expression_mildhybrid140_4x2_manual,duster,7,508,true,summary|technical,b9cef073376605233acc5991bb584943081bacfbfa62ef8db4e192b648463b82,3fb67162e442b6b41ae194d6ddc42a07fc95f9a659bf70b21272bca30d02ba5e
duster_iii_expression_mildhybrid140_4x2_manual,duster,8,758,true,summary,86743a6f8f5b7c0b83e1a4acbe58ab049b4e0229e1c25f02cf9278ddae48e0ed,de5f1f63d90bbbbc7fd3946e749d4542fc3b7e37c042f1ad82425e649908fc4f
duster_iii_expression_mildhybrid140_4x2_manual,duster,9,1030,true,summary|legal,e580e72aac7aba0f1337b76cee6133b3281b30d7ef410dca3a3095ed9b2e5d07,6090bd260c9151932eefbba18e30c113a7ee3df1219b82aab08c0b5dfe2e521e
duster_iii_expression_hybridg150_4x4_automatic,duster,1,343,true,summary,4233f510118ec7b74e9432d7ebc9a5418b5d826d6abf5a35d510127920c67fe6,a208cb2203dd43d895964e426520f47d5b8c0a28237844e5d784af05fd61f880
duster_iii_expression_hybridg150_4x4_automatic,duster,2,577,true,summary|design|legal,51b58426658cd7d79804e29809eaa6272c9780281674dc056c0f16dbc2de4701,2063c2b5b620f6933e18795b4230c80acaaae6103dc01cafe349bb5a9a9cf4a4
duster_iii_expression_hybridg150_4x4_automatic,duster,3,1468,true,summary|design|standard_equipment,49f71b55703482e54be2918354a7d57b146b055d9024211a99235a48915d3089,a962d59d417760e8e66d68f459bc20b5ef9cefa15e83f84c4f51b802433587c4
duster_iii_expression_hybridg150_4x4_automatic,duster,4,1494,true,summary|design,beeb47e4e274389dc2c1b378bc576760d899d2ec40b3f827deaa8fe31c5475d0,30502cac8e8b5d14943254e59fc2dc35ce4bde5ee610f375a8ebaae1b10083ab
duster_iii_expression_hybridg150_4x4_automatic,duster,5,1175,true,summary|technical,4b62a3376c796afa21c28ed9281f4038a0254f59992b781c5948e42c9f1d70a4,cf67cefeb06e7e1b82194d81cec743e81592d3c69a90a95c6e8d0a36a0b058b7
duster_iii_expression_hybridg150_4x4_automatic,duster,6,1292,true,summary|technical,b973041889ae4375e1eb43fd5e4acc874c1c81d2ce6036341c9635c25f6278d2,7accb6a62901fe8f4843139d7c797dabf81c73a92dfb96c46e5a0f32f3a4f84a
duster_iii_expression_hybridg150_4x4_automatic,duster,7,500,true,summary|technical,8cf1cdfbf1e68e69e16b32b7a16f6ec06074ac920269ac039546207c1e903574,dfa8cb6c9160f682fe9b65e557836969c4a4e0483b7f2d6c2e4a207a4ba7708d
duster_iii_expression_hybridg150_4x4_automatic,duster,8,758,true,summary,bf3fdb0391e55db30e685ece70758a4db930689d7cc3b30b8dd6f88359e66a1e,d5104179a7479d38b48db4aa36a5f9e4b5cf54cfb4d4a0adf8bbbacf8b6a7f93
duster_iii_expression_hybridg150_4x4_automatic,duster,9,1030,true,summary|legal,2a48c8a9a8d882c997fbd2aa7f5cd2672fe7a25014076dd8c01f939b913b5601,5047d2f7e782fd9587d7ce50c82399f7ab1bf3d14c875bb2cad71c8fe3361912
duster_iii_expression_hybrid155_4x2_automatic,duster,1,326,true,summary,8f03282798651f6f9cf0c512c762aa6d57591af4d81e2722897fb4a12d434879,e74b7316fd7c415d2afd6be075105240a5e0b70a440e3c53acbf4ecc9e25e1ca
duster_iii_expression_hybrid155_4x2_automatic,duster,2,571,true,summary|design|legal,17b81ab7e723857be6afc38b9d340def39f496beeae99ab4c476d112eb0623c3,ad4f6f173c0d64f2a804fd3aa19246f542a1995fd7e161f67e7f7a701169b52c
duster_iii_expression_hybrid155_4x2_automatic,duster,3,1436,true,summary|design|standard_equipment,c3965ab82a654ef3835041fceff6bdbd1cad8f26a418a32ba3b9e0e224a1fbd2,7e573a3b347ddaa3165465354e83003d834e08024cf26d60d7cf11770633f6e6
duster_iii_expression_hybrid155_4x2_automatic,duster,4,1454,true,summary|design,dab73958625ca9c3b7394920e819b0b0d3dd35f7c97bf2dd0c01ac2f0b7cdab0,8d39929b431ba493ed01777468ee5a6494bad4dce1592a76a563f9630e1b1266
duster_iii_expression_hybrid155_4x2_automatic,duster,5,1256,true,summary|technical,0d18d0e22264a3928cf34e85f8382b80d8013a51c233bb0fbad2d448427e0491,43406d7ba89775d74592a83597012cdd27d3bb47bef98305b446c55d5410f2e4
duster_iii_expression_hybrid155_4x2_automatic,duster,6,1281,true,summary|technical,7989e006967786b618c49fb8da40d8cf10f3a8a0145354f2ca15559954b0e548,e6ee7780f5a13afdfecdfe9d16302ae36390b7fae358d912585a3e4604a918b7
duster_iii_expression_hybrid155_4x2_automatic,duster,7,508,true,summary|technical,4f9d789ce8259645388763be260f0a825d17e2825753fe3da04b3926e271c8bd,03c77f83c8a32e3f8933a811930f63bb74b233a3f5a217b6f3ee672240b3f67a
duster_iii_expression_hybrid155_4x2_automatic,duster,8,758,true,summary,b4d2fc714f40b25f510e44e671a1eedc736887602e6cd9ccf7ec91d07ee95309,7d54eaac3c69a05aa2a9211fc40ab07c0f26dd8aedc0d5299e4959389d5eb6a3
duster_iii_expression_hybrid155_4x2_automatic,duster,9,1030,true,summary|legal,477269719e67e0f266471ef310eb0b1794760d7120d666ede83e331f28e13693,3f8e7ffd7bfef8149cb911d36fd7e16bd2809fb56d8c345158dc2d4f0ed87579
duster_iii_extreme_ecog120_4x2_manual,duster,1,317,true,summary,f14a7fd142d7c36701671a874f0aba59676d98a57b533a04103b243715712ebe,6dc36647374be3377272de5cded989bdc8ae1365868beb82edae416a39112cfb
duster_iii_extreme_ecog120_4x2_manual,duster,2,560,true,summary|design|legal,da92d1efa7d88d7dc958f0aa9faeb80fe69c613ac3fb7a74f307c2a68f3043c4,2ac4367f4ac25b494e82d0eb51df104da733711e78ba96be6c6df3561d45f6a9
duster_iii_extreme_ecog120_4x2_manual,duster,3,1582,true,summary|design|standard_equipment,b4f8d8f27d7d0562c4d580b5b60feceda3872f68761d4ccc85c8edc3e6c46891,544725eced5743c061ae3b733c435e3950d0958ecf608fddb759f32924cb4559
duster_iii_extreme_ecog120_4x2_manual,duster,4,1513,true,summary|design,e8aab8c89da647c183a3b2ace73a375137fb702f7aba19079f0ca871cb4282a5,4eb4d36d10858da778e218c8ab5a615914b7f7a1ab12ede637c70ea429c64d7b
duster_iii_extreme_ecog120_4x2_manual,duster,5,1200,true,summary|technical,8aae07db2dafa0ec85e71fded65a7395c11c031e75d09ba4d369396f756d15cc,7e5830d731a0793790c52cbb85ff5b8a39302aee3f6ad8d1653157f445052c91
duster_iii_extreme_ecog120_4x2_manual,duster,6,1307,true,summary|technical,6058943bda1bf19aa3d1fbe2dc5afb00daeda4b99048f11c27d65d406154aa2e,452301bcd46ee4048439eb4ac5c0f83b1dbe6bae607d0afb3528878bbaea09c8
duster_iii_extreme_ecog120_4x2_manual,duster,7,500,true,summary|technical,083ccc88c9844fd4b0f0b4a62107922ebeb9079ae09455e4c884047323942fe7,7efe49cc15eb199b6e5adc6f80a8906b57f8c895f64a231a52188779d537e439
duster_iii_extreme_ecog120_4x2_manual,duster,8,758,true,summary,5e6d8e099e2c8bf9f4c80636ed06d66a775333c709efb898188ea01094e25322,65303ca764c97b2edc499b132c99974d28e4ee9f5c4444681c53350c3d34adf5
duster_iii_extreme_ecog120_4x2_manual,duster,9,1030,true,summary|legal,10d60ba566fbd67ae790b9e3c7e5ec1fd664a0238b1c1ae48cb37ce12b007594,0db3b675506d55868527f0363588f2d44ccb0401f655b7d786d43921a622908c
duster_iii_extreme_ecog120_4x2_automatic,duster,1,326,true,summary,5598c12de6903faa84eb10be8e58b96fe915d8ce959a82919369a366b792b37a,b60704824d26138cf139c8bad5adf35d3a40abfedf819c32dc2c6b4e3723ff61
duster_iii_extreme_ecog120_4x2_automatic,duster,2,567,true,summary|design|legal,78f4985dc5ed4f56af07b07c79448fe801b87474c78a6964bfe1fe60cec8102a,5ae1a2f6d5a6e7d19949b036d29332663c9ff5c3222468ed60e772d9e0b1a94b
duster_iii_extreme_ecog120_4x2_automatic,duster,3,1582,true,summary|design|standard_equipment,c07ee2eb4dbde8875a47db53cc1f4734da80d976617e1afe75aaa7b3841dbc77,c2f83ed0597f34ecc37ea87426ad4fe2e762cc8a42913954409a2ff08a89e309
duster_iii_extreme_ecog120_4x2_automatic,duster,4,1513,true,summary|design,67648b73f06db9314b151bf8c8f911bf62856699d20b0a06685f0748be83fc38,56e5f9a58f21dc660fd551a0b019121bbeb83563f218c9b6eba58a2bf4e1efae
duster_iii_extreme_ecog120_4x2_automatic,duster,5,1198,true,summary|technical,ef322ae7d0738070f751ecd7a1c4d58cfad9f469e4f295304a080793b4c43b17,c63f39f153637c11e568b60aa3089ec0ac19bd4cfd1fbce056e1ff248a35d1b0
duster_iii_extreme_ecog120_4x2_automatic,duster,6,1370,true,summary|technical,d3fa16f3802923c41598c67942d4e6264a233f982d852298f7ec41c736382db9,e117a35b5963f590f38ed0600ae389cf69c121d834c9f7590e3858b6b0bbb3ab
duster_iii_extreme_ecog120_4x2_automatic,duster,7,500,true,summary|technical,adc598ae2b0a03804170199dbbea320c7289ccd551fdf4ef02519cc2cce9e439,a8dbe3504aa0e120f25e9ca1e048588b075bbf4778e32e52fb81426c315d2939
duster_iii_extreme_ecog120_4x2_automatic,duster,8,758,true,summary,3a86fcdc8974b5e8ca995272dd1f40b1e0093ef1929df256aea8a3ca9a4dabb8,526c3e9fc1479979828ca49cb329643eda16d91aa40ea5acf4a109766ecdc6f0
duster_iii_extreme_ecog120_4x2_automatic,duster,9,1030,true,summary|legal,8e2980bcaabf8ec486c682b2d1778cf45f4e171e31a6190c875dcbe125f02cd0,2642ef52cd73db777fcd3fdee6606913113c3ec85a3a257b6c939eee5147918b
duster_iii_extreme_mildhybrid140_4x2_manual,duster,1,329,true,summary,8e005eac637fd2fafca900cedf5a7ac72cebd7dab9ecf129857dc0aae151163d,32a9d7e3fd99d66045c1ebbf28a033484b620c533baeaa447cba0ff9830b7a71
duster_iii_extreme_mildhybrid140_4x2_manual,duster,2,568,true,summary|design|legal,da2fd1c3bd196cd2bcb467c58ec442b88ddcb1b2f3ab9424c10d7b5355638128,a74f907b7d81bc8fa15fd2390a41d11dbc2ad44479493fa20b4188b6c7149377
duster_iii_extreme_mildhybrid140_4x2_manual,duster,3,1582,true,summary|design|standard_equipment,58421c09d12218c0114f86c8ae478556bed136a0fdcc78b585a2976482f56e16,b0b556332d212a20ba3c8af20cc7ea49613c5c41610e16bf88146004cea0278f
duster_iii_extreme_mildhybrid140_4x2_manual,duster,4,1513,true,summary|design,4d004283c978b388424472ac7975c34e1bba0519b487506a1a7dc62738e5f26e,8c5df0583f884603a5c466d30fd37917566482db61dc454706ea269ba8da0885
duster_iii_extreme_mildhybrid140_4x2_manual,duster,5,1258,true,summary|technical,1d4bbf8c30f9331d69031462f90674bcc8a5e296ccf83c927562bdf3c67c1b5c,210552bf6cb42163d505a87ec7cd1827d3cf1d20e127d1507091a18679f47403
duster_iii_extreme_mildhybrid140_4x2_manual,duster,6,1282,true,summary|technical,6ad5ecd895b2af18b87a22b0b008e3cfe6a47c9956216a1bcadbd1705226c8ce,2f3a8c515402f6543d72cb9a491b00ca53cc510fa8440abb3e0e624fac6b9e85
duster_iii_extreme_mildhybrid140_4x2_manual,duster,7,508,true,summary|technical,87d7f91b16167a96a43574a0242a9c6eac89226ece78252d6aa21e0a6e55fd0e,f17ff40a04305dcba0330856c57bc37d9b3f7f5396fadddf66f6c5395e436f8b
duster_iii_extreme_mildhybrid140_4x2_manual,duster,8,758,true,summary,384809148c4a5b016337453bd6f2056ea59162e7aee73b3b6feeb7cd061e3cbc,e0df96887533bc04de10b8c0ae0c7ffc64906bc1335787e0e04b2a5b1990b3bd
duster_iii_extreme_mildhybrid140_4x2_manual,duster,9,1030,true,summary|legal,b7f87ce6fc0534eb9c90b6b4382630ab907cd8b227c39b69b0a9e82a8fde2fda,a5e0ecb14141426dd73e6f5bc13ad370e069a9691622d2fe917fd9a81f359ffe
duster_iii_extreme_hybridg150_4x4_automatic,duster,1,340,true,summary,cc8985f561b07765beafa88f9fc81ed29a7d6610febebac30e2be21c8cdb3864,87653990988988c105022eb2db7ea11d752a44066bf00112396978b3a122552f
duster_iii_extreme_hybridg150_4x4_automatic,duster,2,569,true,summary|design|legal,48a0750905c239c44dc462fea98b8895e88135a3da5a7fe3b354207d539f4716,a229631f795e9dc9451db1f65db25da5d81faca65563bad2cf30196a38fd2108
duster_iii_extreme_hybridg150_4x4_automatic,duster,3,1614,true,summary|design|standard_equipment,ab689313cf94afc0ed156ad073426aca19ba851d6a493e829372e4440e2973ac,faddb2eb6f0d506afb5045d90f12f35af844ae9962be4a847ed9a87cd18d9abd
duster_iii_extreme_hybridg150_4x4_automatic,duster,4,1513,true,summary|design,cc0a0be272f160b534a78f87d11d86aa78c329971e77d1482f2dbcf0533c644d,cea6cffd9ca8eb07c21d270b77f504d1e4ae3a80ac542b5ddce5d73f436d19d3
duster_iii_extreme_hybridg150_4x4_automatic,duster,5,1175,true,summary|technical,8385bacedbe5d66cec5a1a95165fca52cc9e1c1af7aaadb1189b01fa34ad4542,f6970aa7fda953f6184d47ae5231e7b330c258d091cce9d71d23322c4463aba5
duster_iii_extreme_hybridg150_4x4_automatic,duster,6,1292,true,summary|technical,9736cb1e88056925f3f0e4076425d719fe15af493090566ad426dbb96abcd685,cf1c0860eb9528be98c88c6565a5e4b0f0680d90c6348351a9c036581500de85
duster_iii_extreme_hybridg150_4x4_automatic,duster,7,500,true,summary|technical,b8dfd865c0f834f31fa3d60b757fa95d9999b2418aa46adc72e85e6451a604e2,049f204be550bd6f838727a9409124d7f6d51506ddf21f9466472806564de109
duster_iii_extreme_hybridg150_4x4_automatic,duster,8,758,true,summary,ea229f27e2c85ca063c967b4efbb5e51354375b630a1c0343d43dd5875dbfd0c,c51e88aca4f9dc7b2c17edd2bcbc71914849d1eb03132192b3e0e1bd884d7a23
duster_iii_extreme_hybridg150_4x4_automatic,duster,9,1030,true,summary|legal,b930b4878df545d6a47377ba43bf4640bf3cf432230fdb03335e74accbc652db,c103cda5a2ca26ca8b595ba8538cd8c1e85d7cefe249dc8a01e213f09621fb71
duster_iii_extreme_hybrid155_4x2_automatic,duster,1,323,true,summary,07acebdcc982147b8a6c3d52585c34aa76f7b4e258b396cb0039288f5349a7fb,fe49a24fe5fbb022da0b510c96b788d14d32efdba152bef954337d223b65deee
duster_iii_extreme_hybrid155_4x2_automatic,duster,2,563,true,summary|design|legal,7278a16c4512cf7720e813cc40608b7426720e0131b0c29469db0390629687b0,9d7e6c478d9accd2355d2298d4e7195647079d5cf4ff8566fc3fe9e6413c0df6
duster_iii_extreme_hybrid155_4x2_automatic,duster,3,1582,true,summary|design|standard_equipment,a5beba5074f0e60a6e004efbf5d51f1d2ecbc8141e70b73c6a9afacd798b8d2f,d3df53ab4c0b6e62f86e4f71d74074c3d59d4d0ce14457e302c13823a181745e
duster_iii_extreme_hybrid155_4x2_automatic,duster,4,1513,true,summary|design,dcea86f3534baa09ed1d30012404ed9d2588fd519b43edf43c7f8540d77973e8,407b3120e1a0f5b2fc0c03dc2a3b4b7037f85551a15d081fb7ab4156e87d7913
duster_iii_extreme_hybrid155_4x2_automatic,duster,5,1256,true,summary|technical,990e321b6e10a84f2ed56ccb7a1e4790bc81b97b19dd210296d403d0574c6b57,b2102952820aff5bc03e5db5f63b6b866e069b25b16894daf66bf48f8d67a042
duster_iii_extreme_hybrid155_4x2_automatic,duster,6,1281,true,summary|technical,d4743557139ddefd0ff4322a1f73b81d867bde438c838f93146db785c1245e5f,07d552728f800c0bfc078fdcc7fcfa316eaa3f24b634ffd94c7bbdd6e1fa3045
duster_iii_extreme_hybrid155_4x2_automatic,duster,7,508,true,summary|technical,8e72c1bc7a3248966fa2a9c19109c4e8211f8344a10724dbb39ec55696304fde,f544b54075fb09fd269cd3952c65ae04e8544658bc52e8d27ef827d12a3d8f5c
duster_iii_extreme_hybrid155_4x2_automatic,duster,8,758,true,summary,92e481057d70d89e9030c8cd671cf8f97fa44a25800c60a22b276dd26564350d,ead519bcdaab2da666d464c183a5c22a7415833dcf832287753bc847d3253847
duster_iii_extreme_hybrid155_4x2_automatic,duster,9,1030,true,summary|legal,83fa05f8fb76e64a441048d13ea9607ce61e523be1d086becf514bedf23493ee,c0ef40b31be29d10efa6e2f489bec4d913fffd596488f9f74354ee079c9ab137
duster_iii_journey_ecog120_4x2_manual,duster,1,317,true,summary,9cca6b1037257464317ea1c95b430006af415728aef268669156f5f6a263e91a,ae1d92a0d72381fef7c28f6af877a279d85c77b651212d3d197460ea9379db6d
duster_iii_journey_ecog120_4x2_manual,duster,2,557,true,summary|design|legal,de4d45c92a3e19fc81670e159eff46a4ee3364def0ca5444fe4061263b9d890d,721a2a77aec62e5f508c5326f7b3393af496aa0cb5c57cc7a8e117b322308e52
duster_iii_journey_ecog120_4x2_manual,duster,3,1591,true,summary|design|standard_equipment,6432de0c8b46887c6acce4ddf49b1fd297d07b3b690a9c8602a2d2af4eba4ef6,c6e03dcec1d7dc62f35a5a1c9db62b52e808f66be913f160c8cf1c4b9098e504
duster_iii_journey_ecog120_4x2_manual,duster,4,1468,true,summary|design,900f90fb08da45248b6474f8c09b0d4384b06603fac95c35ff7fce2cffa52faa,168c6db7cd662937495e581957fe7c887eba6a8137239ed4edfc103b96132dfb
duster_iii_journey_ecog120_4x2_manual,duster,5,1200,true,summary|technical,b920754f21f01c0d6a3866579cd574b3861982d3fff67bacffa17706216b4122,cab193ee126631945b7b5a130122e28885fffc9ca74ea13420fed089b34f9501
duster_iii_journey_ecog120_4x2_manual,duster,6,1307,true,summary|technical,f26169a034a42084a68479e037d5facdf6ef1c3f19a1117490310041d8d0a5ff,4081dff451bd5a6036bd66b067524e4069375628f351248e33c1a78fbe968410
duster_iii_journey_ecog120_4x2_manual,duster,7,500,true,summary|technical,11ce6c98949083c2a9c8ed927acdcf9c52599caaeb7ec77deaf925c4ced4b13b,df713bd092fead2bacce023c9f536866eac8a11bd1ddccec0a2da310f2afc96b
duster_iii_journey_ecog120_4x2_manual,duster,8,758,true,summary,03ce05b004ba8b095833061831e39c49384ae437345380051729af842a8d8042,2a8dcdc5012da5aadea3a67fc0a0c59023bcff26e65e917fb6dfc74ccbc8ac7d
duster_iii_journey_ecog120_4x2_manual,duster,9,1030,true,summary|legal,3cb9866ce1d1da2fd6c98268ef23754cda38fbd42af44a081c6b8d49f1ddd5f9,55cc4ec25731d7f1e0fc478b77c3ddbcea5e02eaf3b9f6124f6ae918ae9ce479
duster_iii_journey_ecog120_4x2_automatic,duster,1,326,true,summary,0853af627a99b0ec549da17d2dc8e9c48a7003e9353f9f88d4717799e5a6fb8c,ceaf99b654e699fe09652305a002d39f326d9a3d3d4c7e45ee916acf2e1b6083
duster_iii_journey_ecog120_4x2_automatic,duster,2,564,true,summary|design|legal,519a44afe64db8e738d6c1e132f8935c6a905e29d22b5a80426ea1b7b775507e,30b48e6f1d7888d84e63cc566883be7e741e141be7991b4a6d0acbf63ea2db2d
duster_iii_journey_ecog120_4x2_automatic,duster,3,1593,true,summary|design|standard_equipment,92e4e20fb189c5e7040fbcc5fcde5a96ac59d544d5ad247e57c1d130a18c981d,74ebd5652657be0f71b83b96a7541aa80ac00ab267be73ce2bb2d1d00eb44fec
duster_iii_journey_ecog120_4x2_automatic,duster,4,1468,true,summary|design,14becbff9ffe0801cac964fd208eff4b9fe7b51b4f0eb42f5e1dca9b56f6c0ef,baeb01927830af02df7e97c17342f299b2e7ed10f8eb769025e631faec38f457
duster_iii_journey_ecog120_4x2_automatic,duster,5,1200,true,summary|technical,b0a4e52b9f60ca88ab865d110fde6d5bda248d20b2adf8e7cc67e0baf7711b38,8cdde8644ea02de23652f4a8e0a8aa88ff23abe9b95f1b668d31c5c677b30483
duster_iii_journey_ecog120_4x2_automatic,duster,6,1370,true,summary|technical,d6a635b0f6b7181bd23cfef3b485a96d20c6d800a515d5755d4b8e901f4e4ae4,5ac5dca8568641445bc3af596cdae6f50ab85988032d14a23b7c0c3523ebfe27
duster_iii_journey_ecog120_4x2_automatic,duster,7,500,true,summary|technical,0e17e0ee3398d144d3961b3fb2e5a8b061566fab06841c23f289e8522b29ee42,c997e9f1be8b007f8c39f011f560e9bafc14e54c1a068afab107e00464966f8b
duster_iii_journey_ecog120_4x2_automatic,duster,8,758,true,summary,2188b0702865f565a623512fe46d73b46f4a2231b641ecca175cea5958b3e2c4,f2261816b35de89c15b3be4f75770dce99a4ff32c68ba45b8b6e2e9bd58475d1
duster_iii_journey_ecog120_4x2_automatic,duster,9,1030,true,summary|legal,bd7dfb4e11383b1b0134cd9b84de698f662332c5b3f4953807fb3423df250adc,9ccd484d9c974f36537dbb22e4fde2dafd55669db94fc519ef8d8d23f22034de
duster_iii_journey_mildhybrid140_4x2_manual,duster,1,329,true,summary,3c8def8ec46a9156ebe9646d8b2655831d02b18fb3d25a0893bf3ea61302ecb5,b4874d10a6bb1ecdc70de8a6037d5efb6cf8ba4e3da24719292517004faae8a4
duster_iii_journey_mildhybrid140_4x2_manual,duster,2,565,true,summary|design|legal,db2af450da77b0be39b8e0dbd2b3d5ed543fb225c2f888034dbf20b83d0760b9,58ce258803e62c777e62cdf2b857507da0d0a864b5d5f7f0673851db2cd6e658
duster_iii_journey_mildhybrid140_4x2_manual,duster,3,1591,true,summary|design|standard_equipment,2f883495881e9e000c101f4477ecd26160f9d2b9b53c34c8c10b8e3dce2185fe,0595487925a518b83873dd331a1044d650202c796c84850645bd57a914bf84b1
duster_iii_journey_mildhybrid140_4x2_manual,duster,4,1468,true,summary|design,8054214476f53b30dbd68dc530810d2f5927e5b3d038846587e9aeb797aa336b,62a7540d4dced1b9538345e73e0be8350cf88a59c3dfb4922aed04566f4ed934
duster_iii_journey_mildhybrid140_4x2_manual,duster,5,1258,true,summary|technical,aa5ba7a7ce4601450be14a6fc04109798183c847937d9941ff6f1c570201257f,e2f5cf5bc8d87f3acde5c9c0916f242f3aa96785752f0d1393323447f9ab75ef
duster_iii_journey_mildhybrid140_4x2_manual,duster,6,1282,true,summary|technical,784f3b7c31643d2fa0ce3aa637317828f4e74adb6f5317dedf7ee96576b77acc,18a6faf1a466339e6d383191a58de30dc840dadcbffa473f8196a089b822c069
duster_iii_journey_mildhybrid140_4x2_manual,duster,7,508,true,summary|technical,1166881290c27088c703f1d3838052f6497fe011e33db3c35e473a0695bb311c,a49254db5db88a082e0d096af273f688b4924cbb306af863544cc617a0f94820
duster_iii_journey_mildhybrid140_4x2_manual,duster,8,758,true,summary,7c71c7b81e26ba1da6960af891421d0500625678e9683ae322355a61db31b150,572e59e36dff7a0a56f1eb82f616758fea88a3a5a662217549e58df4938b56dd
duster_iii_journey_mildhybrid140_4x2_manual,duster,9,1030,true,summary|legal,122c8f7f7459be8fc7310c3ed689214301340d19c7ed85f7965fd31522cf453d,21260dc1f5f37ce6b0a0e85546468c8f2433cda57cf126201c1a9f4e90b3af39
duster_iii_journey_hybridg150_4x4_automatic,duster,1,340,true,summary,edeedfeeb112adf33339a55f9cf3d06f1c39139b9a0060a08c6154497e9e26b5,9d42dcb5e7c4f32a7559ac71fd2fcd46fce681994759bfb84c5ebe9b9614539e
duster_iii_journey_hybridg150_4x4_automatic,duster,2,566,true,summary|design|legal,1870a308524040ba1189b83d46426ae99a7492dcfc19d5206dd17176f3674c23,84ca970d820aa53d605ed18910c4e966a7ab5a3b21ebfd024ce7346070cb968d
duster_iii_journey_hybridg150_4x4_automatic,duster,3,1597,true,summary|design|standard_equipment,91824a9b631cffd1c0c614a2bf8c8267a0bf094133c44ad339b99024c3ba2f6f,1e4ce0ad669553170f561206cde6102413dd486b53a80b6381a0931c2927c987
duster_iii_journey_hybridg150_4x4_automatic,duster,4,1508,true,summary|design,9a31150bc86742f8585beda730aca365e4c9d046e3595356b33839176341e266,6e3e9b5e1d971f378e424a3d86b921dbe67d53d8c0b70d1717760e94dba5a11d
duster_iii_journey_hybridg150_4x4_automatic,duster,5,1175,true,summary|technical,cae2e8689ab947b727cb1122d87c5c1154f00ef44a76c83a9e471c362f9ecff3,82bbf4269cd9235bdf1b5cfa5861ea561aee0b723701058fa165e4b0d8ea4858
duster_iii_journey_hybridg150_4x4_automatic,duster,6,1292,true,summary|technical,e4f36ff32390fa6dcbcc44a426993872700d4a3d643a7c9ebbbbb4501d56c2a8,1813cc49ea884293f67d83943ab228f3266896b6bc1e82e16112b7f7cd43427a
duster_iii_journey_hybridg150_4x4_automatic,duster,7,500,true,summary|technical,536ac5f8c3736962e1c9484d943c1028465e130bb3dd43c0b9209adb4dc45340,d3000a3ba695f9b9f070b504d253cc8a7031ad43530f51f4105d3b8ce0f97232
duster_iii_journey_hybridg150_4x4_automatic,duster,8,758,true,summary,b43dabe6453b6207c64996c42057ed17f0b71cd1c140aa873465bf9bdf980428,9204100ea1a5b9c44abaf48ae599d1a53a7d46004882de16620718ded6298906
duster_iii_journey_hybridg150_4x4_automatic,duster,9,1030,true,summary|legal,c450bd0f894c0ff786cce39128b34762662cab3e5ecce4f8074b0f6ae5845eef,fb7ba979dd5bd7a7f476479e616677a14c91fd938b95d041d988c3bbd401ab27
duster_iii_journey_hybrid155_4x2_automatic,duster,1,323,true,summary,181550f6cb469eae0730a792eb447118babd48428bbb83b289c68b665e4c2080,d701a4c10a7e38b268f80eb53f6f2101ec2e1d3f02103ab93e0927427002a3d0
duster_iii_journey_hybrid155_4x2_automatic,duster,2,560,true,summary|design|legal,55146e65bac90ac42b60e3dabbbbfd9f8911b25d07b7b8c34340ee73ffb45f26,42ae33775f3ea7f8fbe0d8aa0c5b2fd1f7162ff62e4ff07818607c6ed5c649d0
duster_iii_journey_hybrid155_4x2_automatic,duster,3,1593,true,summary|design|standard_equipment,033552abe0aff16516f2284ac459dcc3ff77949cebe7d415b789b2fff10f2f93,91f05892828a6554a07e09089475cd10141ca41648eaf6aaf6c6a2912ca75494
duster_iii_journey_hybrid155_4x2_automatic,duster,4,1468,true,summary|design,41dd27c40619bc83c76abf059d235bc5f2f363fd68b2481715cae01586de2223,22f286c87c25a047ccdf95454affc84a88f193363ec2755588417feb0d4906ee
duster_iii_journey_hybrid155_4x2_automatic,duster,5,1256,true,summary|technical,ba11e818151ce892ea4a46f35e0672ae7a49bdd67524ede02fd702b099cdf21a,00ec12ba6abd1f4017a855595ab65793ea5a84cf8ae0c18d8071a688af52e271
duster_iii_journey_hybrid155_4x2_automatic,duster,6,1281,true,summary|technical,825441e15d8039e0d5641c5c1aa2a67b422ebe2514d681c6f9325cc181fdc203,b8d52ae7a5dda90f10a25c72afe47098830cb774648b3ea0257bbb3f2902b53b
duster_iii_journey_hybrid155_4x2_automatic,duster,7,508,true,summary|technical,166e9e737bef7c31c48769792dd9476750665f7541c0a0d8881dc3ad99a1365c,23c4fc775c581e5960e2b9e4d0a811b7942a805b439c6916b6e5956786e15c91
duster_iii_journey_hybrid155_4x2_automatic,duster,8,758,true,summary,e36eff82c8b2208713774857cc94c706e8b48784a27a1ed5ddae02ce15fdbdf7,be112c3f34063e6ae900e97a78b56da0c8ca5c85ad3380f764b6f443f1133e3a
duster_iii_journey_hybrid155_4x2_automatic,duster,9,1030,true,summary|legal,3a6b63a6d98a47d8202d17ea3c2ee7fd3efed254019d01e3a9e00faf67a1c2a6,31bcd3b86790e2bb9a1dfcf6ac1f3401337cdd84d23a0458361838280e8d99d0
bigster_essential_mildhybrid140_4x2_manual,bigster,1,341,true,summary,105aae94bb83319518787196883e562f6aa8fccf4aa0b179dca219052b638b7a,b1b7d162c33a506521aa16b4160f84140e8d8437bbde97919aaef904200c081a
bigster_essential_mildhybrid140_4x2_manual,bigster,2,563,true,summary|design|legal,1a9bdc5b8057a0d2042f300a2323012f4377790da5e37e5135fdf513ed9e940d,ba30b7423691f0c994d744fdb8e2b03c9cb5b51cb50f0ca95e708db046af475b
bigster_essential_mildhybrid140_4x2_manual,bigster,3,1512,true,summary|design|standard_equipment,06a27dae0573831cfe9ebf2cfd784a974e8526d17dec34cc3bfbc90fdc6e9cee,96bd668401866a19f04d7925c7ba56bd41e3dde3f9d089041a5187662c96a48f
bigster_essential_mildhybrid140_4x2_manual,bigster,4,1548,true,summary|design,85f3bf6589fb3723ef788195982cc911f878f8a440f94745309447b4472048ff,a1b741dd702e0c4f2ee950b349e8ffdcf4f5d3533b8feec6332283b0299db17c
bigster_essential_mildhybrid140_4x2_manual,bigster,5,1270,true,summary|technical,5032c831da2caeaa58fe4fa3788ff64ce2e6ba8d38afd9eeb1f00a04d564c37a,6565149fabf8818ac055b0472973d5cd598fb44e10222f0f24b4f612a242d15f
bigster_essential_mildhybrid140_4x2_manual,bigster,6,1273,true,summary|technical,9f7404a044860e5ed181824ef8ce161863c08b2796a80bd9af76fd1d24395594,2c0e800b93398eb32b7199afcf0cdedf4bb84cd88846487a6c1941f0656114b8
bigster_essential_mildhybrid140_4x2_manual,bigster,7,500,true,summary|technical,d1c73a8a6f4f966810297ed09520573ea773fe27a74caabf99ba46282fed880a,ef2cf59daa837916069e0054fe473a05fa969acafdc495178601ffea5d4a92a2
bigster_essential_mildhybrid140_4x2_manual,bigster,8,758,true,summary,02e8e481d8998bdafc33ca158ac55b2e4a70082e63093a4d8a6ec152a40c8e66,91defb70695560a23ee6e3c347e4d56e53917e30fdcba6a408aa9c0490ab679c
bigster_essential_mildhybrid140_4x2_manual,bigster,9,1030,true,summary|legal,f1856aceb8c94227eade55e58e72d0757fa984f32206b26adf8cc33113c4f8ef,6b7450ce17c60c60ac95c05460f4c454f63236fd83d12f1ba09a88ff01a1a286
bigster_essential_mildhybridg140_4x2_manual,bigster,1,337,true,summary,8ed0360c68a368a7bcf45276d87d71bbf4020f37fa17f23a47d67fed333e5d6c,36eca2633ecb4451ccc1eadfea9e2aec07e3f533a7b12ab425ba86db2f5952d7
bigster_essential_mildhybridg140_4x2_manual,bigster,2,565,true,summary|design|legal,2783859f5fed85cfb6cabf04b6424a97ef1e98c85bd811c054aca7a931b0ceb8,6404eba65992f446ee089f68dd6762248e385c9ee18cda111212556a74a87bb3
bigster_essential_mildhybridg140_4x2_manual,bigster,3,1537,true,summary|design|standard_equipment,7d4b73ef0402720ca3576e8466bde5ace1744fda5e566a6ff96db6aa1ed3bcd9,6111d8d6dbd80a917848d95852ed884babf1414fa51825c00e62d503c9931730
bigster_essential_mildhybridg140_4x2_manual,bigster,4,1548,true,summary|design,98278460160ddb53959d8e0dfa4f45de7acbafdaa54ef6bb0f98a81a2b73f60d,91dd05e37ae91a8559e7d04501864c6eccb608ca12bf1de59873f816244f80ca
bigster_essential_mildhybridg140_4x2_manual,bigster,5,1271,true,summary|technical,b9983da7b904dcc69960e4b69d9c9f0ade5826959e26f6d6d9443ed0a9ada2a6,96ccc254e7e5c3c498344cbe7a5cd44a36d8aecfb7b0e2dcd4115e3faf8cbb5e
bigster_essential_mildhybridg140_4x2_manual,bigster,6,1267,true,summary|technical,39a3c4d5c972d67083fb81346c7c0b31cc8611018828725b4147c595c43ee5c3,719fff0e97a7743f32db6575edd920e74d611284450ec3ccdc5167e20bacfdb7
bigster_essential_mildhybridg140_4x2_manual,bigster,7,500,true,summary|technical,f5641410aed60d479971a609af93b93d3f8ae7fa0db85a0258ebdc49c8b51c1c,b6b8e06b2f0d8c4a30cbe1436b91742f0dd7adf5f8332c9c3005df5ab4003cbf
bigster_essential_mildhybridg140_4x2_manual,bigster,8,758,true,summary,c367d37b9873e75e6257fcf7c08a67ea1d4d980ec96298086638d1083b5cf373,bad85d564a1d3ee2a9df68691ec4fb2a7bf7828b8cbcb7869340cc2fa4b8f44f
bigster_essential_mildhybridg140_4x2_manual,bigster,9,1030,true,summary|legal,0c05c760e69579ec00e3bdfd573e93d184b5bc4ea0e872f7e96d835bca66d717,95411b32db9cb50f09d9add01a426efdca458c8c13502cde24056dbda12faade
bigster_expression_mildhybrid140_4x2_manual,bigster,1,342,true,summary,d6a6847a4d75234d9f239fb70c92f8a64f6ec1f5095a9392caa226bac4e2f508,cb3b0d2b70a020549843630ad3323cb1e5225f4cc5a07ef116cc28390c994dcb
bigster_expression_mildhybrid140_4x2_manual,bigster,2,595,true,summary|design|legal,3d5bce4cb5053d5da094a26ded7971d96f8b7aeee07e9b46a7ba439ae895f588,555c5a23bcca9f0e484269215f6b0a0a9f8b5c52144f25f2c8edd711766ab514
bigster_expression_mildhybrid140_4x2_manual,bigster,3,1656,true,summary|design|standard_equipment,f42bb67b65d4190c9c91a38c67e86103f4deb075cd906a6809a30d33771b74ed,2695b63b926a1925061246b348134cb51f6adf928fce0ddbb708e47c8ef9199e
bigster_expression_mildhybrid140_4x2_manual,bigster,4,1570,true,summary|design,a8e393351d7302d742508c50d2050b6aec385837cf4b3dcd79d2de412250e5d9,dc8df90c248ff73e34b2ca1ecbde39992901b22254ef2151cfa77588bf63d009
bigster_expression_mildhybrid140_4x2_manual,bigster,5,1270,true,summary|technical,e1ae7734b23073b659f1a6b2de798bc67bb01a36decb01da07a9e664172f27a8,203dcbba2179bb38bbcf95d6ad302ce3b7fd10605d342d5d2c202597a09d6088
bigster_expression_mildhybrid140_4x2_manual,bigster,6,1291,true,summary|technical,1e1b6edc96f6efbf4e73abba37b423c0342dc33bbc480df042e1fe0818295ae7,726cf525d34edf3a99fdd6a6b30c17f129e1ece2d29dfc2069efc6aac239707a
bigster_expression_mildhybrid140_4x2_manual,bigster,7,500,true,summary|technical,58f5a3a3b725cd5bf58717bb56bb23cbb796fd68fb593db01d6a1b4b7829f180,a4a24c2158624193efaba56c30df96b87f7d51a1c133b73319a402d3dc794616
bigster_expression_mildhybrid140_4x2_manual,bigster,8,758,true,summary,062decf8cc8bfccba7d278ca96774076c3bd9fede22274de00fd8f33612e5f0e,fbe644db11482eed699f48754c8263a53dbb4405acab10b0b4d56f280afc16be
bigster_expression_mildhybrid140_4x2_manual,bigster,9,1030,true,summary|legal,259f49c52a68414234c2c75c24b6720a1e63f79f5b02f1fca3f9ee61419edf23,37c41552cb91488233ec4f0b27854a8b160951d0690f1564f1d3dcd92e810092
bigster_expression_mildhybridg140_4x2_manual,bigster,1,338,true,summary,482bc9aca443b851f230d22f7c0b2e97991884ba253b8abaaa48310a57d95693,eadeba0f3c0ca59b6025ccac50c774436e2d9dd26c792eed2c185ebc3ec499e1
bigster_expression_mildhybridg140_4x2_manual,bigster,2,597,true,summary|design|legal,96a25b1be7e2542d327131eedd4f51bc424256092ea830250e6d69f7bcea8dc7,8c21a986abb1bea67d0d16ecdb8a656af1ed6705f2a0922043637a791673db89
bigster_expression_mildhybridg140_4x2_manual,bigster,3,1681,true,summary|design|standard_equipment,3190d9172dd6c4087eef87543a3de549ce0346435261953bbc67ff5a1eae77b8,9f123f7647bb7a3f17aec746f4d967fd91ad99ef002238744ccecec67cb026bc
bigster_expression_mildhybridg140_4x2_manual,bigster,4,1570,true,summary|design,93d8a7b0564d77dd05be5ebe1fe6214571be247ebad8596002a4b85afd3319b4,2e8a1ae3e49548834851eeb2942154e4aed37e0fbd3f19c17579b28490312ebb
bigster_expression_mildhybridg140_4x2_manual,bigster,5,1271,true,summary|technical,55cb884d79bc452e9ba3001bc10756f8734638010674d600397fe0474c09eceb,afa76d1e493c24a44927e16523093ca39eb25466d1dcc4afdc0464c116ee6d15
bigster_expression_mildhybridg140_4x2_manual,bigster,6,1277,true,summary|technical,feae930049a2bd3088c9779846d9ed193ad700fc32d71012f2d54d1283c9c66b,f76984ef527b11b1ece0105aee9589b8b4a533c35e7694f8c375973da7d45eec
bigster_expression_mildhybridg140_4x2_manual,bigster,7,500,true,summary|technical,a68cc708e3bf27d4d4649472c424a16604c0becdc264393a027cfcc3ef70f0ca,01a651c19209800e696b0698c3b964f19acdb8ab7eb4b52180b5f100028a2685
bigster_expression_mildhybridg140_4x2_manual,bigster,8,758,true,summary,0f8a0448ac522fc6f4862f498cf363f3fefd4a9a1b5e184a10479de8fa20ed3b,bd32bf9023963dd2643c310837cf4d37df19fd08afa2e98d478f5f4269ec157e
bigster_expression_mildhybridg140_4x2_manual,bigster,9,1030,true,summary|legal,6222066438e7f34f46faa65a118e2850ba8eb1854d37589612c1dce7c01a01d8,8574776bebe78f911a3705efe80f2340d319c3a618a7ddcebfb5dd502b7060df
bigster_expression_hybridg150_4x4_automatic,bigster,1,353,true,summary,4b264ba915a734ae4f68eed89a665375ef628e1792eebff056473e55778bb5b7,f02b68d0abf4180deccc200accc56923b26691da8da55dc35402b6631e261529
bigster_expression_hybridg150_4x4_automatic,bigster,2,596,true,summary|design|legal,77e5d6fcbb16198132dcd11130966b2e1f54f9b9e8b9c7ed5cb7933b053652e1,57da48903bec4c3fbf3274b6e1227d9b0b67be4035fa28916c95e4d997d14725
bigster_expression_hybridg150_4x4_automatic,bigster,3,1714,true,summary|design|standard_equipment,e4e60b3b5020a2cde69d402f4610f44ecad0f38f3e7144e4e1f8468f356a0106,ad432af135e273ba596ed9515ec89ecd9b70096b5c98f441f3973ffbfb3203fe
bigster_expression_hybridg150_4x4_automatic,bigster,4,1595,true,summary|design,3fecc79c456ac4872bec3ecb8d459747ac6a02be03c3e6a1c54b76be66987cf1,81b834473c647fa55f049c6ae0f9dfd5dbbd9cc291b03a5bb8dbd7a751458321
bigster_expression_hybridg150_4x4_automatic,bigster,5,1249,true,summary|technical,16798742db618d267d382f988b14b6c303113ed95b8126e0ccd8e5fab24559c6,160429515d93bb9cec588925d8e022927cf1368dfb9f36941384a39c9600ea09
bigster_expression_hybridg150_4x4_automatic,bigster,6,1293,true,summary|technical,56ef46b1538766886a86dfb03821a85ed586bc9f6367560a08cd8d2304f82399,492ea1629f334ecd7c4a171630913d2eb226110a5dff655832a3677637256dd2
bigster_expression_hybridg150_4x4_automatic,bigster,7,500,true,summary|technical,c898ea69114471fe0c0333741494b8fe708a6f26721467914f7f8724134187d4,7c00f259e383c27ba1a79fac6df239bffa47cdfbdf2b0525c24238e760f1741e
bigster_expression_hybridg150_4x4_automatic,bigster,8,758,true,summary,37d0e7bfad9297af5c5b8cc90800bf0bad15ffe56656dd077e9226963c5ea4f2,fe6f3ed0a0e6e05c2e23c1c20f88dc21ed270f3e6214b62613dd800617eb37db
bigster_expression_hybridg150_4x4_automatic,bigster,9,1030,true,summary|legal,ec9505ad7b1d094b9b1663b91c6521abe1a7c275465dc510707f0239c2209886,45bc3012854093fdb5727b0874a83e06e037ed8104a6050e5e058e8abda9b8ed
bigster_expression_hybrid155_4x2_automatic,bigster,1,338,true,summary,4f501e44bb7702a83ed689d7cd540039b92141a8322aebfa2d0cae3e9fd3c3cf,84cb7080707920fc2b74184e81d07e1a5932a4b583adb1436aec349573c06a30
bigster_expression_hybrid155_4x2_automatic,bigster,2,590,true,summary|design|legal,baa26ea05fc827e52182ab827b7c5d545eddad9f2fbafc57dc5a1b15059fc8c7,0a866b41d9da2c917f9eadae4f8c96ec0fc2eef331530dd7d30acb692573df36
bigster_expression_hybrid155_4x2_automatic,bigster,3,1628,true,summary|design|standard_equipment,bd839d18e8a1d3c9b434eeb5475eea590b4c70d5362353acf2db3269046980e1,2967b832be09e33affd5f53a3ac169db92f8eecb3d96a1a489b7bdea6b9ad342
bigster_expression_hybrid155_4x2_automatic,bigster,4,1570,true,summary|design,f104ffbb8e5e1f2afff734ff8fdcb01d1e5be2b5e2dd748825de22ae25c3595a,71e06f83994e89caecd9e93e11343e3e45f296474922f1b3847564b7ca3e00c1
bigster_expression_hybrid155_4x2_automatic,bigster,5,1268,true,summary|technical,0f0fb7dbe4fd95cedefa008275739c65ade4eccd6ceac5407771805165e0d0ba,ea444eac648cd1b8573f7784f30f0f4d7f9b9b6feb4645bd0f145e6ebd96bdf6
bigster_expression_hybrid155_4x2_automatic,bigster,6,1284,true,summary|technical,c6594d6bd8bfbd010b6215009c7f858049e5e1ca306165082f495154bc7bddf4,e41eb0b72e856daa1cacf532322fbac5ac232eceeeab480d5d715c6edac1d9ef
bigster_expression_hybrid155_4x2_automatic,bigster,7,500,true,summary|technical,7cc93108694d0613e04b0829cca76abfed81cfc64fb4714ac275131d7e8d17dd,8ffc810e4983dec790200508c5e5b4a0ed711718ccd754a6ef2121d4b4d76d3f
bigster_expression_hybrid155_4x2_automatic,bigster,8,758,true,summary,d18d4ee5a700597337aed6a62cd04f638b66befd3dd0807b9d3d703a42cbf78a,a9f3217da84ee62076c68240e04f31c011b91c583dbba18f545c5962bd996dbe
bigster_expression_hybrid155_4x2_automatic,bigster,9,1030,true,summary|legal,c4f43a3fce16ddd21b26d49cf04aad36d1f6f9c1bb9d654437ff9eb569e693a0,438d538ffb4b7a7b0ad579c234588b8df07130f905935963fcb88bf4558f770e
bigster_extreme_mildhybrid140_4x2_manual,bigster,1,339,true,summary,491ef685ec58bb636facf2aaee390ca3d0e9a2035c391090a053c081e1a06224,4ede8fe7c62049dd9615c54e457c46454805d5373d52b6d32a5d81a7629c1a71
bigster_extreme_mildhybrid140_4x2_manual,bigster,2,587,true,summary|design|legal,84a767aff7c5262ed42a0cf8a984d1749c37b1ce66c99c2f197d7815bd1fbace,fd3727d430ccff0ba4f7703684e76cd92878dcafd00632886b4985c5fde0f08a
bigster_extreme_mildhybrid140_4x2_manual,bigster,3,1736,true,summary|design|standard_equipment,6c414e948c5ec89a84224834f1e0d19a6d2bdf068fac5bb9177b0f620d281455,1b138a3c2bccd9433a09f15b4ac1e95865ec3a20efc96609e76178c006f1ca48
bigster_extreme_mildhybrid140_4x2_manual,bigster,4,1671,true,summary|design,d8a6393f6bbdcf8efff3fd95dcc74aae8a414eb1ebf0e0b1f5ea7a254ece13f6,356699c62d422a386c8b5e7245e5ccb4badeb399dc261e0b643a4ce09cc6b8e0
bigster_extreme_mildhybrid140_4x2_manual,bigster,5,1269,true,summary|technical,4498c9b38b629264ddb1620f097fe8af8310524260072f3ae744e57cbc3a7d7e,f2a7fe258f15ad1d4654ced18f39e2e7213971ac5b15ccba83b23ed95f758861
bigster_extreme_mildhybrid140_4x2_manual,bigster,6,1291,true,summary|technical,cb7ee1bdb8428c3b59797bcec8d93df23e1e9dccc8c419445c0153b75ab1e9bf,52c8331fe6cc35b066a050992e1591c4f86f9ec1e50a21d1a437086866400fdc
bigster_extreme_mildhybrid140_4x2_manual,bigster,7,500,true,summary|technical,289df9a933e2a4dc3f7c16859def5dc436bc41894b9aa540838fb2b8de7fddbd,8d8fdb2991fad37de00b3a35514492a9a9abcb96e737ee61f88526574eeec48d
bigster_extreme_mildhybrid140_4x2_manual,bigster,8,758,true,summary,67996a10f2715e215759181d09eecb9ffa888425f6236f125adb2c434b59e634,3a448aca416bfb3a07095cfe1c3942f1af459e1990d96e75651a21ec644ae47b
bigster_extreme_mildhybrid140_4x2_manual,bigster,9,1030,true,summary|legal,43c44b191a70e55a960474398a68edaa996e9d6e58aad937d3e62242ea1a714b,1a32044d1c5c65159828c2871f9752f14ce4b9f101e270f30975f7fb8e72c2f6
bigster_extreme_mildhybridg140_4x2_manual,bigster,1,335,true,summary,842c39ce75bbc51d434b25f2148ceece20956dc020c13aa26c2ca4c0253dd531,12c624be80e6e0feddaae8b3fc111fc1de9f9329a52a607ba342432569c60c38
bigster_extreme_mildhybridg140_4x2_manual,bigster,2,589,true,summary|design|legal,8ac71eb4b94421417048913277eebea62fc5d954abcc7c7424fec324f5289882,76080b616e8fc449b527390b3a38b0b7d70ca85bacdf1048bf8c8d5c45f7a5fa
bigster_extreme_mildhybridg140_4x2_manual,bigster,3,1761,true,summary|design|standard_equipment,00dbae619a9e8205448c9d3695d7adb121d1d7f0057be95e044470155d42eaed,422c94a84e2b340cbc0343f8ee2a058f493bbb1638eb811395f893a30cd2f4ce
bigster_extreme_mildhybridg140_4x2_manual,bigster,4,1671,true,summary|design,0e38b5b1cb7c0fe9d0e14841664d8711699bd84fb632f6aab6093d419ef3f04a,8d960b1d284ea465443b4f7b54d0f531c9d472c718a219044bf44e7e95e88333
bigster_extreme_mildhybridg140_4x2_manual,bigster,5,1270,true,summary|technical,d06194e0780613672a6c1effb7e13a19c7f3bfac13e91fcbfab087da032e18f1,68cc15606501157e8028c46725315f82e074552a90c9a374bd6cb5f09672760d
bigster_extreme_mildhybridg140_4x2_manual,bigster,6,1277,true,summary|technical,67eb2e61394dd76e35c8c01026b26e06ecb93b2fc308275317c51748394a2570,6c967b2cfee69bf64cc3ca48f99f82ec82876d54260fc78c67851612d5494daf
bigster_extreme_mildhybridg140_4x2_manual,bigster,7,500,true,summary|technical,ea656b585dc47837cc408bd94f1880feb871299c16d2bd370740a4dd416fc0de,1a762c23671c0aa633ebc61412346a85443abebc3813840db839cead9a4c7ff2
bigster_extreme_mildhybridg140_4x2_manual,bigster,8,758,true,summary,842b9dafdb012a3efa6c8dc8421056a0fd5ed3bc7bd41493183b95742aa1d653,7dc17d9e97c28c942266e01f159891435ba4b15cfe411f85e24e91a3d76957bd
bigster_extreme_mildhybridg140_4x2_manual,bigster,9,1030,true,summary|legal,7a95e0f1be9d8171c5c38a50d1e2d69d59aa962f9e8799cd8a3749b03aa6c980,e17b5e7130bb98c43ca15bfc0c80a8df59497cc9bbb408dadda07860e8a5ca8e
bigster_extreme_hybridg150_4x4_automatic,bigster,1,350,true,summary,edb8605c583812e8a61f4556858472473b4dfaf4b59368c48cf49ef654e1e917,b69fe991f9e5fffbf6eb360ceb08f21abf1b44a05a86bdfe54698f403478fed8
bigster_extreme_hybridg150_4x4_automatic,bigster,2,588,true,summary|design|legal,bb4180946bd89df9add524544c4086f25feac577aa001b853cd6a5bf84b0c67f,f6e98815aad5286a3b479d2ed3347126840c1a65ff59c7aa41d16492081769c7
bigster_extreme_hybridg150_4x4_automatic,bigster,3,1784,true,summary|design|standard_equipment,2fba05b9e76ae47eb486c0969456e8b4c6394d54b9eb0761c6f54097ad8ed963,204fad9d585cbed6dd85778d51708ef7cdcdebaa7817abd7ee59f1b6f6037ae5
bigster_extreme_hybridg150_4x4_automatic,bigster,4,1653,true,summary|design,376c4b44f9d9f89f244bf4d6e9ed864fcc65b2f4ca132d3f39e03a97f6e6dc0d,7b24b55378c4d142721b7e6a6e24761effa68e6c664492e8aac8652bbd451bb1
bigster_extreme_hybridg150_4x4_automatic,bigster,5,1249,true,summary|technical,b1233d2b092814c7ab93ea3ab254571bcc58b8f8bafb9212cb7d21b425d7c20c,ea79b26903bf0ec9d9e052e08b45a0aed8fff30c58dc5454f41bc28d15bf6c1b
bigster_extreme_hybridg150_4x4_automatic,bigster,6,1293,true,summary|technical,d6beb392286ef9856f6f9f121baa72aaa8e1fd742404e3337d2cb3b445605565,ea65266a45e631d93991c83aacba9f98787a0f07b3a46cb8fb57d284be78e9fa
bigster_extreme_hybridg150_4x4_automatic,bigster,7,500,true,summary|technical,ce9012c538635e379b4ce1d8d5fd60d6fb0ad03f678fceae17d9f4dc8b6ae27c,5d3c726ae82d764404a360fe0f774f50a1105627b548c8f215f93ada180d5cde
bigster_extreme_hybridg150_4x4_automatic,bigster,8,758,true,summary,dc256bb0575dd1d72f3d742f3f6e10c8c5249bbcbfd0789b99f2ba1051232fdd,c86fb4f4dd2c42121f36315371b0485ec1b31a239d08cf0e2a11a5c8f3ba44d3
bigster_extreme_hybridg150_4x4_automatic,bigster,9,1030,true,summary|legal,e2ddee6492c6396b36298939d7a8ce5f90e03012bae5f91d7a977b6f7e861d6d,ce610e61ab13e912996e22e681ceeba969880d5c1a1735f89576956e13e7cf20
bigster_extreme_hybrid155_4x2_automatic,bigster,1,335,true,summary,225b402ceaeed4fbed65dde345eb59a7e46f07e5c7034e0aa69035c8b83ac80d,78fdd67eac6f32361c9f98944219ede346eebac2c8fede6a4dcf257dfdbe6c8f
bigster_extreme_hybrid155_4x2_automatic,bigster,2,582,true,summary|design|legal,54f5df9caefbe5323c4ce2d5ae550eacd2fd709dc377bb2ebb7f9f5b813d79d7,a52c8aeae813f6211bcde5f1ceea2afcf2ac823e4ffcc62c231362a4aee5990e
bigster_extreme_hybrid155_4x2_automatic,bigster,3,1722,true,summary|design|standard_equipment,360f61de946907f127d8e5b90a693a596c7559827d01f2acfc60217e65540874,e267a116015caf83bcd5833f797f90e8ae5f67bf3b3bbcbf53418bb2d7ed14b7
bigster_extreme_hybrid155_4x2_automatic,bigster,4,1671,true,summary|design,7477c6588443ddd6383d12b5924aed23b2bcc2f90c7735fabdadaf1739413fa7,c845e0daf2ae97d5ae17be941a7fb8acc60af3fe1987d667b9df316ad7d286e7
bigster_extreme_hybrid155_4x2_automatic,bigster,5,1267,true,summary|technical,6b685c38913e05bee7cccab568a7508114ee3186379a684cfb3061f5273fb3b8,05e933beb91e7391b730a204b2eb1940ac7920944c8ae39ef071d398a0a85984
bigster_extreme_hybrid155_4x2_automatic,bigster,6,1284,true,summary|technical,9c7d3b11c66a52e031a049fcaf345e931b3f3fd155872d214830c38dd33179f4,0abd49afe16b8a19ad4b07d9596106f9f68b0dff7ada5ec1ed5d70f9bee08cf8
bigster_extreme_hybrid155_4x2_automatic,bigster,7,500,true,summary|technical,be544784e7cd7831b8e38949ceb5f427d8a35ca374d77a5063c645ddf0073cc9,ca33be7fcb6c89c9a25cefe39ea772fa8ae5938963d7bbc73b358b86c4a7b47e
bigster_extreme_hybrid155_4x2_automatic,bigster,8,758,true,summary,834f69a59abdac3ea690a70e0df33900afdae30cc8559ab088c1e1da1e85b755,745e364e6f31fad36e46060e0af68dc1e08d4fb06088fa09a86ba3a9418fb3a5
bigster_extreme_hybrid155_4x2_automatic,bigster,9,1030,true,summary|legal,af6c31db56931ce955cabbf5a4ec91323b6bb6b654295d6ec6b4da647e21cacc,ffb3ae9cd2393d2965d2121ce9154227e3c72a2656a20808347703240501fdcb
bigster_journey_mildhybrid140_4x2_manual,bigster,1,339,true,summary,3a7f033df38627565bdea2f237fccf64b849301b105bec5e3fc4457b84a4b4fc,42f8dc8f9740546a35c46849e5c5cc5e17020465156483433363f12043c3a26f
bigster_journey_mildhybrid140_4x2_manual,bigster,2,592,true,summary|design|legal,1b5478a0f654e85cf03e9d8e3e29ebd2145cefbd33034239ea27a2e8fff14ed6,a426e28d750962ab4cd26f2efd5a097d260167367d8502248801f9360770c7f5
bigster_journey_mildhybrid140_4x2_manual,bigster,3,1773,true,summary|design|standard_equipment,337dd13b9df03ddb75b64eb53a01c4c831bb2ad90f27325825770dd45f122d2d,0f3daa49e2a075541ce3f020e0dd372463a4872c62766a16b18b4059637f9322
bigster_journey_mildhybrid140_4x2_manual,bigster,4,1633,true,summary|design,56a13b2b93c2991d8d80c3e272ab45a3917b1359edbe4676bcaf282bdc2a31b1,17d6874777df570250b0ce501b603301399176dc8b0d4e37e672a860396c99b2
bigster_journey_mildhybrid140_4x2_manual,bigster,5,1269,true,summary|technical,d41d3ffae8ff436c103bc75433eebe8345dd086032055b6e88ad2dd5045ecd45,2f4294d4812116e0df4c817f59f2be1727c7440d7843b4982bc7d43441efd447
bigster_journey_mildhybrid140_4x2_manual,bigster,6,1291,true,summary|technical,6fe771a1fd9621a4697134cb343e0487cfb9eff85e2231c8325450c415927960,0e13e4402e22e015decd1fc5a1d0226f12e3d292f0a7cdbebb1b8a06a86be762
bigster_journey_mildhybrid140_4x2_manual,bigster,7,500,true,summary|technical,4540a35058bddacbe725defcdc82fbb62a036f0a9167917a105ec242254a9fe3,ae546a72fb9d76843935585cfc405876d82cbe2bbab9b8b2028bef8751ae5e98
bigster_journey_mildhybrid140_4x2_manual,bigster,8,758,true,summary,feb56ebbe675bda52a5bb9b52b6a0f2d4da65e34ed28cabe261902cb079a859d,82a5aa93ab74c787297de14c3c8ce112fd52bc72d00612a4de8ecfff5177ad68
bigster_journey_mildhybrid140_4x2_manual,bigster,9,1030,true,summary|legal,53a9340a51b6219d9221ce0a6c64955c9561b8f95967710a84a9487052c31e4d,bcb954907327357e5900d1c803ed36da287526fb1686eff7d5f4652087bc73f5
bigster_journey_mildhybridg140_4x2_manual,bigster,1,335,true,summary,217f955b9017bc8ad712fd6dd1999486b316461ec81af0650608207cf711d778,5d4732cb942c093cd2a8e69d31b9cc29c9bd326ec6a10d39e89d03748471d2a8
bigster_journey_mildhybridg140_4x2_manual,bigster,2,594,true,summary|design|legal,580fc38ea8f5bd34373d8b2536d2ba5843340f69e053656116d6a90b4eac2401,a93d56185337f0c4fce582a2b1a82b4207a0fa4a317ff0a2226d1f8fa5f159ee
bigster_journey_mildhybridg140_4x2_manual,bigster,3,1798,true,summary|design|standard_equipment,eca039bcaa19bd1b147e3bbae8ba857328f1984d6d270f79712dfe1f0aac133b,207935ba4c0ea4575bda18bcd0eaa42a268e429a84cf42d511d6976450fd331e
bigster_journey_mildhybridg140_4x2_manual,bigster,4,1633,true,summary|design,94b9da13dd4949479f4dbcaddcf8d8511e2b592b94f77f6c7b91e4cb24b16be2,c75b68877147f7f7e41a825fbe7136339c3efcb38aa3d1e72e81dd3dda3fa14f
bigster_journey_mildhybridg140_4x2_manual,bigster,5,1270,true,summary|technical,a012794b7d93cc6627a97e8f84729350092e8ad75a5a0ab70057f3365c30853e,3384368927a1ddfcf38b7a8e99aefbf3ffd4476f3aedb360f8d776bd1926ffb1
bigster_journey_mildhybridg140_4x2_manual,bigster,6,1277,true,summary|technical,75b701cdb29eb2f64f57ffcd94c3236f41be3564901d07c55e66546135e0b750,4e2848012660cdf1fd85b25ffefd286a78a489a6ab0929e019d8ff99e2ed8491
bigster_journey_mildhybridg140_4x2_manual,bigster,7,500,true,summary|technical,1cbe212222e572f1151d6b92c015464b74a174fc7d1e81e8c6981c9ce15ef41e,d594c14372e58663ecd49a51d63300bc354f29656f940a7f3e4d6e07cabbac02
bigster_journey_mildhybridg140_4x2_manual,bigster,8,758,true,summary,7ecf81a29912a1f468615dac484c5e3a12ef604c3aae88753d8a5e1b0e850bc6,397a29666c86b03e28580d91f5b4d7bcfa98d82d98a93dd51514dd78fafcf2a4
bigster_journey_mildhybridg140_4x2_manual,bigster,9,1030,true,summary|legal,1bc075057559225609551d2c8a9481c758a5131e3aee14bdce023d539eb6158d,33af577fa1535ba70b015a60520ff9c0e82a158dc5f8f8f34177ddb1472db7d0
bigster_journey_hybridg150_4x4_automatic,bigster,1,350,true,summary,6d5ce46b22eaefbe14fdb7ad9f85e9c9f5bfdc9a27e7c7171860db4becdbaf31,76083e29fb8d8ead4b3bdf23a6bf22ccd2e4335e546dac4191b4c5d715cee611
bigster_journey_hybridg150_4x4_automatic,bigster,2,593,true,summary|design|legal,5c05312cc7dd9619fb65e00f9f68bf79b452b792b220599177abad7d06369e32,ed2466607b387538c78f2071b21fbcae74381e74363e82644cb9ee74a8942186
bigster_journey_hybridg150_4x4_automatic,bigster,3,1821,true,summary|design|standard_equipment,1c2848e3bfea56b7e78c6b05509649337308185ea2e55651e500914419770e78,27df3fdf53b382625f9ee3d2b8366bdd193129a03daf4590d99be5c583b03c2a
bigster_journey_hybridg150_4x4_automatic,bigster,4,1657,true,summary|design,b62696609e39524f7672892ccd9bd425a50908249c3fa051afa7ae3ebf764c35,ca3b9c4fadc4f2a81b605073a077200963c9c4366a70a19485b0b61d839f72e2
bigster_journey_hybridg150_4x4_automatic,bigster,5,1249,true,summary|technical,0948a51291eddd71ca99c1221d44594db91c1961a9b8227c7d3f862ec4b98507,15494d38cb5bde64346330697a235de2e3a3ed42049bca1af3136ff0e19cfb80
bigster_journey_hybridg150_4x4_automatic,bigster,6,1293,true,summary|technical,a94feee18fce14c6d208120791046716864256bdae9c0dcd0a10321a8351906d,da4e06d30010674e54ba151101679d45733329b5206a685d42f2f8f5b53b87da
bigster_journey_hybridg150_4x4_automatic,bigster,7,500,true,summary|technical,7d55d41f58ae6187d23db13a8bff73e5acae54d856f44ab91f0e1b2334056565,180c52a562117682a2f3b5591bfee5621bce70dc889cd8236ec3459a3c726aa5
bigster_journey_hybridg150_4x4_automatic,bigster,8,758,true,summary,3ac89f612611167273c256b793c17b9af9a7c63d97e4c43a2618d4d9ec533851,8519abec50d70e62467cf285dcdf580e40230eff80345f05b74d7c460ffdd1be
bigster_journey_hybridg150_4x4_automatic,bigster,9,1030,true,summary|legal,c08c8a6f1e8bb37f21867ef6134fc0062bca82a855d97c3707d5e9e764130896,0309c2b627ba285bcc4125df68fff1141c8c4116fd86bfc9f5d4af0b81acf8b3
bigster_journey_hybrid155_4x2_automatic,bigster,1,335,true,summary,8eda4695ea12c37f3abc7e88d89e29c277b66123cf145453f196b4ceea41f95c,bfd8b78385fb190c9459dd5f9b341c91f1431a77523bc0742b8123fb4ca5266f
bigster_journey_hybrid155_4x2_automatic,bigster,2,587,true,summary|design|legal,ff00be4001e3c0c578fcd7614355c6433557fcfee1bfb758f5aa8c8ceec0fb26,68648f50ed26a60acfc6665002f885299698c79cba7cc2413f8406168b3ee1db
bigster_journey_hybrid155_4x2_automatic,bigster,3,1759,true,summary|design|standard_equipment,8d742296e872b37d0d3dfe3784ede4aef50a99e0366fe8e202afbc531cdf9fbc,2350d897a2016d668cfd7e4302330826470900250e38dbe73adc4ecbdf512e75
bigster_journey_hybrid155_4x2_automatic,bigster,4,1633,true,summary|design,e38393b2957fbbe3c90edda3b99028c249d7395d378ef036f6a67264e5c92a3c,c7e2569c5eda5e1fca7c7c47aa79ccf6d7a5b90039d8997479f65327baff2e34
bigster_journey_hybrid155_4x2_automatic,bigster,5,1267,true,summary|technical,bd244a6acf5e2b9651c573ecdc05dfe3915d6b08790f0b3f95ffa7c75ef3723f,7efcfae7533a71bac3c54855e28ab15b4304dc6dcf67bce4c296faaa879537a6
bigster_journey_hybrid155_4x2_automatic,bigster,6,1284,true,summary|technical,ab31570e574c211a1599c86185fde754bbb07da5f8d0d832802de992e4341464,fb2d0bb2ac298ea6b9a25de8a69a5f31fc94483afdf6184d6497a8bef58553bc
bigster_journey_hybrid155_4x2_automatic,bigster,7,500,true,summary|technical,138611e75a0c39f7fc6025de63a78baaeaa907d005dec99f1dd083621749fb3e,ac09fba56d7fbc6afa36b34104a4e69e74b30ef85df6d8b264fb2e5627e512bd
bigster_journey_hybrid155_4x2_automatic,bigster,8,758,true,summary,d2a0f03fdde85a6999ad51c9bd66d2fb67db5a0125158af466b118f3066841b2,d77f15910cfa549a4acacb8063491ca3954e0e2fe9957cf3c94163ae2fd193fe
bigster_journey_hybrid155_4x2_automatic,bigster,9,1030,true,summary|legal,a90d581fca6d726fa45d684a2c861ba845b26a9d896bf6c077fe34f7eba54525,89c1f263a21caccee6f3893612c175d39d6d7a4ca01455233bfca13ee49d346f
spring_essential_electric70_automatic,spring,1,321,true,summary,771d809646a9cd0240d3210c3ab940afe7d0a22243c67f6f52216a6ee74d3c3f,740e0ece8be3f415f2a0243cd70d25671cf2acf90fd61ffc6474065389ba7c1a
spring_essential_electric70_automatic,spring,2,530,true,summary|design|legal,1a76fe3ff53fb140fb2b44074a720a68c932e366c87b396c81346a8abd54b457,289ad8191125ea819b82c965eb476a5cff6b0b2796e95c5917d10dabbd9a7dce
spring_essential_electric70_automatic,spring,3,955,true,summary|standard_equipment,1e95d16d9535bc9b0f47a2f39d57a059530a07f2bcb85dbc1839d23f11b555ed,dd3ad966858e6317c6b356b806573fd8f781b669f7d47c5b0c2802daf338b500
spring_essential_electric70_automatic,spring,4,1500,true,summary|design,5c7edccbcd9d884293ef738289c2df1bcfa501de949de6e760fc3c3d0ae79310,411fe8684d958a266d1d712f527937f5ab3eef50f03ec37e59da5f61fd1a80f0
spring_essential_electric70_automatic,spring,5,1295,true,summary|technical,3856125c14cc39c7f43419313db8368f90662e0f78faa8c7d6fb35128d12ad3b,b2b5a66cee95369187b7ec222fe707d9542ba49b545dac6860e270407900fefa
spring_essential_electric70_automatic,spring,6,1223,true,summary|technical,3393706d3c9c26aeee54b3b3626beba8ef9f3c84160b99d6a8710301ef695d38,f431fbb4b2547f00f8b1fdc525a15366728e68130bba4d59bd38660c3983a944
spring_essential_electric70_automatic,spring,7,483,true,summary|technical,fe3e8224ec9c99ce98025f4cf3d9e10e62a6229578bbd6b2e9d29ffd16f54a8b,e3b4c59e87617439976be538fefa7d1e2336d3c86c37807f220f6fe72e5896a4
spring_essential_electric70_automatic,spring,8,758,true,summary,87be42b85709253376238edf19a81cc645beaab225cf925413454a1f8953e448,4a03c12d68eb732898ca70ffaf94637b5e5040f445f32514c0378ae4b635815a
spring_essential_electric70_automatic,spring,9,1030,true,summary|legal,5984bb2d13cfd199398571420d170f5157a4e76acc0a57385e3d089fdbb72fe5,429b2f2718e37bcfa09ef2600d42084747bd451f48c89159de76842ac9891f81
spring_extreme_electric100_automatic,spring,1,320,true,summary,fcee72a84d92e8e4bdce947c533b39434b3dc18a706b6f55a04975bc6d8d5128,25a9a3457fae7ce84c10f70a5ec0f2dd1246e8c5287786928d172a6c755d142f
spring_extreme_electric100_automatic,spring,2,553,true,summary|design|legal,f8160cbad314e57bf0004839a52345536b91fc36352405f0be90612c5c0c940f,0dbcdf1c8058b999cf8acdd45544930cc9f8e304242a0e0971c6dd3ac39f7195
spring_extreme_electric100_automatic,spring,3,1027,true,summary|standard_equipment,75c0b707852e89869f96f813af19e41cc90f99db7de18f1f543322bb54df33ec,0523a59fd1c6722d2a2a3c5ffea97af8c6f350be010bc3ecd0f22119a532ba63
spring_extreme_electric100_automatic,spring,4,1598,true,summary|design,3c457f1f3b5e425edb1075783de759add7df63754cd6ad10fccb05a9636a90a9,ebe40565b35c61b04862e83b26ee6d963584db86192193d891f810628c222ccc
spring_extreme_electric100_automatic,spring,5,1296,true,summary|technical,da513588f353fdcfff3bea24e83b89d95d36e70823a93352a1b51c0bfff0bd97,04c55eaef421574ba08cacd79bd3a648066f32add717abc461507ca905d2aa29
spring_extreme_electric100_automatic,spring,6,1224,true,summary|technical,f5465975d23d2f658bfb50c72f2dacb9edd1175452b3c1ec56f2d441bb52cd30,e9d8824d4e5efeaa7d2c1dae2cc92519ac6cfbbe583bb718299e5d649bf525de
spring_extreme_electric100_automatic,spring,7,483,true,summary|technical,bbedf583d010f7236bd29ba63244bcd8b7ad119443df07b3c7417ad1bde6ffcf,6eca75a6267fe0c9dc0c332ca64fc495e409900ba5bd7db3631959ebc739a616
spring_extreme_electric100_automatic,spring,8,758,true,summary,ffeced3160cba7669ec15f0333e2378cd71d319b4d412553dba77b6908e6abcf,5e8017e4da5a171e626cf9c75de48be46af1b42953da57732523788669f7d0e9
spring_extreme_electric100_automatic,spring,9,1030,true,summary|legal,155d76983e8804652e2c523a926c6af97479fa6800687d307d27b1850cf28824,fd27f56d19b63cdb84a8c3a8bba01546a09c1b7709be4c3f65f6003bb90008ca
spring_expression_electric70_automatic,spring,1,322,true,summary,6d521be29b750bbdab3bb044ccff92bdc971d3e373111ec07e70b9c969d28404,ade202febd3c8c1739342d7c47bf651b35c650796fecfb69f0a5c41272f7beb4
spring_expression_electric70_automatic,spring,2,550,true,summary|design|legal,ca6c1e7f2a63105fba3778bd8d26ddd73ef899071237c4b6648e50311741dc8e,ba9dc5d8a3c247bd46f6f931a0198e14986037e076370bf75d7d3d5a156fae06
spring_expression_electric70_automatic,spring,3,988,true,summary|standard_equipment,deeabdf241c09aa97048faa21ba6053023c624576483a3b6e3ebe4ccc0423a0e,30763364f87115ad2f250f4cecb69c2022bae3839fe283094461386bbb1f5a4c
spring_expression_electric70_automatic,spring,4,1561,true,summary|design,ca9b833870d53c5bf2cf6dccc3186a325605995351899809f1062a8720303fc3,61f662624f40efc10dd9e29076eae95d2b20c8367afb0706f314d7b6c0b0ee11
spring_expression_electric70_automatic,spring,5,1296,true,summary|technical,1a025cb2be82b16e92c5f6b644ba13bcfb40ea3dd6b78f5022a08efe1092aef2,1fd3f3a23d97500bd6a1513df2c49f57716ee2e9b99fab67d2511fed5bb187b4
spring_expression_electric70_automatic,spring,6,1223,true,summary|technical,888a7a451cb78ff87922b1aa132d656011c66ecc0fb158d70fac3e4de78f3efa,dd0dd23dc74050e923e9c2dd51b8640f8536ded5e05b26fafe1d09ee846471c6
spring_expression_electric70_automatic,spring,7,483,true,summary|technical,f02ce28df9647403761ae19bd106568e7df0cbce8cd30ca52969af01ba7cd406,e780bdabc9fb0533f78bcf88414e1dcce6a0920a0db18139b9465af6d636546a
spring_expression_electric70_automatic,spring,8,758,true,summary,4a021b529357a069000ea55e05da438998db61e4a0f8366ce7887cdaa459c771,799ae6a5585fe6c1069b6a71b2900323a76170a9aa9df92d8283a02f271ca81e
spring_expression_electric70_automatic,spring,9,1030,true,summary|legal,9ca30362747566994a7af784aa212f93f9d6fe22cee27bd3d6d5ec2c89a07f7a,85c8a74048dd7f7ec87c6d73d26099c3cfaa2857cfb0193492e91eb1bc90adcd
